index,name,task,concept_cluster,name_prefix_cluster
0,carnival-ocean,multihop,multihop:Brazil,multihop:carnival
1,amazon-language,multihop,multihop:Brazil,multihop:amazon
2,mars-color,multihop,multihop:Mars,multihop:mars
3,spider-legs,multihop,multihop:spider,multihop:spider
4,basketball-players,multihop,multihop:basketball,multihop:basketball
5,paper-continent,multihop,multihop:China,multihop:paper
6,christmas-season,multihop,multihop:Christmas,multihop:christmas
7,osu-rival-mascot,multihop,multihop:Michigan,multihop:osu
8,topeka-west,multihop,multihop:Kansas,multihop:topeka
9,atomic-79-symbol,multihop,multihop:gold,multihop:atomic
10,atomic-26-symbol,multihop,multihop:iron,multihop:atomic
11,atomic-29-symbol,multihop,multihop:copper,multihop:atomic
12,atomic-80-state,multihop,multihop:mercury,multihop:atomic
13,atomic-29-flame,multihop,multihop:copper,multihop:atomic
14,planet-3-moons,multihop,multihop:Earth,multihop:planet
15,month-3-godof,multihop,multihop:March,multihop:month
16,spaceneedle-border,multihop,multihop:Seattle,multihop:spaceneedle
17,rhyme-rain-neighbor,multihop,multihop:Spain,multihop:rhyme
18,rhyme-door-doubled,multihop,multihop:4,multihop:rhyme
19,rhyme-chair-flag,multihop,multihop:bear,multihop:rhyme
20,rhyme-spoon-orbit,multihop,multihop:moon,multihop:rhyme
21,etym-wargod-month,multihop,multihop:March,multihop:etym
22,etym-frigg-position,multihop,multihop:Friday,multihop:etym
23,etym-saturn-position,multihop,multihop:Saturn,multihop:etym
24,chem-photosynthesis-Z,multihop,multihop:oxygen,multihop:chem
25,chem-atmosphere-Z,multihop,multihop:nitrogen,multihop:chem
26,chem-organic-Z,multihop,multihop:carbon,multihop:chem
27,chem-bones-Z,multihop,multihop:calcium,multihop:chem
28,func-pumps-chambers,multihop,multihop:heart,multihop:func
29,func-filters-count,multihop,multihop:kidney,multihop:func
30,birthstone-emerald-month,multihop,multihop:May,multihop:birthstone
31,violin-strings,multihop,multihop:violin,multihop:violin
32,nhop-primary-planet,multihop,multihop:3,multihop:nhop
33,nhop-rings-planet,multihop,multihop:5,multihop:nhop
34,nhop-guitar-planet,multihop,multihop:6,multihop:nhop
35,nhop-compass-planet,multihop,multihop:4,multihop:nhop
36,nhop-volleyball-planet,multihop,multihop:6,multihop:nhop
38,nhop-fortnight-element,multihop,multihop:14,multihop:nhop
39,nhop-cube-element,multihop,multihop:6,multihop:nhop
40,nhop-rainbow-element,multihop,multihop:7,multihop:nhop
41,nhop-spider-element,multihop,multihop:8,multihop:nhop
42,nhop-insect-element,multihop,multihop:6,multihop:nhop
43,nhop-week-element,multihop,multihop:7,multihop:nhop
44,super-largest-country-capital,multihop,multihop:Russia,multihop:super
45,super-smallest-continent,multihop,multihop:Vatican,multihop:super
46,super-populous-capital,multihop,multihop:China,multihop:super
47,super-largest-island-nation,multihop,multihop:Indonesia,multihop:super
48,colosseum-currency,multihop,multihop:Italy,multihop:colosseum
49,greatwall-ocean,multihop,multihop:China,multihop:greatwall
50,holiday-independence-monthnum,multihop,multihop:July,multihop:holiday
51,holiday-christmas-monthnum,multihop,multihop:December,multihop:holiday
52,holiday-halloween-monthnum,multihop,multihop:October,multihop:holiday
53,holiday-valentines-monthnum,multihop,multihop:February,multihop:holiday
54,month-1-godof,multihop,multihop:January,multihop:month
55,etym-janus-monthnum,multihop,multihop:January,multihop:etym
56,month-7-namedafter,multihop,multihop:July,multihop:month
57,etym-caesar-monthnum,multihop,multihop:July,multihop:etym
58,nhop-soccer-element,multihop,multihop:11,multihop:nhop
59,nhop-chess-element,multihop,multihop:16,multihop:nhop
60,nhop-suit-element,multihop,multihop:13,multihop:nhop
61,nhop-clock-element,multihop,multihop:12,multihop:nhop
63,inv-sunrise-opposite,multihop,multihop:east,multihop:inv
64,inv-balloon-opposite,multihop,multihop:up,multihop:inv
65,inv-roots-opposite,multihop,multihop:down,multihop:inv
66,inv-antarctica-opposite,multihop,multihop:south,multihop:inv
67,rhyme-tree-squared,multihop,multihop:3,multihop:rhyme
68,rhyme-hive-plusone,multihop,multihop:5,multihop:rhyme
69,rhyme-fix-halved,multihop,multihop:6,multihop:rhyme
70,rhyme-shoe-doubled,multihop,multihop:2,multihop:rhyme
71,tajmahal-continent,multihop,multihop:India,multihop:tajmahal
72,louvre-language,multihop,multihop:France,multihop:louvre
73,firstletter-halloween-month,multihop,multihop:October,multihop:firstletter
74,firstletter-valentines-month,multihop,multihop:February,multihop:firstletter
75,firstletter-populous-country,multihop,multihop:China,multihop:firstletter
76,firstletter-paris-country,multihop,multihop:France,multihop:firstletter
77,firstletter-greatwall-country,multihop,multihop:China,multihop:firstletter
78,succ-halloween-nextmonth,multihop,multihop:October,multihop:succ
79,pred-valentines-prevmonth,multihop,multihop:February,multihop:pred
80,dual-stars-visible-opposite,multihop,multihop:night,multihop:dual
82,roman-rings-olympic,multihop,multihop:5,multihop:roman
83,roman-states-us,multihop,multihop:50,multihop:roman
84,half-clock-hours,multihop,multihop:12,multihop:half
85,double-dice-faces,multihop,multihop:6,multihop:double
86,letterpos-water-symbol,multihop,multihop:H,multihop:letterpos
87,letterpos-oxygen-symbol,multihop,multihop:O,multihop:letterpos
88,letterpos-carbon-symbol,multihop,multihop:C,multihop:letterpos
89,letterpos-nitrogen-symbol,multihop,multihop:N,multihop:letterpos
90,dbl-armistice-antonym,multihop,multihop:war,multihop:dbl
91,dbl-obituary-antonym,multihop,multihop:death,multihop:dbl
92,dbl-altitude-antonym,multihop,multihop:high,multihop:dbl
93,parens-add-mult,order-ops,order-ops:5,order-ops:parens
94,parens-sub-mult,order-ops,order-ops:5,order-ops:parens
95,mult-parens-add,order-ops,order-ops:7,order-ops:mult
96,mult-parens-sub,order-ops,order-ops:3,order-ops:mult
97,add-mult-right,order-ops,order-ops:12,order-ops:add
98,mult-add-left,order-ops,order-ops:12,order-ops:mult
99,sub-mult-right,order-ops,order-ops:12,order-ops:sub
100,mult-sub-left,order-ops,order-ops:20,order-ops:mult
101,add-sub-left-right,order-ops,order-ops:15,order-ops:add
102,sub-add-left-right,order-ops,order-ops:10,order-ops:sub
103,div-parens-add,order-ops,order-ops:5,order-ops:div
104,parens-add-div,order-ops,order-ops:15,order-ops:parens
105,parens-sub-div,order-ops,order-ops:12,order-ops:parens
106,div-sub-left,order-ops,order-ops:4,order-ops:div
107,chain-add-mult-add,order-ops,order-ops:6,order-ops:chain
108,chain-mult-sub-add,order-ops,order-ops:6,order-ops:chain
109,chain-sub-mult-sub,order-ops,order-ops:6,order-ops:chain
110,nested-add-mult-sub,order-ops,order-ops:9,order-ops:nested
111,nested-mult-add-div,order-ops,order-ops:12,order-ops:nested
113,word-add-mult,order-ops,order-ops:12,order-ops:word
114,word-mult-sub,order-ops,order-ops:15,order-ops:word
115,word-parens,order-ops,order-ops:5,order-ops:word
116,mod-add,order-ops,order-ops:11,order-ops:mod
117,mod-mult,order-ops,order-ops:16,order-ops:mod
118,square-sub,order-ops,order-ops:3,order-ops:square
119,mult-mult-left,order-ops,order-ops:6,order-ops:mult
120,div-div-left,order-ops,order-ops:6,order-ops:div
122,div-mult-left,order-ops,order-ops:4,order-ops:div
123,mult-div-mult,order-ops,order-ops:12,order-ops:mult
125,sub-sub-sub,order-ops,order-ops:15,order-ops:sub
126,add-sub-add-sub,order-ops,order-ops:13,order-ops:add
127,chain-mult-mult-add,order-ops,order-ops:6,order-ops:chain
128,nested-add-add-mult,order-ops,order-ops:9,order-ops:nested
129,nested-mult-sub-add,order-ops,order-ops:7,order-ops:nested
130,nested-div-add-sub,order-ops,order-ops:8,order-ops:nested
131,nested-sub-div-mult,order-ops,order-ops:3,order-ops:nested
132,nested4-add-mult-add-div,order-ops,order-ops:12,order-ops:nested4
133,nested4-sub-add-mult-sub,order-ops,order-ops:12,order-ops:nested4
134,redundant-parens-mult,order-ops,order-ops:6,order-ops:redundant
135,redundant-parens-div,order-ops,order-ops:3,order-ops:redundant
136,word-sub-mult,order-ops,order-ops:6,order-ops:word
137,word-add-add,order-ops,order-ops:7,order-ops:word
138,word-div-sub,order-ops,order-ops:5,order-ops:word
139,mixed-mult-add,order-ops,order-ops:12,order-ops:mixed
140,mixed-parens-mult,order-ops,order-ops:5,order-ops:mixed
141,mod-sub,order-ops,order-ops:9,order-ops:mod
142,square-div,order-ops,order-ops:3,order-ops:square
144,pystar-add,order-ops,order-ops:3,order-ops:pystar
145,pystar-sub,order-ops,order-ops:4,order-ops:pystar
146,floordiv-add,order-ops,order-ops:11,order-ops:floordiv
147,floordiv-mult,order-ops,order-ops:10,order-ops:floordiv
