item,group,domain,intermediate,own_pass1_fit01,c79_pass1_fit01,c7_pass1_fit01,e79_pass1_fit01,e7_pass1_fit01,own_pass1_raw,c79_pass1_raw,c7_pass1_raw,e79_pass1_raw,e7_pass1_raw,own_pass2_fit01,c79_pass2_fit01,c7_pass2_fit01,e79_pass2_fit01,e7_pass2_fit01,own_pass2_raw,c79_pass2_raw,c7_pass2_raw,e79_pass2_raw,e7_pass2_raw,own_pass3_fit01,c79_pass3_fit01,c7_pass3_fit01,e79_pass3_fit01,e7_pass3_fit01,own_pass3_raw,c79_pass3_raw,c7_pass3_raw,e79_pass3_raw,e7_pass3_raw,own_pass4_fit01,c79_pass4_fit01,c7_pass4_fit01,e79_pass4_fit01,e7_pass4_fit01,own_pass4_raw,c79_pass4_raw,c7_pass4_raw,e79_pass4_raw,e7_pass4_raw
confirmation-001,dg001,astronomy,Venus,0.0000000000,0.0000000000,0.0000000000,0.0000000000,0.0000000000,0.0000000000,0.0000000000,0.0000000000,0.0000000000,0.0000000000,0.0000000000,0.0000000000,0.0000000000,0.0000000000,0.0000000000,0.0000000000,0.0000000000,0.0000000000,0.0000000000,0.0000000000,0.0000000000,0.0000000000,0.0000000000,0.0000000000,0.0000000000,0.0000000000,0.0000000000,0.0000000000,0.0000000000,0.0000000000,0.0000000000,0.0000000000,0.0000000000,0.0000000000,0.0000000000,0.0000000000,0.0000000000,0.0000000000,0.0000000000,0.0000000000
confirmation-002,dg001,astronomy,Venus,0.0000000000,0.0000000000,0.0000000000,0.0000000000,0.0000000000,0.0000000000,0.0000000000,0.0000000000,0.0000000000,0.0000000000,0.0000000000,0.0000000000,0.0000000000,0.0000000000,0.0000000000,0.0000000000,0.0000000000,0.0000000000,0.0000000000,0.0000000000,0.0000000000,0.0000000000,0.0000000000,0.0000000000,0.0000000000,0.0000000000,0.0000000000,0.0000000000,0.0000000000,0.0000000000,0.0000000000,0.0000000000,0.0000000000,0.0000000000,0.0000000000,0.0000000000,0.0000000000,0.0000000000,0.0000000000,0.0000000000
confirmation-003,dg002,astronomy,Uranus,0.0000000000,0.0000000000,0.0000000000,0.0000000000,0.0000000000,0.9166666667,0.0052742616,0.0595238095,0.9113924051,0.8571428571,0.0000000000,0.0105485232,0.0000000000,-0.0105485232,0.0000000000,0.7500000000,0.0000000000,0.0000000000,0.7500000000,0.7500000000,0.0000000000,0.0063291139,0.0119047619,-0.0063291139,-0.0119047619,0.9166666667,0.0073839662,0.0833333333,0.9092827004,0.8333333333,1.0000000000,0.0126582278,0.1428571429,0.9873417722,0.8571428571,0.6666666667,0.0137130802,0.1309523810,0.6529535865,0.5357142857
confirmation-004,dg002,astronomy,Uranus,0.0000000000,0.0000000000,0.0000000000,0.0000000000,0.0000000000,0.1666666667,0.0021097046,0.0238095238,0.1645569620,0.1428571429,0.0000000000,0.0000000000,0.0000000000,0.0000000000,0.0000000000,0.0833333333,0.0000000000,0.0000000000,0.0833333333,0.0833333333,0.0000000000,0.0000000000,0.0000000000,0.0000000000,0.0000000000,0.0000000000,0.0000000000,0.0000000000,0.0000000000,0.0000000000,0.5000000000,0.0000000000,0.0000000000,0.5000000000,0.5000000000,0.0000000000,0.0000000000,0.0000000000,0.0000000000,0.0000000000
confirmation-005,dg003,astronomy,Neptune,0.0000000000,0.0000000000,0.0000000000,0.0000000000,0.0000000000,0.0000000000,0.0000000000,0.0000000000,0.0000000000,0.0000000000,0.0833333333,0.0084388186,0.0357142857,0.0748945148,0.0476190476,1.0000000000,0.0010548523,0.0119047619,0.9989451477,0.9880952381,0.0000000000,0.0031645570,0.0000000000,-0.0031645570,0.0000000000,1.0000000000,0.0126582278,0.1428571429,0.9873417722,0.8571428571,1.0000000000,0.0126582278,0.1428571429,0.9873417722,0.8571428571,1.0000000000,0.0084388186,0.0833333333,0.9915611814,0.9166666667
confirmation-006,dg003,astronomy,Neptune,0.0000000000,0.0021097046,0.0000000000,-0.0021097046,0.0000000000,0.0000000000,0.0000000000,0.0000000000,0.0000000000,0.0000000000,0.0000000000,0.0000000000,0.0000000000,0.0000000000,0.0000000000,0.0000000000,0.0000000000,0.0000000000,0.0000000000,0.0000000000,0.0000000000,0.0042194093,0.0476190476,-0.0042194093,-0.0476190476,0.0000000000,0.0010548523,0.0119047619,-0.0010548523,-0.0119047619,0.0000000000,0.0000000000,0.0000000000,0.0000000000,0.0000000000,0.0000000000,0.0000000000,0.0000000000,0.0000000000,0.0000000000
confirmation-007,dg004,astronomy,Pluto,0.0000000000,0.0000000000,0.0000000000,0.0000000000,0.0000000000,0.0000000000,0.0000000000,0.0000000000,0.0000000000,0.0000000000,0.0000000000,0.0000000000,0.0000000000,0.0000000000,0.0000000000,0.0000000000,0.0000000000,0.0000000000,0.0000000000,0.0000000000,0.0000000000,0.0000000000,0.0000000000,0.0000000000,0.0000000000,0.0000000000,0.0000000000,0.0000000000,0.0000000000,0.0000000000,0.0000000000,0.0010548523,0.0119047619,-0.0010548523,-0.0119047619,0.0000000000,0.0000000000,0.0000000000,0.0000000000,0.0000000000
confirmation-008,dg004,astronomy,Pluto,0.0000000000,0.0000000000,0.0000000000,0.0000000000,0.0000000000,0.0000000000,0.0000000000,0.0000000000,0.0000000000,0.0000000000,0.0000000000,0.0000000000,0.0000000000,0.0000000000,0.0000000000,0.0000000000,0.0000000000,0.0000000000,0.0000000000,0.0000000000,0.0000000000,0.0000000000,0.0000000000,0.0000000000,0.0000000000,0.0000000000,0.0000000000,0.0000000000,0.0000000000,0.0000000000,0.0833333333,0.0052742616,0.0000000000,0.0780590717,0.0833333333,0.0000000000,0.0000000000,0.0000000000,0.0000000000,0.0000000000
confirmation-009,dg005,astronomy,Ceres,0.0000000000,0.0000000000,0.0000000000,0.0000000000,0.0000000000,0.0000000000,0.0000000000,0.0000000000,0.0000000000,0.0000000000,0.0000000000,0.0000000000,0.0000000000,0.0000000000,0.0000000000,0.0000000000,0.0000000000,0.0000000000,0.0000000000,0.0000000000,0.0000000000,0.0021097046,0.0238095238,-0.0021097046,-0.0238095238,0.0000000000,0.0000000000,0.0000000000,0.0000000000,0.0000000000,0.0000000000,0.0000000000,0.0000000000,0.0000000000,0.0000000000,0.0000000000,0.0000000000,0.0000000000,0.0000000000,0.0000000000
confirmation-010,dg005,astronomy,Ceres,0.0000000000,0.0000000000,0.0000000000,0.0000000000,0.0000000000,0.0000000000,0.0000000000,0.0000000000,0.0000000000,0.0000000000,0.0000000000,0.0000000000,0.0000000000,0.0000000000,0.0000000000,0.0000000000,0.0000000000,0.0000000000,0.0000000000,0.0000000000,0.0000000000,0.0000000000,0.0000000000,0.0000000000,0.0000000000,0.0000000000,0.0000000000,0.0000000000,0.0000000000,0.0000000000,0.0000000000,0.0010548523,0.0000000000,-0.0010548523,0.0000000000,0.0000000000,0.0000000000,0.0000000000,0.0000000000,0.0000000000
confirmation-011,dg003,astronomy,Titan,0.0000000000,0.0000000000,0.0000000000,0.0000000000,0.0000000000,0.0000000000,0.0000000000,0.0000000000,0.0000000000,0.0000000000,0.0000000000,0.0000000000,0.0000000000,0.0000000000,0.0000000000,0.0000000000,0.0000000000,0.0000000000,0.0000000000,0.0000000000,0.0000000000,0.0000000000,0.0000000000,0.0000000000,0.0000000000,0.0000000000,0.0000000000,0.0000000000,0.0000000000,0.0000000000,0.0000000000,0.0000000000,0.0000000000,0.0000000000,0.0000000000,0.0000000000,0.0000000000,0.0000000000,0.0000000000,0.0000000000
confirmation-012,dg003,astronomy,Titan,0.0000000000,0.0063291139,0.0000000000,-0.0063291139,0.0000000000,0.0000000000,0.0179324895,0.2023809524,-0.0179324895,-0.2023809524,0.0000000000,0.0221518987,0.2500000000,-0.0221518987,-0.2500000000,0.0000000000,0.0105485232,0.1190476190,-0.0105485232,-0.1190476190,0.0000000000,0.0000000000,0.0000000000,0.0000000000,0.0000000000,0.0000000000,0.0084388186,0.0952380952,-0.0084388186,-0.0952380952,0.0000000000,0.0453586498,0.5119047619,-0.0453586498,-0.5119047619,0.0000000000,0.0052742616,0.0595238095,-0.0052742616,-0.0595238095
confirmation-013,dg003,astronomy,Europa,0.0000000000,0.0000000000,0.0000000000,0.0000000000,0.0000000000,0.0000000000,0.0000000000,0.0000000000,0.0000000000,0.0000000000,0.0000000000,0.0000000000,0.0000000000,0.0000000000,0.0000000000,0.0000000000,0.0000000000,0.0000000000,0.0000000000,0.0000000000,0.0000000000,0.0000000000,0.0000000000,0.0000000000,0.0000000000,0.0000000000,0.0000000000,0.0000000000,0.0000000000,0.0000000000,0.0000000000,0.0000000000,0.0000000000,0.0000000000,0.0000000000,0.0000000000,0.0000000000,0.0000000000,0.0000000000,0.0000000000
confirmation-014,dg003,astronomy,Europa,0.0000000000,0.0073839662,0.0000000000,-0.0073839662,0.0000000000,0.0000000000,0.0000000000,0.0000000000,0.0000000000,0.0000000000,0.0000000000,0.0126582278,0.0000000000,-0.0126582278,0.0000000000,0.0000000000,0.0000000000,0.0000000000,0.0000000000,0.0000000000,0.0000000000,0.0021097046,0.0000000000,-0.0021097046,0.0000000000,0.0000000000,0.0000000000,0.0000000000,0.0000000000,0.0000000000,0.0000000000,0.0105485232,0.0000000000,-0.0105485232,0.0000000000,0.0000000000,0.0000000000,0.0000000000,0.0000000000,0.0000000000
confirmation-015,dg003,astronomy,Io,0.0000000000,0.0000000000,0.0000000000,0.0000000000,0.0000000000,0.0000000000,0.0000000000,0.0000000000,0.0000000000,0.0000000000,0.0000000000,0.0000000000,0.0000000000,0.0000000000,0.0000000000,0.0000000000,0.0000000000,0.0000000000,0.0000000000,0.0000000000,0.0000000000,0.0000000000,0.0000000000,0.0000000000,0.0000000000,0.0000000000,0.0000000000,0.0000000000,0.0000000000,0.0000000000,0.0000000000,0.0000000000,0.0000000000,0.0000000000,0.0000000000,0.0000000000,0.0000000000,0.0000000000,0.0000000000,0.0000000000
confirmation-016,dg003,astronomy,Io,0.0000000000,0.0021097046,0.0000000000,-0.0021097046,0.0000000000,0.0000000000,0.0210970464,0.2380952381,-0.0210970464,-0.2380952381,0.0000000000,0.0189873418,0.2142857143,-0.0189873418,-0.2142857143,0.0000000000,0.0179324895,0.2023809524,-0.0179324895,-0.2023809524,0.0000000000,0.0000000000,0.0000000000,0.0000000000,0.0000000000,0.0000000000,0.0116033755,0.1309523810,-0.0116033755,-0.1309523810,0.0000000000,0.0506329114,0.5714285714,-0.0506329114,-0.5714285714,0.0000000000,0.0052742616,0.0595238095,-0.0052742616,-0.0595238095
confirmation-017,dg006,chemistry,helium,0.0000000000,0.0010548523,0.0000000000,-0.0010548523,0.0000000000,0.0833333333,0.0000000000,0.0000000000,0.0833333333,0.0833333333,0.0000000000,0.0063291139,0.0000000000,-0.0063291139,0.0000000000,0.5000000000,0.0000000000,0.0000000000,0.5000000000,0.5000000000,0.0000000000,0.0000000000,0.0000000000,0.0000000000,0.0000000000,0.8333333333,0.0000000000,0.0000000000,0.8333333333,0.8333333333,1.0000000000,0.0000000000,0.0000000000,1.0000000000,1.0000000000,1.0000000000,0.0000000000,0.0000000000,1.0000000000,1.0000000000
confirmation-018,dg006,chemistry,helium,0.0000000000,0.0000000000,0.0000000000,0.0000000000,0.0000000000,0.0000000000,0.0000000000,0.0000000000,0.0000000000,0.0000000000,0.0000000000,0.0000000000,0.0000000000,0.0000000000,0.0000000000,0.0000000000,0.0000000000,0.0000000000,0.0000000000,0.0000000000,0.0000000000,0.0000000000,0.0000000000,0.0000000000,0.0000000000,0.0833333333,0.0000000000,0.0000000000,0.0833333333,0.0833333333,0.4166666667,0.0000000000,0.0000000000,0.4166666667,0.4166666667,0.0833333333,0.0000000000,0.0000000000,0.0833333333,0.0833333333
confirmation-019,dg006,chemistry,lithium,0.0000000000,0.0042194093,0.0000000000,-0.0042194093,0.0000000000,0.0000000000,0.0010548523,0.0119047619,-0.0010548523,-0.0119047619,0.0000000000,0.0010548523,0.0000000000,-0.0010548523,0.0000000000,0.4166666667,0.0116033755,0.1309523810,0.4050632911,0.2857142857,0.0000000000,0.0000000000,0.0000000000,0.0000000000,0.0000000000,0.4166666667,0.0063291139,0.0714285714,0.4103375527,0.3452380952,0.7500000000,0.0253164557,0.2857142857,0.7246835443,0.4642857143,0.0000000000,0.0010548523,0.0119047619,-0.0010548523,-0.0119047619
confirmation-020,dg006,chemistry,lithium,0.0000000000,0.0000000000,0.0000000000,0.0000000000,0.0000000000,0.0000000000,0.0000000000,0.0000000000,0.0000000000,0.0000000000,0.0000000000,0.0000000000,0.0000000000,0.0000000000,0.0000000000,0.0000000000,0.0000000000,0.0000000000,0.0000000000,0.0000000000,0.0000000000,0.0000000000,0.0000000000,0.0000000000,0.0000000000,0.5000000000,0.0000000000,0.0000000000,0.5000000000,0.5000000000,1.0000000000,0.0094936709,0.0476190476,0.9905063291,0.9523809524,0.5833333333,0.0000000000,0.0000000000,0.5833333333,0.5833333333
confirmation-021,dg006,chemistry,boron,0.0000000000,0.0000000000,0.0000000000,0.0000000000,0.0000000000,0.0000000000,0.0000000000,0.0000000000,0.0000000000,0.0000000000,0.0000000000,0.0000000000,0.0000000000,0.0000000000,0.0000000000,0.0000000000,0.0000000000,0.0000000000,0.0000000000,0.0000000000,0.0000000000,0.0000000000,0.0000000000,0.0000000000,0.0000000000,0.0000000000,0.0000000000,0.0000000000,0.0000000000,0.0000000000,0.0000000000,0.0000000000,0.0000000000,0.0000000000,0.0000000000,0.0000000000,0.0000000000,0.0000000000,0.0000000000,0.0000000000
confirmation-022,dg006,chemistry,boron,0.0000000000,0.0000000000,0.0000000000,0.0000000000,0.0000000000,0.0000000000,0.0010548523,0.0119047619,-0.0010548523,-0.0119047619,0.0000000000,0.0158227848,0.0000000000,-0.0158227848,0.0000000000,0.0000000000,0.0000000000,0.0000000000,0.0000000000,0.0000000000,0.0000000000,0.0000000000,0.0000000000,0.0000000000,0.0000000000,0.0000000000,0.0010548523,0.0119047619,-0.0010548523,-0.0119047619,0.0000000000,0.0126582278,0.1428571429,-0.0126582278,-0.1428571429,0.0000000000,0.0000000000,0.0000000000,0.0000000000,0.0000000000
confirmation-023,dg006,chemistry,cobalt,0.0000000000,0.0000000000,0.0000000000,0.0000000000,0.0000000000,0.0000000000,0.0000000000,0.0000000000,0.0000000000,0.0000000000,0.0000000000,0.0000000000,0.0000000000,0.0000000000,0.0000000000,0.0000000000,0.0000000000,0.0000000000,0.0000000000,0.0000000000,0.0000000000,0.0000000000,0.0000000000,0.0000000000,0.0000000000,0.0833333333,0.0021097046,0.0238095238,0.0812236287,0.0595238095,1.0000000000,0.0137130802,0.1547619048,0.9862869198,0.8452380952,0.3333333333,0.0000000000,0.0000000000,0.3333333333,0.3333333333
confirmation-024,dg006,chemistry,cobalt,0.0000000000,0.0000000000,0.0000000000,0.0000000000,0.0000000000,0.0000000000,0.0000000000,0.0000000000,0.0000000000,0.0000000000,0.0000000000,0.0126582278,0.0000000000,-0.0126582278,0.0000000000,0.0000000000,0.0000000000,0.0000000000,0.0000000000,0.0000000000,0.0000000000,0.0000000000,0.0000000000,0.0000000000,0.0000000000,0.0000000000,0.0000000000,0.0000000000,0.0000000000,0.0000000000,1.0000000000,0.0189873418,0.2142857143,0.9810126582,0.7857142857,0.1666666667,0.0000000000,0.0000000000,0.1666666667,0.1666666667
confirmation-025,dg006,chemistry,nickel,0.0000000000,0.0000000000,0.0000000000,0.0000000000,0.0000000000,0.0000000000,0.0000000000,0.0000000000,0.0000000000,0.0000000000,0.0000000000,0.0000000000,0.0000000000,0.0000000000,0.0000000000,0.0000000000,0.0000000000,0.0000000000,0.0000000000,0.0000000000,0.0000000000,0.0000000000,0.0000000000,0.0000000000,0.0000000000,0.0000000000,0.0000000000,0.0000000000,0.0000000000,0.0000000000,1.0000000000,0.0000000000,0.0000000000,1.0000000000,1.0000000000,0.0000000000,0.0000000000,0.0000000000,0.0000000000,0.0000000000
confirmation-026,dg006,chemistry,nickel,0.0000000000,0.0010548523,0.0000000000,-0.0010548523,0.0000000000,0.0000000000,0.0000000000,0.0000000000,0.0000000000,0.0000000000,0.0000000000,0.0000000000,0.0000000000,0.0000000000,0.0000000000,0.4166666667,0.0000000000,0.0000000000,0.4166666667,0.4166666667,0.0000000000,0.0000000000,0.0000000000,0.0000000000,0.0000000000,1.0000000000,0.0000000000,0.0000000000,1.0000000000,1.0000000000,0.0000000000,0.0000000000,0.0000000000,0.0000000000,0.0000000000,0.0000000000,0.0000000000,0.0000000000,0.0000000000,0.0000000000
confirmation-027,dg006,chemistry,tungsten,0.0000000000,0.0000000000,0.0000000000,0.0000000000,0.0000000000,0.0000000000,0.0000000000,0.0000000000,0.0000000000,0.0000000000,0.0000000000,0.0000000000,0.0000000000,0.0000000000,0.0000000000,0.0000000000,0.0000000000,0.0000000000,0.0000000000,0.0000000000,0.0000000000,0.0000000000,0.0000000000,0.0000000000,0.0000000000,0.0000000000,0.0000000000,0.0000000000,0.0000000000,0.0000000000,1.0000000000,0.0179324895,0.2023809524,0.9820675105,0.7976190476,0.8333333333,0.0000000000,0.0000000000,0.8333333333,0.8333333333
confirmation-028,dg006,chemistry,tungsten,0.0000000000,0.0042194093,0.0000000000,-0.0042194093,0.0000000000,0.0000000000,0.0000000000,0.0000000000,0.0000000000,0.0000000000,0.0000000000,0.0010548523,0.0000000000,-0.0010548523,0.0000000000,0.5833333333,0.0000000000,0.0000000000,0.5833333333,0.5833333333,0.0000000000,0.0000000000,0.0000000000,0.0000000000,0.0000000000,1.0000000000,0.0000000000,0.0000000000,1.0000000000,1.0000000000,0.5000000000,0.0000000000,0.0000000000,0.5000000000,0.5000000000,0.0000000000,0.0000000000,0.0000000000,0.0000000000,0.0000000000
confirmation-029,dg006,chemistry,radon,0.0000000000,0.0000000000,0.0000000000,0.0000000000,0.0000000000,0.0000000000,0.0000000000,0.0000000000,0.0000000000,0.0000000000,0.0000000000,0.0000000000,0.0000000000,0.0000000000,0.0000000000,0.0000000000,0.0000000000,0.0000000000,0.0000000000,0.0000000000,0.0000000000,0.0000000000,0.0000000000,0.0000000000,0.0000000000,0.0000000000,0.0000000000,0.0000000000,0.0000000000,0.0000000000,0.7500000000,0.0116033755,0.1309523810,0.7383966245,0.6190476190,0.0000000000,0.0000000000,0.0000000000,0.0000000000,0.0000000000
confirmation-030,dg006,chemistry,radon,0.0000000000,0.0010548523,0.0000000000,-0.0010548523,0.0000000000,0.5000000000,0.0000000000,0.0000000000,0.5000000000,0.5000000000,0.0000000000,0.0042194093,0.0000000000,-0.0042194093,0.0000000000,1.0000000000,0.0000000000,0.0000000000,1.0000000000,1.0000000000,0.0000000000,0.0000000000,0.0000000000,0.0000000000,0.0000000000,0.0833333333,0.0000000000,0.0000000000,0.0833333333,0.0833333333,1.0000000000,0.0126582278,0.1428571429,0.9873417722,0.8571428571,1.0000000000,0.0000000000,0.0000000000,1.0000000000,1.0000000000
confirmation-031,dg006,chemistry,neon,0.0000000000,0.0000000000,0.0000000000,0.0000000000,0.0000000000,0.0000000000,0.0000000000,0.0000000000,0.0000000000,0.0000000000,0.0000000000,0.0000000000,0.0000000000,0.0000000000,0.0000000000,0.0000000000,0.0000000000,0.0000000000,0.0000000000,0.0000000000,0.0000000000,0.0000000000,0.0000000000,0.0000000000,0.0000000000,0.0000000000,0.0000000000,0.0000000000,0.0000000000,0.0000000000,0.0000000000,0.0063291139,0.0476190476,-0.0063291139,-0.0476190476,0.0000000000,0.0000000000,0.0000000000,0.0000000000,0.0000000000
confirmation-032,dg006,chemistry,neon,0.0000000000,0.0000000000,0.0000000000,0.0000000000,0.0000000000,0.0000000000,0.0000000000,0.0000000000,0.0000000000,0.0000000000,0.0000000000,0.0000000000,0.0000000000,0.0000000000,0.0000000000,0.0000000000,0.0000000000,0.0000000000,0.0000000000,0.0000000000,0.0000000000,0.0000000000,0.0000000000,0.0000000000,0.0000000000,0.0000000000,0.0000000000,0.0000000000,0.0000000000,0.0000000000,0.0000000000,0.0000000000,0.0000000000,0.0000000000,0.0000000000,0.0000000000,0.0000000000,0.0000000000,0.0000000000,0.0000000000
confirmation-033,dg007,countries,Japan,0.0000000000,0.0000000000,0.0000000000,0.0000000000,0.0000000000,0.0000000000,0.0000000000,0.0000000000,0.0000000000,0.0000000000,0.0000000000,0.0000000000,0.0000000000,0.0000000000,0.0000000000,0.4166666667,0.0000000000,0.0000000000,0.4166666667,0.4166666667,0.0000000000,0.0000000000,0.0000000000,0.0000000000,0.0000000000,0.0000000000,0.0000000000,0.0000000000,0.0000000000,0.0000000000,0.5833333333,0.0000000000,0.0000000000,0.5833333333,0.5833333333,0.0000000000,0.0000000000,0.0000000000,0.0000000000,0.0000000000
confirmation-034,dg007,countries,Japan,0.0000000000,0.0000000000,0.0000000000,0.0000000000,0.0000000000,0.0000000000,0.0000000000,0.0000000000,0.0000000000,0.0000000000,0.0000000000,0.0000000000,0.0000000000,0.0000000000,0.0000000000,0.0000000000,0.0000000000,0.0000000000,0.0000000000,0.0000000000,0.0000000000,0.0000000000,0.0000000000,0.0000000000,0.0000000000,0.4166666667,0.0000000000,0.0000000000,0.4166666667,0.4166666667,0.8333333333,0.0000000000,0.0000000000,0.8333333333,0.8333333333,0.0000000000,0.0000000000,0.0000000000,0.0000000000,0.0000000000
confirmation-035,dg007,countries,Kenya,0.0000000000,0.0000000000,0.0000000000,0.0000000000,0.0000000000,0.0000000000,0.0000000000,0.0000000000,0.0000000000,0.0000000000,0.0000000000,0.0000000000,0.0000000000,0.0000000000,0.0000000000,0.0000000000,0.0000000000,0.0000000000,0.0000000000,0.0000000000,0.0000000000,0.0000000000,0.0000000000,0.0000000000,0.0000000000,0.0000000000,0.0000000000,0.0000000000,0.0000000000,0.0000000000,0.5833333333,0.0000000000,0.0000000000,0.5833333333,0.5833333333,0.0000000000,0.0000000000,0.0000000000,0.0000000000,0.0000000000
confirmation-036,dg007,countries,Kenya,0.0000000000,0.0000000000,0.0000000000,0.0000000000,0.0000000000,0.0000000000,0.0000000000,0.0000000000,0.0000000000,0.0000000000,0.0000000000,0.0000000000,0.0000000000,0.0000000000,0.0000000000,0.0000000000,0.0000000000,0.0000000000,0.0000000000,0.0000000000,0.0000000000,0.0000000000,0.0000000000,0.0000000000,0.0000000000,0.0000000000,0.0000000000,0.0000000000,0.0000000000,0.0000000000,0.0000000000,0.0000000000,0.0000000000,0.0000000000,0.0000000000,0.0000000000,0.0000000000,0.0000000000,0.0000000000,0.0000000000
confirmation-037,dg007,countries,Chile,0.0000000000,0.0000000000,0.0000000000,0.0000000000,0.0000000000,0.0000000000,0.0000000000,0.0000000000,0.0000000000,0.0000000000,0.0000000000,0.0000000000,0.0000000000,0.0000000000,0.0000000000,0.0000000000,0.0000000000,0.0000000000,0.0000000000,0.0000000000,0.0000000000,0.0000000000,0.0000000000,0.0000000000,0.0000000000,0.0000000000,0.0000000000,0.0000000000,0.0000000000,0.0000000000,0.8333333333,0.0126582278,0.1428571429,0.8206751055,0.6904761905,0.0000000000,0.0000000000,0.0000000000,0.0000000000,0.0000000000
confirmation-038,dg007,countries,Chile,0.0000000000,0.0000000000,0.0000000000,0.0000000000,0.0000000000,0.0000000000,0.0000000000,0.0000000000,0.0000000000,0.0000000000,0.0000000000,0.0000000000,0.0000000000,0.0000000000,0.0000000000,0.0000000000,0.0000000000,0.0000000000,0.0000000000,0.0000000000,0.0000000000,0.0000000000,0.0000000000,0.0000000000,0.0000000000,0.0000000000,0.0000000000,0.0000000000,0.0000000000,0.0000000000,1.0000000000,0.0126582278,0.1428571429,0.9873417722,0.8571428571,0.0000000000,0.0000000000,0.0000000000,0.0000000000,0.0000000000
confirmation-039,dg007,countries,Norway,0.0000000000,0.0000000000,0.0000000000,0.0000000000,0.0000000000,0.0000000000,0.0000000000,0.0000000000,0.0000000000,0.0000000000,0.0000000000,0.0000000000,0.0000000000,0.0000000000,0.0000000000,0.0000000000,0.0000000000,0.0000000000,0.0000000000,0.0000000000,0.0000000000,0.0000000000,0.0000000000,0.0000000000,0.0000000000,0.0000000000,0.0000000000,0.0000000000,0.0000000000,0.0000000000,0.5833333333,0.0000000000,0.0000000000,0.5833333333,0.5833333333,0.0000000000,0.0000000000,0.0000000000,0.0000000000,0.0000000000
confirmation-040,dg007,countries,Norway,0.0000000000,0.0000000000,0.0000000000,0.0000000000,0.0000000000,0.7500000000,0.0000000000,0.0000000000,0.7500000000,0.7500000000,0.0000000000,0.0000000000,0.0000000000,0.0000000000,0.0000000000,0.0000000000,0.0000000000,0.0000000000,0.0000000000,0.0000000000,0.0000000000,0.0000000000,0.0000000000,0.0000000000,0.0000000000,0.0000000000,0.0000000000,0.0000000000,0.0000000000,0.0000000000,0.4166666667,0.0000000000,0.0000000000,0.4166666667,0.4166666667,0.0000000000,0.0000000000,0.0000000000,0.0000000000,0.0000000000
confirmation-041,dg007,countries,Egypt,0.0000000000,0.0000000000,0.0000000000,0.0000000000,0.0000000000,0.0000000000,0.0000000000,0.0000000000,0.0000000000,0.0000000000,0.0000000000,0.0000000000,0.0000000000,0.0000000000,0.0000000000,0.5833333333,0.0063291139,0.0000000000,0.5770042194,0.5833333333,0.0000000000,0.0000000000,0.0000000000,0.0000000000,0.0000000000,0.2500000000,0.0000000000,0.0000000000,0.2500000000,0.2500000000,1.0000000000,0.0000000000,0.0000000000,1.0000000000,1.0000000000,0.9166666667,0.0021097046,0.0000000000,0.9145569620,0.9166666667
confirmation-042,dg007,countries,Egypt,0.0000000000,0.0000000000,0.0000000000,0.0000000000,0.0000000000,0.0000000000,0.0000000000,0.0000000000,0.0000000000,0.0000000000,0.0000000000,0.0000000000,0.0000000000,0.0000000000,0.0000000000,0.0000000000,0.0000000000,0.0000000000,0.0000000000,0.0000000000,0.0000000000,0.0000000000,0.0000000000,0.0000000000,0.0000000000,0.0000000000,0.0000000000,0.0000000000,0.0000000000,0.0000000000,1.0000000000,0.0105485232,0.0000000000,0.9894514768,1.0000000000,0.0000000000,0.0000000000,0.0000000000,0.0000000000,0.0000000000
confirmation-043,dg007,countries,Peru,0.0000000000,0.0000000000,0.0000000000,0.0000000000,0.0000000000,0.0000000000,0.0000000000,0.0000000000,0.0000000000,0.0000000000,0.0000000000,0.0000000000,0.0000000000,0.0000000000,0.0000000000,0.0000000000,0.0000000000,0.0000000000,0.0000000000,0.0000000000,0.0000000000,0.0000000000,0.0000000000,0.0000000000,0.0000000000,0.0000000000,0.0000000000,0.0000000000,0.0000000000,0.0000000000,0.4166666667,0.0000000000,0.0000000000,0.4166666667,0.4166666667,0.0000000000,0.0000000000,0.0000000000,0.0000000000,0.0000000000
confirmation-044,dg007,countries,Peru,0.0000000000,0.0000000000,0.0000000000,0.0000000000,0.0000000000,0.0000000000,0.0000000000,0.0000000000,0.0000000000,0.0000000000,0.0000000000,0.0000000000,0.0000000000,0.0000000000,0.0000000000,0.0000000000,0.0000000000,0.0000000000,0.0000000000,0.0000000000,0.0000000000,0.0000000000,0.0000000000,0.0000000000,0.0000000000,0.0000000000,0.0000000000,0.0000000000,0.0000000000,0.0000000000,0.4166666667,0.0073839662,0.0833333333,0.4092827004,0.3333333333,0.0000000000,0.0000000000,0.0000000000,0.0000000000,0.0000000000
confirmation-045,dg007,countries,Thailand,0.0000000000,0.0000000000,0.0000000000,0.0000000000,0.0000000000,0.0000000000,0.0000000000,0.0000000000,0.0000000000,0.0000000000,0.0000000000,0.0000000000,0.0000000000,0.0000000000,0.0000000000,0.0000000000,0.0000000000,0.0000000000,0.0000000000,0.0000000000,0.0000000000,0.0000000000,0.0000000000,0.0000000000,0.0000000000,0.0000000000,0.0000000000,0.0000000000,0.0000000000,0.0000000000,0.5000000000,0.0000000000,0.0000000000,0.5000000000,0.5000000000,0.0000000000,0.0000000000,0.0000000000,0.0000000000,0.0000000000
confirmation-046,dg007,countries,Thailand,0.0000000000,0.0000000000,0.0000000000,0.0000000000,0.0000000000,0.0000000000,0.0000000000,0.0000000000,0.0000000000,0.0000000000,0.0000000000,0.0000000000,0.0000000000,0.0000000000,0.0000000000,0.0000000000,0.0000000000,0.0000000000,0.0000000000,0.0000000000,0.0000000000,0.0000000000,0.0000000000,0.0000000000,0.0000000000,0.0000000000,0.0000000000,0.0000000000,0.0000000000,0.0000000000,1.0000000000,0.0000000000,0.0000000000,1.0000000000,1.0000000000,0.0000000000,0.0000000000,0.0000000000,0.0000000000,0.0000000000
confirmation-047,dg007,countries,Sweden,0.0000000000,0.0000000000,0.0000000000,0.0000000000,0.0000000000,0.0000000000,0.0000000000,0.0000000000,0.0000000000,0.0000000000,0.0000000000,0.0000000000,0.0000000000,0.0000000000,0.0000000000,0.0000000000,0.0000000000,0.0000000000,0.0000000000,0.0000000000,0.0000000000,0.0000000000,0.0000000000,0.0000000000,0.0000000000,0.0000000000,0.0000000000,0.0000000000,0.0000000000,0.0000000000,0.0000000000,0.0073839662,0.0833333333,-0.0073839662,-0.0833333333,0.0000000000,0.0000000000,0.0000000000,0.0000000000,0.0000000000
confirmation-048,dg007,countries,Sweden,0.0000000000,0.0000000000,0.0000000000,0.0000000000,0.0000000000,0.0000000000,0.0000000000,0.0000000000,0.0000000000,0.0000000000,0.0000000000,0.0000000000,0.0000000000,0.0000000000,0.0000000000,0.0000000000,0.0000000000,0.0000000000,0.0000000000,0.0000000000,0.0000000000,0.0000000000,0.0000000000,0.0000000000,0.0000000000,0.5000000000,0.0000000000,0.0000000000,0.5000000000,0.5000000000,1.0000000000,0.0116033755,0.1309523810,0.9883966245,0.8690476190,0.5000000000,0.0000000000,0.0000000000,0.5000000000,0.5000000000
confirmation-049,dg008,landforms,Everest,0.0000000000,0.0000000000,0.0000000000,0.0000000000,0.0000000000,0.0000000000,0.0000000000,0.0000000000,0.0000000000,0.0000000000,0.0000000000,0.0000000000,0.0000000000,0.0000000000,0.0000000000,0.0000000000,0.0000000000,0.0000000000,0.0000000000,0.0000000000,0.0000000000,0.0000000000,0.0000000000,0.0000000000,0.0000000000,0.0000000000,0.0000000000,0.0000000000,0.0000000000,0.0000000000,0.0000000000,0.0000000000,0.0000000000,0.0000000000,0.0000000000,0.0000000000,0.0000000000,0.0000000000,0.0000000000,0.0000000000
confirmation-050,dg008,landforms,Everest,0.0000000000,0.0000000000,0.0000000000,0.0000000000,0.0000000000,0.0000000000,0.0021097046,0.0000000000,-0.0021097046,0.0000000000,0.0000000000,0.0021097046,0.0000000000,-0.0021097046,0.0000000000,0.0000000000,0.0000000000,0.0000000000,0.0000000000,0.0000000000,0.0000000000,0.0073839662,0.0000000000,-0.0073839662,0.0000000000,0.0000000000,0.0000000000,0.0000000000,0.0000000000,0.0000000000,0.0000000000,0.0000000000,0.0000000000,0.0000000000,0.0000000000,0.0000000000,0.0000000000,0.0000000000,0.0000000000,0.0000000000
confirmation-051,dg009,landforms,Sahara,0.0000000000,0.0000000000,0.0000000000,0.0000000000,0.0000000000,0.0000000000,0.0000000000,0.0000000000,0.0000000000,0.0000000000,0.0000000000,0.0000000000,0.0000000000,0.0000000000,0.0000000000,0.0000000000,0.0000000000,0.0000000000,0.0000000000,0.0000000000,0.0000000000,0.0000000000,0.0000000000,0.0000000000,0.0000000000,0.0000000000,0.0000000000,0.0000000000,0.0000000000,0.0000000000,0.0000000000,0.0000000000,0.0000000000,0.0000000000,0.0000000000,0.0000000000,0.0000000000,0.0000000000,0.0000000000,0.0000000000
confirmation-052,dg009,landforms,Sahara,0.0000000000,0.0000000000,0.0000000000,0.0000000000,0.0000000000,0.0000000000,0.0000000000,0.0000000000,0.0000000000,0.0000000000,0.0000000000,0.0021097046,0.0000000000,-0.0021097046,0.0000000000,0.0000000000,0.0000000000,0.0000000000,0.0000000000,0.0000000000,0.0000000000,0.0000000000,0.0000000000,0.0000000000,0.0000000000,0.0000000000,0.0000000000,0.0000000000,0.0000000000,0.0000000000,0.0000000000,0.0000000000,0.0000000000,0.0000000000,0.0000000000,0.0000000000,0.0000000000,0.0000000000,0.0000000000,0.0000000000
confirmation-053,dg006,landforms,Andes,0.0000000000,0.0000000000,0.0000000000,0.0000000000,0.0000000000,0.0000000000,0.0000000000,0.0000000000,0.0000000000,0.0000000000,0.0000000000,0.0010548523,0.0000000000,-0.0010548523,0.0000000000,0.0833333333,0.0000000000,0.0000000000,0.0833333333,0.0833333333,0.0000000000,0.0000000000,0.0000000000,0.0000000000,0.0000000000,0.0000000000,0.0000000000,0.0000000000,0.0000000000,0.0000000000,0.5833333333,0.0010548523,0.0000000000,0.5822784810,0.5833333333,0.0833333333,0.0000000000,0.0000000000,0.0833333333,0.0833333333
confirmation-054,dg006,landforms,Andes,0.0000000000,0.0000000000,0.0000000000,0.0000000000,0.0000000000,0.0000000000,0.0000000000,0.0000000000,0.0000000000,0.0000000000,0.0000000000,0.0000000000,0.0000000000,0.0000000000,0.0000000000,0.0000000000,0.0000000000,0.0000000000,0.0000000000,0.0000000000,0.0000000000,0.0000000000,0.0000000000,0.0000000000,0.0000000000,0.0000000000,0.0000000000,0.0000000000,0.0000000000,0.0000000000,0.7500000000,0.0179324895,0.1428571429,0.7320675105,0.6071428571,0.0000000000,0.0000000000,0.0000000000,0.0000000000,0.0000000000
confirmation-055,dg010,landforms,Nile,0.0000000000,0.0000000000,0.0000000000,0.0000000000,0.0000000000,0.0000000000,0.0000000000,0.0000000000,0.0000000000,0.0000000000,0.0000000000,0.0000000000,0.0000000000,0.0000000000,0.0000000000,0.0000000000,0.0000000000,0.0000000000,0.0000000000,0.0000000000,0.0000000000,0.0000000000,0.0000000000,0.0000000000,0.0000000000,0.0000000000,0.0000000000,0.0000000000,0.0000000000,0.0000000000,0.0000000000,0.0000000000,0.0000000000,0.0000000000,0.0000000000,0.0000000000,0.0000000000,0.0000000000,0.0000000000,0.0000000000
confirmation-056,dg010,landforms,Nile,0.0000000000,0.0021097046,0.0000000000,-0.0021097046,0.0000000000,0.0000000000,0.0000000000,0.0000000000,0.0000000000,0.0000000000,0.0000000000,0.0000000000,0.0000000000,0.0000000000,0.0000000000,0.0000000000,0.0000000000,0.0000000000,0.0000000000,0.0000000000,0.0000000000,0.0000000000,0.0000000000,0.0000000000,0.0000000000,0.0000000000,0.0000000000,0.0000000000,0.0000000000,0.0000000000,0.3333333333,0.0021097046,0.0000000000,0.3312236287,0.3333333333,0.0000000000,0.0000000000,0.0000000000,0.0000000000,0.0000000000
confirmation-057,dg010,landforms,Danube,0.0000000000,0.0000000000,0.0000000000,0.0000000000,0.0000000000,0.9166666667,0.0000000000,0.0000000000,0.9166666667,0.9166666667,0.0000000000,0.0000000000,0.0000000000,0.0000000000,0.0000000000,1.0000000000,0.0000000000,0.0000000000,1.0000000000,1.0000000000,0.0000000000,0.0000000000,0.0000000000,0.0000000000,0.0000000000,1.0000000000,0.0000000000,0.0000000000,1.0000000000,1.0000000000,1.0000000000,0.0000000000,0.0000000000,1.0000000000,1.0000000000,1.0000000000,0.0000000000,0.0000000000,1.0000000000,1.0000000000
confirmation-058,dg010,landforms,Danube,0.0000000000,0.0063291139,0.0000000000,-0.0063291139,0.0000000000,0.0000000000,0.0000000000,0.0000000000,0.0000000000,0.0000000000,0.0000000000,0.0137130802,0.0000000000,-0.0137130802,0.0000000000,0.0000000000,0.0000000000,0.0000000000,0.0000000000,0.0000000000,0.0000000000,0.0063291139,0.0000000000,-0.0063291139,0.0000000000,0.0000000000,0.0000000000,0.0000000000,0.0000000000,0.0000000000,0.0000000000,0.0042194093,0.0000000000,-0.0042194093,0.0000000000,0.0000000000,0.0000000000,0.0000000000,0.0000000000,0.0000000000
confirmation-059,dg006,landforms,Alps,0.0000000000,0.0000000000,0.0000000000,0.0000000000,0.0000000000,0.0000000000,0.0000000000,0.0000000000,0.0000000000,0.0000000000,0.0000000000,0.0000000000,0.0000000000,0.0000000000,0.0000000000,0.0000000000,0.0000000000,0.0000000000,0.0000000000,0.0000000000,0.0000000000,0.0000000000,0.0000000000,0.0000000000,0.0000000000,0.0000000000,0.0000000000,0.0000000000,0.0000000000,0.0000000000,0.0000000000,0.0031645570,0.0000000000,-0.0031645570,0.0000000000,0.0000000000,0.0000000000,0.0000000000,0.0000000000,0.0000000000
confirmation-060,dg006,landforms,Alps,0.0000000000,0.0000000000,0.0000000000,0.0000000000,0.0000000000,0.0000000000,0.0000000000,0.0000000000,0.0000000000,0.0000000000,0.0000000000,0.0000000000,0.0000000000,0.0000000000,0.0000000000,0.0000000000,0.0000000000,0.0000000000,0.0000000000,0.0000000000,0.0000000000,0.0000000000,0.0000000000,0.0000000000,0.0000000000,0.0000000000,0.0000000000,0.0000000000,0.0000000000,0.0000000000,1.0000000000,0.0137130802,0.1428571429,0.9862869198,0.8571428571,0.0000000000,0.0000000000,0.0000000000,0.0000000000,0.0000000000
confirmation-061,dg010,landforms,Mekong,0.0000000000,0.0052742616,0.0000000000,-0.0052742616,0.0000000000,0.0000000000,0.0000000000,0.0000000000,0.0000000000,0.0000000000,0.0000000000,0.0084388186,0.0000000000,-0.0084388186,0.0000000000,0.0000000000,0.0000000000,0.0000000000,0.0000000000,0.0000000000,0.0000000000,0.0042194093,0.0000000000,-0.0042194093,0.0000000000,0.0000000000,0.0000000000,0.0000000000,0.0000000000,0.0000000000,0.0000000000,0.0168776371,0.0000000000,-0.0168776371,0.0000000000,0.0000000000,0.0000000000,0.0000000000,0.0000000000,0.0000000000
confirmation-062,dg010,landforms,Mekong,0.0000000000,0.0000000000,0.0000000000,0.0000000000,0.0000000000,0.0000000000,0.0000000000,0.0000000000,0.0000000000,0.0000000000,0.0000000000,0.0073839662,0.0000000000,-0.0073839662,0.0000000000,0.0000000000,0.0000000000,0.0000000000,0.0000000000,0.0000000000,0.0000000000,0.0000000000,0.0000000000,0.0000000000,0.0000000000,0.0000000000,0.0000000000,0.0000000000,0.0000000000,0.0000000000,0.0000000000,0.0063291139,0.0000000000,-0.0063291139,0.0000000000,0.0000000000,0.0000000000,0.0000000000,0.0000000000,0.0000000000
confirmation-063,dg006,landforms,Borneo,0.0000000000,0.0000000000,0.0000000000,0.0000000000,0.0000000000,0.0000000000,0.0000000000,0.0000000000,0.0000000000,0.0000000000,0.0000000000,0.0000000000,0.0000000000,0.0000000000,0.0000000000,0.0000000000,0.0000000000,0.0000000000,0.0000000000,0.0000000000,0.0000000000,0.0000000000,0.0000000000,0.0000000000,0.0000000000,0.0000000000,0.0000000000,0.0000000000,0.0000000000,0.0000000000,0.0000000000,0.0000000000,0.0000000000,0.0000000000,0.0000000000,0.0000000000,0.0000000000,0.0000000000,0.0000000000,0.0000000000
confirmation-064,dg006,landforms,Borneo,0.0000000000,0.0000000000,0.0000000000,0.0000000000,0.0000000000,0.0000000000,0.0105485232,0.1190476190,-0.0105485232,-0.1190476190,0.0000000000,0.0031645570,0.0238095238,-0.0031645570,-0.0238095238,0.0000000000,0.0105485232,0.1190476190,-0.0105485232,-0.1190476190,0.0000000000,0.0000000000,0.0000000000,0.0000000000,0.0000000000,0.0000000000,0.0126582278,0.1428571429,-0.0126582278,-0.1428571429,0.0000000000,0.0105485232,0.1190476190,-0.0105485232,-0.1190476190,0.0000000000,0.0126582278,0.1428571429,-0.0126582278,-0.1428571429
confirmation-065,dg011,biology,DNA,0.0000000000,0.0126582278,0.0000000000,-0.0126582278,0.0000000000,0.0000000000,0.0000000000,0.0000000000,0.0000000000,0.0000000000,0.0000000000,0.0000000000,0.0000000000,0.0000000000,0.0000000000,0.0000000000,0.0000000000,0.0000000000,0.0000000000,0.0000000000,0.0000000000,0.0000000000,0.0000000000,0.0000000000,0.0000000000,0.0000000000,0.0000000000,0.0000000000,0.0000000000,0.0000000000,0.0000000000,0.0000000000,0.0000000000,0.0000000000,0.0000000000,0.0000000000,0.0000000000,0.0000000000,0.0000000000,0.0000000000
confirmation-066,dg011,biology,DNA,0.0000000000,0.0000000000,0.0000000000,0.0000000000,0.0000000000,0.0000000000,0.0000000000,0.0000000000,0.0000000000,0.0000000000,0.0000000000,0.0000000000,0.0000000000,0.0000000000,0.0000000000,0.0000000000,0.0000000000,0.0000000000,0.0000000000,0.0000000000,0.0000000000,0.0000000000,0.0000000000,0.0000000000,0.0000000000,0.0000000000,0.0000000000,0.0000000000,0.0000000000,0.0000000000,0.0000000000,0.0021097046,0.0238095238,-0.0021097046,-0.0238095238,0.0000000000,0.0000000000,0.0000000000,0.0000000000,0.0000000000
confirmation-067,dg011,biology,RNA,0.0000000000,0.0158227848,0.0000000000,-0.0158227848,0.0000000000,0.0000000000,0.0000000000,0.0000000000,0.0000000000,0.0000000000,0.0000000000,0.0000000000,0.0000000000,0.0000000000,0.0000000000,0.0000000000,0.0000000000,0.0000000000,0.0000000000,0.0000000000,0.0000000000,0.0000000000,0.0000000000,0.0000000000,0.0000000000,0.0000000000,0.0000000000,0.0000000000,0.0000000000,0.0000000000,0.0000000000,0.0000000000,0.0000000000,0.0000000000,0.0000000000,0.0000000000,0.0000000000,0.0000000000,0.0000000000,0.0000000000
confirmation-068,dg011,biology,RNA,0.0000000000,0.0000000000,0.0000000000,0.0000000000,0.0000000000,0.0000000000,0.0000000000,0.0000000000,0.0000000000,0.0000000000,0.0000000000,0.0000000000,0.0000000000,0.0000000000,0.0000000000,0.0000000000,0.0000000000,0.0000000000,0.0000000000,0.0000000000,0.0000000000,0.0000000000,0.0000000000,0.0000000000,0.0000000000,0.0000000000,0.0000000000,0.0000000000,0.0000000000,0.0000000000,0.1666666667,0.0010548523,0.0119047619,0.1656118143,0.1547619048,0.0000000000,0.0000000000,0.0000000000,0.0000000000,0.0000000000
confirmation-069,dg012,biology,insulin,0.0000000000,0.0000000000,0.0000000000,0.0000000000,0.0000000000,0.0000000000,0.0000000000,0.0000000000,0.0000000000,0.0000000000,0.0000000000,0.0000000000,0.0000000000,0.0000000000,0.0000000000,0.0000000000,0.0000000000,0.0000000000,0.0000000000,0.0000000000,0.0000000000,0.0000000000,0.0000000000,0.0000000000,0.0000000000,0.0000000000,0.0000000000,0.0000000000,0.0000000000,0.0000000000,1.0000000000,0.0000000000,0.0000000000,1.0000000000,1.0000000000,0.2500000000,0.0000000000,0.0000000000,0.2500000000,0.2500000000
confirmation-070,dg012,biology,insulin,0.0000000000,0.0000000000,0.0000000000,0.0000000000,0.0000000000,0.0000000000,0.0000000000,0.0000000000,0.0000000000,0.0000000000,0.0000000000,0.0000000000,0.0000000000,0.0000000000,0.0000000000,0.0000000000,0.0000000000,0.0000000000,0.0000000000,0.0000000000,0.0000000000,0.0000000000,0.0000000000,0.0000000000,0.0000000000,0.0000000000,0.0000000000,0.0000000000,0.0000000000,0.0000000000,0.5833333333,0.0000000000,0.0000000000,0.5833333333,0.5833333333,0.0000000000,0.0000000000,0.0000000000,0.0000000000,0.0000000000
confirmation-071,dg013,biology,hemoglobin,0.0000000000,0.0200421941,0.0000000000,-0.0200421941,0.0000000000,0.0000000000,0.0000000000,0.0000000000,0.0000000000,0.0000000000,0.0000000000,0.0179324895,0.0000000000,-0.0179324895,0.0000000000,0.0000000000,0.0021097046,0.0000000000,-0.0021097046,0.0000000000,0.0000000000,0.0000000000,0.0000000000,0.0000000000,0.0000000000,0.0000000000,0.0021097046,0.0000000000,-0.0021097046,0.0000000000,0.0000000000,0.0031645570,0.0000000000,-0.0031645570,0.0000000000,0.0000000000,0.0021097046,0.0000000000,-0.0021097046,0.0000000000
confirmation-072,dg013,biology,hemoglobin,0.0000000000,0.0000000000,0.0000000000,0.0000000000,0.0000000000,0.0000000000,0.0000000000,0.0000000000,0.0000000000,0.0000000000,0.0000000000,0.0000000000,0.0000000000,0.0000000000,0.0000000000,0.0833333333,0.0000000000,0.0000000000,0.0833333333,0.0833333333,0.0000000000,0.0000000000,0.0000000000,0.0000000000,0.0000000000,0.0000000000,0.0000000000,0.0000000000,0.0000000000,0.0000000000,0.0000000000,0.0000000000,0.0000000000,0.0000000000,0.0000000000,0.0000000000,0.0000000000,0.0000000000,0.0000000000,0.0000000000
confirmation-073,dg014,biology,neuron,0.0000000000,0.0000000000,0.0000000000,0.0000000000,0.0000000000,0.0000000000,0.0000000000,0.0000000000,0.0000000000,0.0000000000,0.0000000000,0.0000000000,0.0000000000,0.0000000000,0.0000000000,0.0000000000,0.0000000000,0.0000000000,0.0000000000,0.0000000000,0.0000000000,0.0000000000,0.0000000000,0.0000000000,0.0000000000,0.0000000000,0.0000000000,0.0000000000,0.0000000000,0.0000000000,0.4166666667,0.0000000000,0.0000000000,0.4166666667,0.4166666667,0.0000000000,0.0000000000,0.0000000000,0.0000000000,0.0000000000
confirmation-074,dg014,biology,neuron,0.0000000000,0.0010548523,0.0000000000,-0.0010548523,0.0000000000,0.0000000000,0.0000000000,0.0000000000,0.0000000000,0.0000000000,0.0000000000,0.0000000000,0.0000000000,0.0000000000,0.0000000000,0.0000000000,0.0000000000,0.0000000000,0.0000000000,0.0000000000,0.0000000000,0.0000000000,0.0000000000,0.0000000000,0.0000000000,0.0000000000,0.0000000000,0.0000000000,0.0000000000,0.0000000000,0.0000000000,0.0010548523,0.0000000000,-0.0010548523,0.0000000000,0.0000000000,0.0000000000,0.0000000000,0.0000000000,0.0000000000
confirmation-075,dg006,biology,nucleus,0.0000000000,0.0000000000,0.0000000000,0.0000000000,0.0000000000,0.1666666667,0.0000000000,0.0000000000,0.1666666667,0.1666666667,0.0000000000,0.0000000000,0.0000000000,0.0000000000,0.0000000000,0.2500000000,0.0000000000,0.0000000000,0.2500000000,0.2500000000,0.0000000000,0.0000000000,0.0000000000,0.0000000000,0.0000000000,0.8333333333,0.0000000000,0.0000000000,0.8333333333,0.8333333333,0.5833333333,0.0000000000,0.0000000000,0.5833333333,0.5833333333,1.0000000000,0.0000000000,0.0000000000,1.0000000000,1.0000000000
confirmation-076,dg006,biology,nucleus,0.0000000000,0.0000000000,0.0000000000,0.0000000000,0.0000000000,0.0000000000,0.0000000000,0.0000000000,0.0000000000,0.0000000000,0.0000000000,0.0000000000,0.0000000000,0.0000000000,0.0000000000,0.0000000000,0.0000000000,0.0000000000,0.0000000000,0.0000000000,0.0000000000,0.0000000000,0.0000000000,0.0000000000,0.0000000000,0.0000000000,0.0000000000,0.0000000000,0.0000000000,0.0000000000,0.0000000000,0.0000000000,0.0000000000,0.0000000000,0.0000000000,0.0000000000,0.0000000000,0.0000000000,0.0000000000,0.0000000000
confirmation-077,dg013,biology,chlorophyll,0.0000000000,0.0179324895,0.0000000000,-0.0179324895,0.0000000000,0.0000000000,0.0042194093,0.0000000000,-0.0042194093,0.0000000000,0.0000000000,0.0189873418,0.0000000000,-0.0189873418,0.0000000000,0.0000000000,0.0021097046,0.0000000000,-0.0021097046,0.0000000000,0.0000000000,0.0000000000,0.0000000000,0.0000000000,0.0000000000,0.0000000000,0.0073839662,0.0000000000,-0.0073839662,0.0000000000,0.0000000000,0.0105485232,0.0000000000,-0.0105485232,0.0000000000,0.0000000000,0.0052742616,0.0000000000,-0.0052742616,0.0000000000
confirmation-078,dg013,biology,chlorophyll,0.0000000000,0.0000000000,0.0000000000,0.0000000000,0.0000000000,0.0000000000,0.0000000000,0.0000000000,0.0000000000,0.0000000000,0.0000000000,0.0000000000,0.0000000000,0.0000000000,0.0000000000,0.0000000000,0.0000000000,0.0000000000,0.0000000000,0.0000000000,0.0000000000,0.0000000000,0.0000000000,0.0000000000,0.0000000000,0.0000000000,0.0000000000,0.0000000000,0.0000000000,0.0000000000,1.0000000000,0.0000000000,0.0000000000,1.0000000000,1.0000000000,0.0000000000,0.0000000000,0.0000000000,0.0000000000,0.0000000000
confirmation-079,dg015,biology,collagen,0.0000000000,0.0000000000,0.0000000000,0.0000000000,0.0000000000,0.0000000000,0.0000000000,0.0000000000,0.0000000000,0.0000000000,0.0000000000,0.0000000000,0.0000000000,0.0000000000,0.0000000000,0.1666666667,0.0000000000,0.0000000000,0.1666666667,0.1666666667,0.0000000000,0.0000000000,0.0000000000,0.0000000000,0.0000000000,0.0000000000,0.0000000000,0.0000000000,0.0000000000,0.0000000000,0.5833333333,0.0021097046,0.0238095238,0.5812236287,0.5595238095,0.0000000000,0.0000000000,0.0000000000,0.0000000000,0.0000000000
confirmation-080,dg015,biology,collagen,0.0000000000,0.0000000000,0.0000000000,0.0000000000,0.0000000000,0.0000000000,0.0000000000,0.0000000000,0.0000000000,0.0000000000,0.0000000000,0.0116033755,0.0000000000,-0.0116033755,0.0000000000,0.0000000000,0.0000000000,0.0000000000,0.0000000000,0.0000000000,0.0000000000,0.0000000000,0.0000000000,0.0000000000,0.0000000000,0.0000000000,0.0000000000,0.0000000000,0.0000000000,0.0000000000,0.8333333333,0.0000000000,0.0000000000,0.8333333333,0.8333333333,0.0000000000,0.0000000000,0.0000000000,0.0000000000,0.0000000000
confirmation-081,dg016,historical_people,Napoleon,0.0000000000,0.0021097046,0.0000000000,-0.0021097046,0.0000000000,0.0000000000,0.0000000000,0.0000000000,0.0000000000,0.0000000000,0.0000000000,0.0010548523,0.0000000000,-0.0010548523,0.0000000000,0.0000000000,0.0000000000,0.0000000000,0.0000000000,0.0000000000,0.0000000000,0.0000000000,0.0000000000,0.0000000000,0.0000000000,0.0000000000,0.0000000000,0.0000000000,0.0000000000,0.0000000000,0.0000000000,0.0000000000,0.0000000000,0.0000000000,0.0000000000,0.0000000000,0.0000000000,0.0000000000,0.0000000000,0.0000000000
confirmation-082,dg016,historical_people,Napoleon,0.0000000000,0.0031645570,0.0000000000,-0.0031645570,0.0000000000,0.0000000000,0.0000000000,0.0000000000,0.0000000000,0.0000000000,0.0000000000,0.0094936709,0.0119047619,-0.0094936709,-0.0119047619,0.0000000000,0.0000000000,0.0000000000,0.0000000000,0.0000000000,0.0000000000,0.0073839662,0.0000000000,-0.0073839662,0.0000000000,0.0000000000,0.0000000000,0.0000000000,0.0000000000,0.0000000000,0.0000000000,0.0000000000,0.0000000000,0.0000000000,0.0000000000,0.0000000000,0.0000000000,0.0000000000,0.0000000000,0.0000000000
confirmation-083,dg016,historical_people,Darwin,0.0000000000,0.0000000000,0.0000000000,0.0000000000,0.0000000000,0.0000000000,0.0000000000,0.0000000000,0.0000000000,0.0000000000,0.0000000000,0.0000000000,0.0000000000,0.0000000000,0.0000000000,0.0000000000,0.0000000000,0.0000000000,0.0000000000,0.0000000000,0.0000000000,0.0000000000,0.0000000000,0.0000000000,0.0000000000,0.0000000000,0.0000000000,0.0000000000,0.0000000000,0.0000000000,0.0000000000,0.0000000000,0.0000000000,0.0000000000,0.0000000000,0.0000000000,0.0000000000,0.0000000000,0.0000000000,0.0000000000
confirmation-084,dg016,historical_people,Darwin,0.0000000000,0.0000000000,0.0000000000,0.0000000000,0.0000000000,0.0000000000,0.0000000000,0.0000000000,0.0000000000,0.0000000000,0.0000000000,0.0000000000,0.0000000000,0.0000000000,0.0000000000,0.0000000000,0.0000000000,0.0000000000,0.0000000000,0.0000000000,0.0000000000,0.0000000000,0.0000000000,0.0000000000,0.0000000000,0.0000000000,0.0000000000,0.0000000000,0.0000000000,0.0000000000,0.0000000000,0.0000000000,0.0000000000,0.0000000000,0.0000000000,0.0000000000,0.0000000000,0.0000000000,0.0000000000,0.0000000000
confirmation-085,dg016,historical_people,Einstein,0.0000000000,0.0000000000,0.0000000000,0.0000000000,0.0000000000,0.0000000000,0.0000000000,0.0000000000,0.0000000000,0.0000000000,0.0000000000,0.0000000000,0.0000000000,0.0000000000,0.0000000000,0.0000000000,0.0000000000,0.0000000000,0.0000000000,0.0000000000,0.0000000000,0.0000000000,0.0000000000,0.0000000000,0.0000000000,0.0000000000,0.0000000000,0.0000000000,0.0000000000,0.0000000000,0.0833333333,0.0000000000,0.0000000000,0.0833333333,0.0833333333,0.0000000000,0.0000000000,0.0000000000,0.0000000000,0.0000000000
confirmation-086,dg016,historical_people,Einstein,0.0000000000,0.0000000000,0.0000000000,0.0000000000,0.0000000000,0.0000000000,0.0000000000,0.0000000000,0.0000000000,0.0000000000,0.5000000000,0.0126582278,0.0476190476,0.4873417722,0.4523809524,1.0000000000,0.0000000000,0.0000000000,1.0000000000,1.0000000000,0.4166666667,0.0000000000,0.0000000000,0.4166666667,0.4166666667,1.0000000000,0.0000000000,0.0000000000,1.0000000000,1.0000000000,1.0000000000,0.0000000000,0.0000000000,1.0000000000,1.0000000000,1.0000000000,0.0000000000,0.0000000000,1.0000000000,1.0000000000
confirmation-087,dg016,historical_people,Galileo,0.0000000000,0.0000000000,0.0000000000,0.0000000000,0.0000000000,0.0000000000,0.0000000000,0.0000000000,0.0000000000,0.0000000000,0.0000000000,0.0000000000,0.0000000000,0.0000000000,0.0000000000,0.0000000000,0.0000000000,0.0000000000,0.0000000000,0.0000000000,0.0000000000,0.0000000000,0.0000000000,0.0000000000,0.0000000000,0.0000000000,0.0000000000,0.0000000000,0.0000000000,0.0000000000,0.5833333333,0.0000000000,0.0000000000,0.5833333333,0.5833333333,0.0000000000,0.0000000000,0.0000000000,0.0000000000,0.0000000000
confirmation-088,dg016,historical_people,Galileo,0.0000000000,0.0000000000,0.0000000000,0.0000000000,0.0000000000,1.0000000000,0.0000000000,0.0000000000,1.0000000000,1.0000000000,0.5000000000,0.0031645570,0.0357142857,0.4968354430,0.4642857143,1.0000000000,0.0000000000,0.0000000000,1.0000000000,1.0000000000,0.5000000000,0.0000000000,0.0000000000,0.5000000000,0.5000000000,1.0000000000,0.0000000000,0.0000000000,1.0000000000,1.0000000000,1.0000000000,0.0010548523,0.0119047619,0.9989451477,0.9880952381,1.0000000000,0.0000000000,0.0000000000,1.0000000000,1.0000000000
confirmation-089,dg017,historical_people,Cleopatra,0.0000000000,0.0000000000,0.0000000000,0.0000000000,0.0000000000,0.0000000000,0.0000000000,0.0000000000,0.0000000000,0.0000000000,0.0000000000,0.0000000000,0.0000000000,0.0000000000,0.0000000000,0.0000000000,0.0000000000,0.0000000000,0.0000000000,0.0000000000,0.0000000000,0.0000000000,0.0000000000,0.0000000000,0.0000000000,0.0000000000,0.0000000000,0.0000000000,0.0000000000,0.0000000000,0.6666666667,0.0000000000,0.0000000000,0.6666666667,0.6666666667,0.0000000000,0.0000000000,0.0000000000,0.0000000000,0.0000000000
confirmation-090,dg017,historical_people,Cleopatra,0.0000000000,0.0052742616,0.0000000000,-0.0052742616,0.0000000000,1.0000000000,0.0000000000,0.0000000000,1.0000000000,1.0000000000,0.2500000000,0.0000000000,0.0000000000,0.2500000000,0.2500000000,0.8333333333,0.0000000000,0.0000000000,0.8333333333,0.8333333333,0.0000000000,0.0000000000,0.0000000000,0.0000000000,0.0000000000,0.0000000000,0.0000000000,0.0000000000,0.0000000000,0.0000000000,1.0000000000,0.0000000000,0.0000000000,1.0000000000,1.0000000000,0.2500000000,0.0000000000,0.0000000000,0.2500000000,0.2500000000
confirmation-091,dg018,historical_people,Gutenberg,0.0000000000,0.0000000000,0.0000000000,0.0000000000,0.0000000000,0.0000000000,0.0000000000,0.0000000000,0.0000000000,0.0000000000,0.0000000000,0.0000000000,0.0000000000,0.0000000000,0.0000000000,0.0833333333,0.0000000000,0.0000000000,0.0833333333,0.0833333333,0.0000000000,0.0000000000,0.0000000000,0.0000000000,0.0000000000,0.0833333333,0.0000000000,0.0000000000,0.0833333333,0.0833333333,1.0000000000,0.0000000000,0.0000000000,1.0000000000,1.0000000000,0.0833333333,0.0000000000,0.0000000000,0.0833333333,0.0833333333
confirmation-092,dg018,historical_people,Gutenberg,0.0000000000,0.0000000000,0.0000000000,0.0000000000,0.0000000000,0.9166666667,0.0000000000,0.0000000000,0.9166666667,0.9166666667,0.0000000000,0.0000000000,0.0000000000,0.0000000000,0.0000000000,1.0000000000,0.0000000000,0.0000000000,1.0000000000,1.0000000000,0.0000000000,0.0000000000,0.0000000000,0.0000000000,0.0000000000,0.5833333333,0.0000000000,0.0000000000,0.5833333333,0.5833333333,0.0000000000,0.0000000000,0.0000000000,0.0000000000,0.0000000000,0.0000000000,0.0000000000,0.0000000000,0.0000000000,0.0000000000
confirmation-093,dg008,historical_people,Confucius,0.0000000000,0.0000000000,0.0000000000,0.0000000000,0.0000000000,0.0000000000,0.0000000000,0.0000000000,0.0000000000,0.0000000000,0.0000000000,0.0000000000,0.0000000000,0.0000000000,0.0000000000,0.0000000000,0.0000000000,0.0000000000,0.0000000000,0.0000000000,0.0000000000,0.0000000000,0.0000000000,0.0000000000,0.0000000000,0.0000000000,0.0000000000,0.0000000000,0.0000000000,0.0000000000,0.0000000000,0.0137130802,0.0000000000,-0.0137130802,0.0000000000,0.0000000000,0.0000000000,0.0000000000,0.0000000000,0.0000000000
confirmation-094,dg008,historical_people,Confucius,0.0000000000,0.0000000000,0.0000000000,0.0000000000,0.0000000000,0.0000000000,0.0000000000,0.0000000000,0.0000000000,0.0000000000,0.0000000000,0.0010548523,0.0000000000,-0.0010548523,0.0000000000,0.0000000000,0.0000000000,0.0000000000,0.0000000000,0.0000000000,0.0000000000,0.0031645570,0.0000000000,-0.0031645570,0.0000000000,0.0833333333,0.0000000000,0.0000000000,0.0833333333,0.0833333333,1.0000000000,0.0000000000,0.0000000000,1.0000000000,1.0000000000,0.2500000000,0.0000000000,0.0000000000,0.2500000000,0.2500000000
confirmation-095,dg016,historical_people,Shakespeare,0.0000000000,0.0000000000,0.0000000000,0.0000000000,0.0000000000,0.0000000000,0.0000000000,0.0000000000,0.0000000000,0.0000000000,0.0000000000,0.0000000000,0.0000000000,0.0000000000,0.0000000000,0.0000000000,0.0000000000,0.0000000000,0.0000000000,0.0000000000,0.0000000000,0.0000000000,0.0000000000,0.0000000000,0.0000000000,0.0000000000,0.0000000000,0.0000000000,0.0000000000,0.0000000000,0.0833333333,0.0000000000,0.0000000000,0.0833333333,0.0833333333,0.0000000000,0.0000000000,0.0000000000,0.0000000000,0.0000000000
confirmation-096,dg016,historical_people,Shakespeare,0.0000000000,0.0000000000,0.0000000000,0.0000000000,0.0000000000,0.1666666667,0.0000000000,0.0000000000,0.1666666667,0.1666666667,1.0000000000,0.0000000000,0.0000000000,1.0000000000,1.0000000000,1.0000000000,0.0000000000,0.0000000000,1.0000000000,1.0000000000,0.5833333333,0.0000000000,0.0000000000,0.5833333333,0.5833333333,1.0000000000,0.0000000000,0.0000000000,1.0000000000,1.0000000000,1.0000000000,0.0000000000,0.0000000000,1.0000000000,1.0000000000,1.0000000000,0.0000000000,0.0000000000,1.0000000000,1.0000000000
confirmation-097,dg016,arts_music,Beethoven,0.0000000000,0.0000000000,0.0000000000,0.0000000000,0.0000000000,0.0000000000,0.0000000000,0.0000000000,0.0000000000,0.0000000000,0.0000000000,0.0000000000,0.0000000000,0.0000000000,0.0000000000,0.0000000000,0.0000000000,0.0000000000,0.0000000000,0.0000000000,0.0000000000,0.0000000000,0.0000000000,0.0000000000,0.0000000000,0.0000000000,0.0000000000,0.0000000000,0.0000000000,0.0000000000,1.0000000000,0.0126582278,0.1428571429,0.9873417722,0.8571428571,0.0000000000,0.0000000000,0.0000000000,0.0000000000,0.0000000000
confirmation-098,dg016,arts_music,Beethoven,0.0000000000,0.0000000000,0.0000000000,0.0000000000,0.0000000000,0.0000000000,0.0000000000,0.0000000000,0.0000000000,0.0000000000,0.0000000000,0.0000000000,0.0000000000,0.0000000000,0.0000000000,0.0000000000,0.0000000000,0.0000000000,0.0000000000,0.0000000000,0.0000000000,0.0000000000,0.0000000000,0.0000000000,0.0000000000,0.0000000000,0.0000000000,0.0000000000,0.0000000000,0.0000000000,0.8333333333,0.0094936709,0.1071428571,0.8238396624,0.7261904762,0.0000000000,0.0000000000,0.0000000000,0.0000000000,0.0000000000
confirmation-099,dg016,arts_music,Mozart,0.0000000000,0.0000000000,0.0000000000,0.0000000000,0.0000000000,0.0000000000,0.0000000000,0.0000000000,0.0000000000,0.0000000000,0.0000000000,0.0000000000,0.0000000000,0.0000000000,0.0000000000,0.0000000000,0.0000000000,0.0000000000,0.0000000000,0.0000000000,0.0000000000,0.0000000000,0.0000000000,0.0000000000,0.0000000000,0.0000000000,0.0000000000,0.0000000000,0.0000000000,0.0000000000,0.8333333333,0.0000000000,0.0000000000,0.8333333333,0.8333333333,0.0000000000,0.0000000000,0.0000000000,0.0000000000,0.0000000000
confirmation-100,dg016,arts_music,Mozart,0.0000000000,0.0000000000,0.0000000000,0.0000000000,0.0000000000,1.0000000000,0.0000000000,0.0000000000,1.0000000000,1.0000000000,1.0000000000,0.0137130802,0.1190476190,0.9862869198,0.8809523810,1.0000000000,0.0000000000,0.0000000000,1.0000000000,1.0000000000,0.5000000000,0.0000000000,0.0000000000,0.5000000000,0.5000000000,1.0000000000,0.0000000000,0.0000000000,1.0000000000,1.0000000000,1.0000000000,0.0126582278,0.1428571429,0.9873417722,0.8571428571,1.0000000000,0.0105485232,0.1190476190,0.9894514768,0.8809523810
confirmation-101,dg016,arts_music,Picasso,0.0000000000,0.0000000000,0.0000000000,0.0000000000,0.0000000000,0.0000000000,0.0000000000,0.0000000000,0.0000000000,0.0000000000,0.0000000000,0.0000000000,0.0000000000,0.0000000000,0.0000000000,0.0000000000,0.0000000000,0.0000000000,0.0000000000,0.0000000000,0.0000000000,0.0000000000,0.0000000000,0.0000000000,0.0000000000,0.0000000000,0.0000000000,0.0000000000,0.0000000000,0.0000000000,0.0000000000,0.0000000000,0.0000000000,0.0000000000,0.0000000000,0.0000000000,0.0000000000,0.0000000000,0.0000000000,0.0000000000
confirmation-102,dg016,arts_music,Picasso,0.0000000000,0.0000000000,0.0000000000,0.0000000000,0.0000000000,0.0000000000,0.0000000000,0.0000000000,0.0000000000,0.0000000000,0.0000000000,0.0000000000,0.0000000000,0.0000000000,0.0000000000,0.0000000000,0.0000000000,0.0000000000,0.0000000000,0.0000000000,0.0000000000,0.0000000000,0.0000000000,0.0000000000,0.0000000000,0.0000000000,0.0000000000,0.0000000000,0.0000000000,0.0000000000,1.0000000000,0.0000000000,0.0000000000,1.0000000000,1.0000000000,0.0000000000,0.0000000000,0.0000000000,0.0000000000,0.0000000000
confirmation-103,dg016,arts_music,Monet,0.0000000000,0.0000000000,0.0000000000,0.0000000000,0.0000000000,0.0000000000,0.0000000000,0.0000000000,0.0000000000,0.0000000000,0.0000000000,0.0000000000,0.0000000000,0.0000000000,0.0000000000,0.0000000000,0.0000000000,0.0000000000,0.0000000000,0.0000000000,0.0000000000,0.0000000000,0.0000000000,0.0000000000,0.0000000000,0.0000000000,0.0000000000,0.0000000000,0.0000000000,0.0000000000,0.0000000000,0.0000000000,0.0000000000,0.0000000000,0.0000000000,0.0000000000,0.0000000000,0.0000000000,0.0000000000,0.0000000000
confirmation-104,dg016,arts_music,Monet,0.0000000000,0.0000000000,0.0000000000,0.0000000000,0.0000000000,0.0000000000,0.0000000000,0.0000000000,0.0000000000,0.0000000000,0.0000000000,0.0000000000,0.0000000000,0.0000000000,0.0000000000,0.0000000000,0.0000000000,0.0000000000,0.0000000000,0.0000000000,0.0000000000,0.0000000000,0.0000000000,0.0000000000,0.0000000000,0.0000000000,0.0000000000,0.0000000000,0.0000000000,0.0000000000,0.0000000000,0.0031645570,0.0357142857,-0.0031645570,-0.0357142857,0.0000000000,0.0000000000,0.0000000000,0.0000000000,0.0000000000
confirmation-105,dg016,arts_music,Tolkien,0.0000000000,0.0000000000,0.0000000000,0.0000000000,0.0000000000,0.0000000000,0.0000000000,0.0000000000,0.0000000000,0.0000000000,0.0000000000,0.0021097046,0.0000000000,-0.0021097046,0.0000000000,0.0000000000,0.0000000000,0.0000000000,0.0000000000,0.0000000000,0.0000000000,0.0000000000,0.0000000000,0.0000000000,0.0000000000,0.0000000000,0.0000000000,0.0000000000,0.0000000000,0.0000000000,0.0000000000,0.0000000000,0.0000000000,0.0000000000,0.0000000000,0.0000000000,0.0000000000,0.0000000000,0.0000000000,0.0000000000
confirmation-106,dg016,arts_music,Tolkien,0.0000000000,0.0000000000,0.0000000000,0.0000000000,0.0000000000,0.0000000000,0.0000000000,0.0000000000,0.0000000000,0.0000000000,0.0000000000,0.0000000000,0.0000000000,0.0000000000,0.0000000000,0.0000000000,0.0000000000,0.0000000000,0.0000000000,0.0000000000,0.0000000000,0.0000000000,0.0000000000,0.0000000000,0.0000000000,0.0000000000,0.0000000000,0.0000000000,0.0000000000,0.0000000000,0.0000000000,0.0000000000,0.0000000000,0.0000000000,0.0000000000,0.0000000000,0.0000000000,0.0000000000,0.0000000000,0.0000000000
confirmation-107,dg016,arts_music,Bach,0.0000000000,0.0000000000,0.0000000000,0.0000000000,0.0000000000,0.0000000000,0.0000000000,0.0000000000,0.0000000000,0.0000000000,0.0000000000,0.0000000000,0.0000000000,0.0000000000,0.0000000000,0.1666666667,0.0000000000,0.0000000000,0.1666666667,0.1666666667,0.0000000000,0.0000000000,0.0000000000,0.0000000000,0.0000000000,0.0833333333,0.0000000000,0.0000000000,0.0833333333,0.0833333333,0.0000000000,0.0000000000,0.0000000000,0.0000000000,0.0000000000,0.0000000000,0.0000000000,0.0000000000,0.0000000000,0.0000000000
confirmation-108,dg016,arts_music,Bach,0.0000000000,0.0000000000,0.0000000000,0.0000000000,0.0000000000,0.0000000000,0.0000000000,0.0000000000,0.0000000000,0.0000000000,0.0000000000,0.0000000000,0.0000000000,0.0000000000,0.0000000000,0.0000000000,0.0000000000,0.0000000000,0.0000000000,0.0000000000,0.0000000000,0.0000000000,0.0000000000,0.0000000000,0.0000000000,0.0000000000,0.0000000000,0.0000000000,0.0000000000,0.0000000000,0.5000000000,0.0158227848,0.1785714286,0.4841772152,0.3214285714,0.0000000000,0.0000000000,0.0000000000,0.0000000000,0.0000000000
confirmation-109,dg019,arts_music,Chopin,0.0000000000,0.0000000000,0.0000000000,0.0000000000,0.0000000000,0.0000000000,0.0000000000,0.0000000000,0.0000000000,0.0000000000,0.0000000000,0.0000000000,0.0000000000,0.0000000000,0.0000000000,0.0000000000,0.0000000000,0.0000000000,0.0000000000,0.0000000000,0.0000000000,0.0000000000,0.0000000000,0.0000000000,0.0000000000,0.0000000000,0.0000000000,0.0000000000,0.0000000000,0.0000000000,0.0000000000,0.0105485232,0.1190476190,-0.0105485232,-0.1190476190,0.0000000000,0.0000000000,0.0000000000,0.0000000000,0.0000000000
confirmation-110,dg019,arts_music,Chopin,0.0000000000,0.0000000000,0.0000000000,0.0000000000,0.0000000000,0.0000000000,0.0000000000,0.0000000000,0.0000000000,0.0000000000,0.0000000000,0.0000000000,0.0000000000,0.0000000000,0.0000000000,0.0000000000,0.0000000000,0.0000000000,0.0000000000,0.0000000000,0.0000000000,0.0000000000,0.0000000000,0.0000000000,0.0000000000,0.0000000000,0.0000000000,0.0000000000,0.0000000000,0.0000000000,0.0000000000,0.0000000000,0.0000000000,0.0000000000,0.0000000000,0.0000000000,0.0000000000,0.0000000000,0.0000000000,0.0000000000
confirmation-111,dg016,arts_music,Raphael,0.0000000000,0.0000000000,0.0000000000,0.0000000000,0.0000000000,0.0000000000,0.0000000000,0.0000000000,0.0000000000,0.0000000000,0.0000000000,0.0000000000,0.0000000000,0.0000000000,0.0000000000,0.0000000000,0.0000000000,0.0000000000,0.0000000000,0.0000000000,0.0000000000,0.0000000000,0.0000000000,0.0000000000,0.0000000000,0.0000000000,0.0000000000,0.0000000000,0.0000000000,0.0000000000,0.0000000000,0.0000000000,0.0000000000,0.0000000000,0.0000000000,0.0000000000,0.0000000000,0.0000000000,0.0000000000,0.0000000000
confirmation-112,dg016,arts_music,Raphael,0.0000000000,0.0000000000,0.0000000000,0.0000000000,0.0000000000,0.0000000000,0.0000000000,0.0000000000,0.0000000000,0.0000000000,0.0000000000,0.0000000000,0.0000000000,0.0000000000,0.0000000000,0.0000000000,0.0000000000,0.0000000000,0.0000000000,0.0000000000,0.0000000000,0.0000000000,0.0000000000,0.0000000000,0.0000000000,0.0000000000,0.0000000000,0.0000000000,0.0000000000,0.0000000000,0.0000000000,0.0000000000,0.0000000000,0.0000000000,0.0000000000,0.0000000000,0.0000000000,0.0000000000,0.0000000000,0.0000000000
confirmation-113,dg013,technology,Linux,0.0000000000,0.0000000000,0.0000000000,0.0000000000,0.0000000000,0.0000000000,0.0000000000,0.0000000000,0.0000000000,0.0000000000,0.0000000000,0.0000000000,0.0000000000,0.0000000000,0.0000000000,0.0000000000,0.0000000000,0.0000000000,0.0000000000,0.0000000000,0.0000000000,0.0000000000,0.0000000000,0.0000000000,0.0000000000,0.0000000000,0.0000000000,0.0000000000,0.0000000000,0.0000000000,0.0000000000,0.0000000000,0.0000000000,0.0000000000,0.0000000000,0.0000000000,0.0000000000,0.0000000000,0.0000000000,0.0000000000
confirmation-114,dg013,technology,Linux,0.0000000000,0.0000000000,0.0000000000,0.0000000000,0.0000000000,0.0000000000,0.0000000000,0.0000000000,0.0000000000,0.0000000000,0.0000000000,0.0021097046,0.0238095238,-0.0021097046,-0.0238095238,1.0000000000,0.0000000000,0.0000000000,1.0000000000,1.0000000000,0.0000000000,0.0000000000,0.0000000000,0.0000000000,0.0000000000,1.0000000000,0.0000000000,0.0000000000,1.0000000000,1.0000000000,1.0000000000,0.0000000000,0.0000000000,1.0000000000,1.0000000000,1.0000000000,0.0000000000,0.0000000000,1.0000000000,1.0000000000
confirmation-115,dg013,technology,Python,0.0000000000,0.0000000000,0.0000000000,0.0000000000,0.0000000000,0.4166666667,0.0000000000,0.0000000000,0.4166666667,0.4166666667,0.8333333333,0.0126582278,0.1428571429,0.8206751055,0.6904761905,0.9166666667,0.0000000000,0.0000000000,0.9166666667,0.9166666667,0.4166666667,0.0094936709,0.1071428571,0.4071729958,0.3095238095,0.7500000000,0.0000000000,0.0000000000,0.7500000000,0.7500000000,1.0000000000,0.0000000000,0.0000000000,1.0000000000,1.0000000000,0.4166666667,0.0000000000,0.0000000000,0.4166666667,0.4166666667
confirmation-116,dg013,technology,Python,0.0000000000,0.0000000000,0.0000000000,0.0000000000,0.0000000000,0.0000000000,0.0000000000,0.0000000000,0.0000000000,0.0000000000,0.0000000000,0.0042194093,0.0476190476,-0.0042194093,-0.0476190476,0.0000000000,0.0000000000,0.0000000000,0.0000000000,0.0000000000,0.0000000000,0.0063291139,0.0714285714,-0.0063291139,-0.0714285714,0.5833333333,0.0000000000,0.0000000000,0.5833333333,0.5833333333,0.2500000000,0.0000000000,0.0000000000,0.2500000000,0.2500000000,0.6666666667,0.0000000000,0.0000000000,0.6666666667,0.6666666667
confirmation-117,dg002,technology,Voyager,0.0000000000,0.0000000000,0.0000000000,0.0000000000,0.0000000000,0.0000000000,0.0000000000,0.0000000000,0.0000000000,0.0000000000,0.0000000000,0.0031645570,0.0000000000,-0.0031645570,0.0000000000,0.0000000000,0.0000000000,0.0000000000,0.0000000000,0.0000000000,0.0000000000,0.0010548523,0.0000000000,-0.0010548523,0.0000000000,0.0000000000,0.0000000000,0.0000000000,0.0000000000,0.0000000000,0.0000000000,0.0000000000,0.0000000000,0.0000000000,0.0000000000,0.0000000000,0.0000000000,0.0000000000,0.0000000000,0.0000000000
confirmation-118,dg002,technology,Voyager,0.0000000000,0.0000000000,0.0000000000,0.0000000000,0.0000000000,0.0000000000,0.0000000000,0.0000000000,0.0000000000,0.0000000000,0.0000000000,0.0000000000,0.0000000000,0.0000000000,0.0000000000,0.0000000000,0.0000000000,0.0000000000,0.0000000000,0.0000000000,0.0000000000,0.0000000000,0.0000000000,0.0000000000,0.0000000000,0.0000000000,0.0000000000,0.0000000000,0.0000000000,0.0000000000,0.4166666667,0.0000000000,0.0000000000,0.4166666667,0.4166666667,0.0000000000,0.0000000000,0.0000000000,0.0000000000,0.0000000000
confirmation-119,dg020,technology,Hubble,0.0000000000,0.0000000000,0.0000000000,0.0000000000,0.0000000000,0.0000000000,0.0000000000,0.0000000000,0.0000000000,0.0000000000,0.0000000000,0.0000000000,0.0000000000,0.0000000000,0.0000000000,0.0000000000,0.0000000000,0.0000000000,0.0000000000,0.0000000000,0.0000000000,0.0000000000,0.0000000000,0.0000000000,0.0000000000,0.0000000000,0.0000000000,0.0000000000,0.0000000000,0.0000000000,0.0000000000,0.0000000000,0.0000000000,0.0000000000,0.0000000000,0.0000000000,0.0000000000,0.0000000000,0.0000000000,0.0000000000
confirmation-120,dg020,technology,Hubble,0.0000000000,0.0000000000,0.0000000000,0.0000000000,0.0000000000,0.0000000000,0.0000000000,0.0000000000,0.0000000000,0.0000000000,0.0000000000,0.0094936709,0.0000000000,-0.0094936709,0.0000000000,0.0000000000,0.0000000000,0.0000000000,0.0000000000,0.0000000000,0.0000000000,0.0000000000,0.0000000000,0.0000000000,0.0000000000,0.0000000000,0.0000000000,0.0000000000,0.0000000000,0.0000000000,0.0000000000,0.0000000000,0.0000000000,0.0000000000,0.0000000000,0.0000000000,0.0000000000,0.0000000000,0.0000000000,0.0000000000
confirmation-121,dg021,technology,Wikipedia,0.0000000000,0.0000000000,0.0000000000,0.0000000000,0.0000000000,0.8333333333,0.0000000000,0.0000000000,0.8333333333,0.8333333333,1.0000000000,0.0000000000,0.0000000000,1.0000000000,1.0000000000,1.0000000000,0.0000000000,0.0000000000,1.0000000000,1.0000000000,1.0000000000,0.0000000000,0.0000000000,1.0000000000,1.0000000000,1.0000000000,0.0000000000,0.0000000000,1.0000000000,1.0000000000,1.0000000000,0.0000000000,0.0000000000,1.0000000000,1.0000000000,1.0000000000,0.0000000000,0.0000000000,1.0000000000,1.0000000000
confirmation-122,dg021,technology,Wikipedia,0.0000000000,0.0000000000,0.0000000000,0.0000000000,0.0000000000,0.2500000000,0.0000000000,0.0000000000,0.2500000000,0.2500000000,1.0000000000,0.0000000000,0.0000000000,1.0000000000,1.0000000000,0.8333333333,0.0000000000,0.0000000000,0.8333333333,0.8333333333,1.0000000000,0.0000000000,0.0000000000,1.0000000000,1.0000000000,0.0000000000,0.0000000000,0.0000000000,0.0000000000,0.0000000000,0.2500000000,0.0000000000,0.0000000000,0.2500000000,0.2500000000,0.0000000000,0.0000000000,0.0000000000,0.0000000000,0.0000000000
confirmation-123,dg013,technology,Unicode,0.0000000000,0.0000000000,0.0000000000,0.0000000000,0.0000000000,0.0833333333,0.0000000000,0.0000000000,0.0833333333,0.0833333333,0.0000000000,0.0000000000,0.0000000000,0.0000000000,0.0000000000,0.0000000000,0.0000000000,0.0000000000,0.0000000000,0.0000000000,0.0000000000,0.0000000000,0.0000000000,0.0000000000,0.0000000000,0.8333333333,0.0000000000,0.0000000000,0.8333333333,0.8333333333,1.0000000000,0.0000000000,0.0000000000,1.0000000000,1.0000000000,0.5833333333,0.0000000000,0.0000000000,0.5833333333,0.5833333333
confirmation-124,dg013,technology,Unicode,0.0000000000,0.0000000000,0.0000000000,0.0000000000,0.0000000000,0.0000000000,0.0000000000,0.0000000000,0.0000000000,0.0000000000,0.0000000000,0.0000000000,0.0000000000,0.0000000000,0.0000000000,0.0000000000,0.0000000000,0.0000000000,0.0000000000,0.0000000000,0.0000000000,0.0000000000,0.0000000000,0.0000000000,0.0000000000,0.0000000000,0.0000000000,0.0000000000,0.0000000000,0.0000000000,0.0000000000,0.0000000000,0.0000000000,0.0000000000,0.0000000000,0.0000000000,0.0000000000,0.0000000000,0.0000000000,0.0000000000
confirmation-125,dg022,technology,Ethernet,0.0000000000,0.0000000000,0.0000000000,0.0000000000,0.0000000000,0.0000000000,0.0000000000,0.0000000000,0.0000000000,0.0000000000,0.0000000000,0.0000000000,0.0000000000,0.0000000000,0.0000000000,0.0000000000,0.0000000000,0.0000000000,0.0000000000,0.0000000000,0.0000000000,0.0000000000,0.0000000000,0.0000000000,0.0000000000,0.0000000000,0.0000000000,0.0000000000,0.0000000000,0.0000000000,0.0000000000,0.0000000000,0.0000000000,0.0000000000,0.0000000000,0.0000000000,0.0000000000,0.0000000000,0.0000000000,0.0000000000
confirmation-126,dg022,technology,Ethernet,0.0000000000,0.0000000000,0.0000000000,0.0000000000,0.0000000000,0.0000000000,0.0000000000,0.0000000000,0.0000000000,0.0000000000,0.0000000000,0.0000000000,0.0000000000,0.0000000000,0.0000000000,0.0000000000,0.0000000000,0.0000000000,0.0000000000,0.0000000000,0.0000000000,0.0000000000,0.0000000000,0.0000000000,0.0000000000,0.0000000000,0.0000000000,0.0000000000,0.0000000000,0.0000000000,0.0000000000,0.0000000000,0.0000000000,0.0000000000,0.0000000000,0.0000000000,0.0000000000,0.0000000000,0.0000000000,0.0000000000
confirmation-127,dg023,technology,Arduino,0.0000000000,0.0052742616,0.0000000000,-0.0052742616,0.0000000000,0.0000000000,0.0000000000,0.0000000000,0.0000000000,0.0000000000,0.0000000000,0.0126582278,0.0000000000,-0.0126582278,0.0000000000,0.0000000000,0.0000000000,0.0000000000,0.0000000000,0.0000000000,0.0000000000,0.0042194093,0.0000000000,-0.0042194093,0.0000000000,0.0000000000,0.0000000000,0.0000000000,0.0000000000,0.0000000000,0.0000000000,0.0000000000,0.0000000000,0.0000000000,0.0000000000,0.0000000000,0.0000000000,0.0000000000,0.0000000000,0.0000000000
confirmation-128,dg023,technology,Arduino,0.0000000000,0.0000000000,0.0000000000,0.0000000000,0.0000000000,0.0000000000,0.0000000000,0.0000000000,0.0000000000,0.0000000000,0.0000000000,0.0021097046,0.0238095238,-0.0021097046,-0.0238095238,0.0000000000,0.0000000000,0.0000000000,0.0000000000,0.0000000000,0.0000000000,0.0021097046,0.0238095238,-0.0021097046,-0.0238095238,0.7500000000,0.0000000000,0.0000000000,0.7500000000,0.7500000000,1.0000000000,0.0000000000,0.0000000000,1.0000000000,1.0000000000,1.0000000000,0.0000000000,0.0000000000,1.0000000000,1.0000000000
confirmation-129,dg006,si_units,Kelvin,0.0000000000,0.0000000000,0.0000000000,0.0000000000,0.0000000000,0.0000000000,0.0000000000,0.0000000000,0.0000000000,0.0000000000,0.0000000000,0.0000000000,0.0000000000,0.0000000000,0.0000000000,0.0000000000,0.0000000000,0.0000000000,0.0000000000,0.0000000000,0.0000000000,0.0000000000,0.0000000000,0.0000000000,0.0000000000,0.0000000000,0.0000000000,0.0000000000,0.0000000000,0.0000000000,0.0000000000,0.0063291139,0.0000000000,-0.0063291139,0.0000000000,0.0000000000,0.0000000000,0.0000000000,0.0000000000,0.0000000000
confirmation-130,dg006,si_units,Kelvin,0.0000000000,0.0000000000,0.0000000000,0.0000000000,0.0000000000,0.0000000000,0.0000000000,0.0000000000,0.0000000000,0.0000000000,0.0000000000,0.0000000000,0.0000000000,0.0000000000,0.0000000000,0.0000000000,0.0000000000,0.0000000000,0.0000000000,0.0000000000,0.0000000000,0.0000000000,0.0000000000,0.0000000000,0.0000000000,0.0000000000,0.0000000000,0.0000000000,0.0000000000,0.0000000000,0.0000000000,0.0000000000,0.0000000000,0.0000000000,0.0000000000,0.0000000000,0.0000000000,0.0000000000,0.0000000000,0.0000000000
confirmation-131,dg006,si_units,Pascal,0.0000000000,0.0000000000,0.0000000000,0.0000000000,0.0000000000,0.0000000000,0.0000000000,0.0000000000,0.0000000000,0.0000000000,0.0000000000,0.0000000000,0.0000000000,0.0000000000,0.0000000000,0.0000000000,0.0000000000,0.0000000000,0.0000000000,0.0000000000,0.0000000000,0.0000000000,0.0000000000,0.0000000000,0.0000000000,0.0000000000,0.0000000000,0.0000000000,0.0000000000,0.0000000000,0.0000000000,0.0000000000,0.0000000000,0.0000000000,0.0000000000,0.0000000000,0.0000000000,0.0000000000,0.0000000000,0.0000000000
confirmation-132,dg006,si_units,Pascal,0.0000000000,0.0000000000,0.0000000000,0.0000000000,0.0000000000,0.0000000000,0.0000000000,0.0000000000,0.0000000000,0.0000000000,0.0000000000,0.0000000000,0.0000000000,0.0000000000,0.0000000000,0.0000000000,0.0000000000,0.0000000000,0.0000000000,0.0000000000,0.0000000000,0.0000000000,0.0000000000,0.0000000000,0.0000000000,0.0833333333,0.0000000000,0.0000000000,0.0833333333,0.0833333333,0.2500000000,0.0000000000,0.0000000000,0.2500000000,0.2500000000,0.0833333333,0.0000000000,0.0000000000,0.0833333333,0.0833333333
confirmation-133,dg006,si_units,Newton,0.0000000000,0.0000000000,0.0000000000,0.0000000000,0.0000000000,0.0000000000,0.0000000000,0.0000000000,0.0000000000,0.0000000000,0.0000000000,0.0000000000,0.0000000000,0.0000000000,0.0000000000,0.0000000000,0.0000000000,0.0000000000,0.0000000000,0.0000000000,0.0000000000,0.0000000000,0.0000000000,0.0000000000,0.0000000000,0.0000000000,0.0000000000,0.0000000000,0.0000000000,0.0000000000,0.0000000000,0.0000000000,0.0000000000,0.0000000000,0.0000000000,0.0000000000,0.0000000000,0.0000000000,0.0000000000,0.0000000000
confirmation-134,dg006,si_units,Newton,0.0000000000,0.0000000000,0.0000000000,0.0000000000,0.0000000000,0.0000000000,0.0000000000,0.0000000000,0.0000000000,0.0000000000,0.0000000000,0.0000000000,0.0000000000,0.0000000000,0.0000000000,0.0000000000,0.0000000000,0.0000000000,0.0000000000,0.0000000000,0.0000000000,0.0000000000,0.0000000000,0.0000000000,0.0000000000,0.0000000000,0.0000000000,0.0000000000,0.0000000000,0.0000000000,0.0000000000,0.0000000000,0.0000000000,0.0000000000,0.0000000000,0.0000000000,0.0000000000,0.0000000000,0.0000000000,0.0000000000
confirmation-135,dg006,si_units,Watt,0.0000000000,0.0000000000,0.0000000000,0.0000000000,0.0000000000,0.0000000000,0.0000000000,0.0000000000,0.0000000000,0.0000000000,0.0000000000,0.0000000000,0.0000000000,0.0000000000,0.0000000000,0.0000000000,0.0000000000,0.0000000000,0.0000000000,0.0000000000,0.0000000000,0.0000000000,0.0000000000,0.0000000000,0.0000000000,0.0000000000,0.0000000000,0.0000000000,0.0000000000,0.0000000000,0.0000000000,0.0000000000,0.0000000000,0.0000000000,0.0000000000,0.0000000000,0.0000000000,0.0000000000,0.0000000000,0.0000000000
confirmation-136,dg006,si_units,Watt,0.0000000000,0.0000000000,0.0000000000,0.0000000000,0.0000000000,0.0000000000,0.0000000000,0.0000000000,0.0000000000,0.0000000000,0.0000000000,0.0000000000,0.0000000000,0.0000000000,0.0000000000,0.0000000000,0.0000000000,0.0000000000,0.0000000000,0.0000000000,0.0000000000,0.0000000000,0.0000000000,0.0000000000,0.0000000000,0.0833333333,0.0000000000,0.0000000000,0.0833333333,0.0833333333,0.0000000000,0.0000000000,0.0000000000,0.0000000000,0.0000000000,0.2500000000,0.0000000000,0.0000000000,0.2500000000,0.2500000000
confirmation-137,dg006,si_units,Tesla,0.0000000000,0.0000000000,0.0000000000,0.0000000000,0.0000000000,0.0000000000,0.0000000000,0.0000000000,0.0000000000,0.0000000000,0.0000000000,0.0000000000,0.0000000000,0.0000000000,0.0000000000,0.0000000000,0.0000000000,0.0000000000,0.0000000000,0.0000000000,0.0000000000,0.0000000000,0.0000000000,0.0000000000,0.0000000000,0.0000000000,0.0000000000,0.0000000000,0.0000000000,0.0000000000,0.0000000000,0.0000000000,0.0000000000,0.0000000000,0.0000000000,0.0000000000,0.0000000000,0.0000000000,0.0000000000,0.0000000000
confirmation-138,dg006,si_units,Tesla,0.0000000000,0.0000000000,0.0000000000,0.0000000000,0.0000000000,0.0000000000,0.0000000000,0.0000000000,0.0000000000,0.0000000000,0.0000000000,0.0000000000,0.0000000000,0.0000000000,0.0000000000,0.0000000000,0.0000000000,0.0000000000,0.0000000000,0.0000000000,0.0000000000,0.0000000000,0.0000000000,0.0000000000,0.0000000000,0.0000000000,0.0000000000,0.0000000000,0.0000000000,0.0000000000,0.0000000000,0.0000000000,0.0000000000,0.0000000000,0.0000000000,0.0000000000,0.0000000000,0.0000000000,0.0000000000,0.0000000000
confirmation-139,dg006,si_units,volt,0.0000000000,0.0000000000,0.0000000000,0.0000000000,0.0000000000,0.0000000000,0.0000000000,0.0000000000,0.0000000000,0.0000000000,0.0000000000,0.0000000000,0.0000000000,0.0000000000,0.0000000000,0.0000000000,0.0000000000,0.0000000000,0.0000000000,0.0000000000,0.0000000000,0.0000000000,0.0000000000,0.0000000000,0.0000000000,0.0000000000,0.0000000000,0.0000000000,0.0000000000,0.0000000000,0.0000000000,0.0000000000,0.0000000000,0.0000000000,0.0000000000,0.0000000000,0.0000000000,0.0000000000,0.0000000000,0.0000000000
confirmation-140,dg006,si_units,volt,0.0000000000,0.0000000000,0.0000000000,0.0000000000,0.0000000000,0.0000000000,0.0000000000,0.0000000000,0.0000000000,0.0000000000,0.0000000000,0.0000000000,0.0000000000,0.0000000000,0.0000000000,0.0000000000,0.0000000000,0.0000000000,0.0000000000,0.0000000000,0.0000000000,0.0000000000,0.0000000000,0.0000000000,0.0000000000,0.0000000000,0.0000000000,0.0000000000,0.0000000000,0.0000000000,0.0000000000,0.0000000000,0.0000000000,0.0000000000,0.0000000000,0.0000000000,0.0000000000,0.0000000000,0.0000000000,0.0000000000
confirmation-141,dg006,si_units,mole,0.0000000000,0.0000000000,0.0000000000,0.0000000000,0.0000000000,0.0000000000,0.0000000000,0.0000000000,0.0000000000,0.0000000000,0.0000000000,0.0000000000,0.0000000000,0.0000000000,0.0000000000,0.0000000000,0.0000000000,0.0000000000,0.0000000000,0.0000000000,0.0000000000,0.0000000000,0.0000000000,0.0000000000,0.0000000000,0.0000000000,0.0000000000,0.0000000000,0.0000000000,0.0000000000,0.0000000000,0.0000000000,0.0000000000,0.0000000000,0.0000000000,0.0000000000,0.0000000000,0.0000000000,0.0000000000,0.0000000000
confirmation-142,dg006,si_units,mole,0.0000000000,0.0000000000,0.0000000000,0.0000000000,0.0000000000,0.0000000000,0.0000000000,0.0000000000,0.0000000000,0.0000000000,0.0000000000,0.0000000000,0.0000000000,0.0000000000,0.0000000000,0.0000000000,0.0000000000,0.0000000000,0.0000000000,0.0000000000,0.0000000000,0.0000000000,0.0000000000,0.0000000000,0.0000000000,0.0000000000,0.0000000000,0.0000000000,0.0000000000,0.0000000000,0.0000000000,0.0000000000,0.0000000000,0.0000000000,0.0000000000,0.0000000000,0.0000000000,0.0000000000,0.0000000000,0.0000000000
confirmation-143,dg006,si_units,gray,0.0000000000,0.0000000000,0.0000000000,0.0000000000,0.0000000000,0.0000000000,0.0000000000,0.0000000000,0.0000000000,0.0000000000,0.0000000000,0.0000000000,0.0000000000,0.0000000000,0.0000000000,0.0000000000,0.0000000000,0.0000000000,0.0000000000,0.0000000000,0.0000000000,0.0000000000,0.0000000000,0.0000000000,0.0000000000,0.0000000000,0.0000000000,0.0000000000,0.0000000000,0.0000000000,0.0000000000,0.0000000000,0.0000000000,0.0000000000,0.0000000000,0.0000000000,0.0000000000,0.0000000000,0.0000000000,0.0000000000
confirmation-144,dg006,si_units,gray,0.0000000000,0.0000000000,0.0000000000,0.0000000000,0.0000000000,0.0000000000,0.0000000000,0.0000000000,0.0000000000,0.0000000000,0.0000000000,0.0000000000,0.0000000000,0.0000000000,0.0000000000,0.0000000000,0.0000000000,0.0000000000,0.0000000000,0.0000000000,0.0000000000,0.0000000000,0.0000000000,0.0000000000,0.0000000000,0.0000000000,0.0000000000,0.0000000000,0.0000000000,0.0000000000,0.0000000000,0.0000000000,0.0000000000,0.0000000000,0.0000000000,0.0000000000,0.0000000000,0.0000000000,0.0000000000,0.0000000000
confirmation-145,dg006,environment_geology,ozone,0.0000000000,0.0000000000,0.0000000000,0.0000000000,0.0000000000,0.0000000000,0.0000000000,0.0000000000,0.0000000000,0.0000000000,0.0000000000,0.0000000000,0.0000000000,0.0000000000,0.0000000000,0.0000000000,0.0000000000,0.0000000000,0.0000000000,0.0000000000,0.0000000000,0.0000000000,0.0000000000,0.0000000000,0.0000000000,0.6666666667,0.0000000000,0.0000000000,0.6666666667,0.6666666667,1.0000000000,0.0000000000,0.0000000000,1.0000000000,1.0000000000,1.0000000000,0.0000000000,0.0000000000,1.0000000000,1.0000000000
confirmation-146,dg006,environment_geology,ozone,0.0000000000,0.0000000000,0.0000000000,0.0000000000,0.0000000000,0.0833333333,0.0000000000,0.0000000000,0.0833333333,0.0833333333,0.0000000000,0.0000000000,0.0000000000,0.0000000000,0.0000000000,0.7500000000,0.0000000000,0.0000000000,0.7500000000,0.7500000000,0.0000000000,0.0000000000,0.0000000000,0.0000000000,0.0000000000,0.1666666667,0.0010548523,0.0000000000,0.1656118143,0.1666666667,0.9166666667,0.0000000000,0.0000000000,0.9166666667,0.9166666667,0.1666666667,0.0000000000,0.0000000000,0.1666666667,0.1666666667
confirmation-147,dg024,environment_geology,basalt,0.0000000000,0.0000000000,0.0000000000,0.0000000000,0.0000000000,0.0000000000,0.0000000000,0.0000000000,0.0000000000,0.0000000000,0.0000000000,0.0000000000,0.0000000000,0.0000000000,0.0000000000,0.0000000000,0.0000000000,0.0000000000,0.0000000000,0.0000000000,0.0000000000,0.0000000000,0.0000000000,0.0000000000,0.0000000000,0.0000000000,0.0000000000,0.0000000000,0.0000000000,0.0000000000,0.3333333333,0.0000000000,0.0000000000,0.3333333333,0.3333333333,0.0000000000,0.0000000000,0.0000000000,0.0000000000,0.0000000000
confirmation-148,dg024,environment_geology,basalt,0.0000000000,0.0000000000,0.0000000000,0.0000000000,0.0000000000,0.0000000000,0.0000000000,0.0000000000,0.0000000000,0.0000000000,0.2500000000,0.0105485232,0.1190476190,0.2394514768,0.1309523810,0.5000000000,0.0000000000,0.0000000000,0.5000000000,0.5000000000,0.0000000000,0.0000000000,0.0000000000,0.0000000000,0.0000000000,0.3333333333,0.0000000000,0.0000000000,0.3333333333,0.3333333333,1.0000000000,0.0105485232,0.0595238095,0.9894514768,0.9404761905,0.5000000000,0.0000000000,0.0000000000,0.5000000000,0.5000000000
confirmation-149,dg024,environment_geology,granite,0.0000000000,0.0000000000,0.0000000000,0.0000000000,0.0000000000,0.0000000000,0.0000000000,0.0000000000,0.0000000000,0.0000000000,0.0833333333,0.0000000000,0.0000000000,0.0833333333,0.0833333333,0.0000000000,0.0000000000,0.0000000000,0.0000000000,0.0000000000,0.0000000000,0.0000000000,0.0000000000,0.0000000000,0.0000000000,0.0000000000,0.0000000000,0.0000000000,0.0000000000,0.0000000000,0.7500000000,0.0073839662,0.0833333333,0.7426160338,0.6666666667,0.0000000000,0.0000000000,0.0000000000,0.0000000000,0.0000000000
confirmation-150,dg024,environment_geology,granite,0.0000000000,0.0000000000,0.0000000000,0.0000000000,0.0000000000,0.0000000000,0.0000000000,0.0000000000,0.0000000000,0.0000000000,0.0000000000,0.0000000000,0.0000000000,0.0000000000,0.0000000000,0.0000000000,0.0000000000,0.0000000000,0.0000000000,0.0000000000,0.0000000000,0.0000000000,0.0000000000,0.0000000000,0.0000000000,0.0000000000,0.0000000000,0.0000000000,0.0000000000,0.0000000000,0.5000000000,0.0000000000,0.0000000000,0.5000000000,0.5000000000,0.0000000000,0.0000000000,0.0000000000,0.0000000000,0.0000000000
confirmation-151,dg025,environment_geology,monsoon,0.0000000000,0.0000000000,0.0000000000,0.0000000000,0.0000000000,0.0000000000,0.0000000000,0.0000000000,0.0000000000,0.0000000000,0.0000000000,0.0000000000,0.0000000000,0.0000000000,0.0000000000,0.0833333333,0.0000000000,0.0000000000,0.0833333333,0.0833333333,0.0000000000,0.0000000000,0.0000000000,0.0000000000,0.0000000000,0.0833333333,0.0000000000,0.0000000000,0.0833333333,0.0833333333,1.0000000000,0.0000000000,0.0000000000,1.0000000000,1.0000000000,0.0833333333,0.0000000000,0.0000000000,0.0833333333,0.0833333333
confirmation-152,dg025,environment_geology,monsoon,0.0000000000,0.0000000000,0.0000000000,0.0000000000,0.0000000000,0.0000000000,0.0000000000,0.0000000000,0.0000000000,0.0000000000,0.0000000000,0.0000000000,0.0000000000,0.0000000000,0.0000000000,0.0000000000,0.0000000000,0.0000000000,0.0000000000,0.0000000000,0.0000000000,0.0000000000,0.0000000000,0.0000000000,0.0000000000,0.0000000000,0.0000000000,0.0000000000,0.0000000000,0.0000000000,1.0000000000,0.0000000000,0.0000000000,1.0000000000,1.0000000000,0.0000000000,0.0000000000,0.0000000000,0.0000000000,0.0000000000
confirmation-153,dg026,environment_geology,glacier,0.0000000000,0.0000000000,0.0000000000,0.0000000000,0.0000000000,0.0000000000,0.0000000000,0.0000000000,0.0000000000,0.0000000000,0.0000000000,0.0000000000,0.0000000000,0.0000000000,0.0000000000,0.0000000000,0.0000000000,0.0000000000,0.0000000000,0.0000000000,0.0000000000,0.0000000000,0.0000000000,0.0000000000,0.0000000000,0.0000000000,0.0000000000,0.0000000000,0.0000000000,0.0000000000,0.0000000000,0.0000000000,0.0000000000,0.0000000000,0.0000000000,0.0000000000,0.0000000000,0.0000000000,0.0000000000,0.0000000000
confirmation-154,dg026,environment_geology,glacier,0.0000000000,0.0000000000,0.0000000000,0.0000000000,0.0000000000,0.0000000000,0.0000000000,0.0000000000,0.0000000000,0.0000000000,0.0000000000,0.0000000000,0.0000000000,0.0000000000,0.0000000000,0.0000000000,0.0000000000,0.0000000000,0.0000000000,0.0000000000,0.0000000000,0.0000000000,0.0000000000,0.0000000000,0.0000000000,0.0000000000,0.0000000000,0.0000000000,0.0000000000,0.0000000000,0.4166666667,0.0000000000,0.0000000000,0.4166666667,0.4166666667,0.0000000000,0.0000000000,0.0000000000,0.0000000000,0.0000000000
confirmation-155,dg027,environment_geology,tornado,0.0000000000,0.0000000000,0.0000000000,0.0000000000,0.0000000000,0.0000000000,0.0000000000,0.0000000000,0.0000000000,0.0000000000,0.0000000000,0.0000000000,0.0000000000,0.0000000000,0.0000000000,0.1666666667,0.0000000000,0.0000000000,0.1666666667,0.1666666667,0.0000000000,0.0000000000,0.0000000000,0.0000000000,0.0000000000,0.9166666667,0.0000000000,0.0000000000,0.9166666667,0.9166666667,0.6666666667,0.0031645570,0.0357142857,0.6635021097,0.6309523810,0.9166666667,0.0000000000,0.0000000000,0.9166666667,0.9166666667
confirmation-156,dg027,environment_geology,tornado,0.0000000000,0.0000000000,0.0000000000,0.0000000000,0.0000000000,0.0000000000,0.0000000000,0.0000000000,0.0000000000,0.0000000000,0.0000000000,0.0073839662,0.0357142857,-0.0073839662,-0.0357142857,0.0000000000,0.0000000000,0.0000000000,0.0000000000,0.0000000000,0.0000000000,0.0000000000,0.0000000000,0.0000000000,0.0000000000,0.0000000000,0.0000000000,0.0000000000,0.0000000000,0.0000000000,0.4166666667,0.0000000000,0.0000000000,0.4166666667,0.4166666667,0.0000000000,0.0000000000,0.0000000000,0.0000000000,0.0000000000
confirmation-157,dg028,environment_geology,earthquake,0.0000000000,0.0000000000,0.0000000000,0.0000000000,0.0000000000,0.5833333333,0.0000000000,0.0000000000,0.5833333333,0.5833333333,0.1666666667,0.0010548523,0.0000000000,0.1656118143,0.1666666667,0.6666666667,0.0052742616,0.0000000000,0.6613924051,0.6666666667,0.0000000000,0.0000000000,0.0000000000,0.0000000000,0.0000000000,0.9166666667,0.0000000000,0.0000000000,0.9166666667,0.9166666667,1.0000000000,0.0000000000,0.0000000000,1.0000000000,1.0000000000,0.8333333333,0.0000000000,0.0000000000,0.8333333333,0.8333333333
confirmation-158,dg028,environment_geology,earthquake,0.0000000000,0.0000000000,0.0000000000,0.0000000000,0.0000000000,0.5000000000,0.0021097046,0.0000000000,0.4978902954,0.5000000000,0.0833333333,0.0000000000,0.0000000000,0.0833333333,0.0833333333,0.5000000000,0.0073839662,0.0000000000,0.4926160338,0.5000000000,0.0000000000,0.0000000000,0.0000000000,0.0000000000,0.0000000000,0.3333333333,0.0021097046,0.0000000000,0.3312236287,0.3333333333,1.0000000000,0.0000000000,0.0000000000,1.0000000000,1.0000000000,0.5833333333,0.0021097046,0.0000000000,0.5812236287,0.5833333333
confirmation-159,dg003,environment_geology,permafrost,0.0000000000,0.0000000000,0.0000000000,0.0000000000,0.0000000000,0.0000000000,0.0000000000,0.0000000000,0.0000000000,0.0000000000,0.0000000000,0.0105485232,0.0000000000,-0.0105485232,0.0000000000,0.5000000000,0.0000000000,0.0000000000,0.5000000000,0.5000000000,0.0000000000,0.0000000000,0.0000000000,0.0000000000,0.0000000000,0.0000000000,0.0000000000,0.0000000000,0.0000000000,0.0000000000,0.9166666667,0.0052742616,0.0595238095,0.9113924051,0.8571428571,0.0000000000,0.0000000000,0.0000000000,0.0000000000,0.0000000000
confirmation-160,dg003,environment_geology,permafrost,0.0000000000,0.0000000000,0.0000000000,0.0000000000,0.0000000000,0.0000000000,0.0000000000,0.0000000000,0.0000000000,0.0000000000,0.0000000000,0.0000000000,0.0000000000,0.0000000000,0.0000000000,0.0000000000,0.0000000000,0.0000000000,0.0000000000,0.0000000000,0.0000000000,0.0000000000,0.0000000000,0.0000000000,0.0000000000,0.0000000000,0.0000000000,0.0000000000,0.0000000000,0.0000000000,0.0000000000,0.0126582278,0.1428571429,-0.0126582278,-0.1428571429,0.0000000000,0.0000000000,0.0000000000,0.0000000000,0.0000000000
