virtual,pass,physical,raw,final,local1,local2,local3
0,1,1,0.005788,0.000000,-0.000483,0.000000,0.000000
1,1,2,0.021893,0.000000,0.000000,0.000000,0.000000
2,1,3,0.007244,0.000000,-0.000161,0.000000,-0.000322
3,1,4,-0.000644,-0.000161,-0.001932,0.000000,-0.000161
4,1,5,0.006598,0.000000,-0.000161,0.000000,-0.000322
5,1,6,-0.004523,-0.003060,-0.000322,0.000000,0.000000
6,1,7,-0.000161,-0.000322,-0.000322,0.000000,0.000000
7,1,8,0.000000,-0.000644,-0.000485,0.000000,0.000000
8,1,9,0.011111,-0.000483,-0.000161,0.000000,0.000000
9,1,10,-0.000805,-0.000483,-0.000483,-0.000644,-0.000483
10,1,11,-0.000485,-0.000483,-0.000324,-0.000805,-0.000161
11,1,12,-0.000161,-0.001127,-0.000646,-0.000322,-0.000161
12,1,13,-0.000322,-0.005167,-0.000644,-0.000322,-0.000161
13,1,14,-0.000805,0.005631,-0.000805,-0.000161,-0.000161
14,1,15,-0.000644,0.006759,-0.001288,-0.000322,0.000000
15,1,16,0.010467,-0.002901,0.008693,-0.001610,-0.000161
16,1,17,0.096618,-0.001456,0.009015,-0.000483,0.000000
17,1,18,0.063929,-0.000966,0.053460,-0.001610,0.000000
18,1,19,0.095813,-0.000161,0.031884,-0.001932,0.000000
19,1,20,0.129791,-0.002093,0.010950,0.000000,-0.000161
20,1,21,0.151208,-0.000966,0.055395,0.000000,-0.000161
21,1,22,0.106763,-0.001774,0.054911,-0.000161,0.000000
22,1,23,0.109179,-0.000483,0.054267,0.000000,0.000000
23,1,24,0.065217,-0.000644,0.087276,0.010950,0.000000
24,1,25,0.096938,-0.001937,0.186130,0.010467,0.000000
25,1,26,0.082280,-0.002742,0.189514,0.009501,0.000000
26,1,27,0.070522,0.014649,0.199981,0.010950,0.000000
27,1,28,0.038484,0.004829,0.211736,0.010628,0.000000
28,1,29,0.014488,-0.004348,0.201104,0.009018,-0.000322
29,1,30,0.005634,-0.001610,0.170508,0.009823,-0.000161
30,1,31,0.007081,-0.001449,0.172125,0.010145,0.000000
31,1,32,-0.003225,-0.000161,0.171642,0.010467,-0.001449
32,1,33,-0.004199,-0.001610,0.105783,0.000000,-0.000483
33,1,34,-0.004362,-0.001771,0.104007,0.000000,-0.002254
34,1,35,-0.005167,-0.000966,0.126876,0.000000,-0.000644
35,1,36,-0.004994,-0.000966,0.083565,0.000000,-0.000805
36,1,37,-0.007407,-0.002254,0.013510,0.000000,-0.000644
37,1,38,0.011433,0.009340,0.049105,0.000000,-0.000644
38,1,39,0.035427,0.007729,0.060701,0.000000,-0.001288
39,1,40,0.056510,0.009340,0.069354,0.000000,-0.000966
40,1,41,0.116060,0.007729,0.078521,0.000000,-0.000805
41,1,42,0.126530,-0.001932,0.111532,-0.000161,-0.000322
42,1,43,0.182076,-0.002415,0.111049,-0.000644,-0.000483
43,1,44,0.222497,0.007246,0.175623,-0.000322,-0.002254
44,1,45,0.216856,-0.002738,0.214592,-0.001127,-0.005314
45,1,46,0.186390,-0.005153,0.195735,-0.001127,-0.008213
46,1,47,0.140489,-0.007085,0.200071,-0.001610,0.005153
47,1,48,0.095399,-0.002254,,-0.000161,0.006763
48,2,1,0.130686,-0.001449,,-0.001771,0.008374
49,2,2,0.095489,-0.003060,,0.004341,-0.005153
50,2,3,0.068417,-0.002254,,0.009337,-0.005153
51,2,4,0.061023,-0.001127,,0.011426,-0.011436
52,2,5,0.052809,-0.001127,,0.009977,-0.013043
53,2,6,0.031555,-0.001932,,0.010135,-0.014010
54,2,7,0.009977,-0.001449,,-0.009515,-0.013205
55,2,8,0.009648,-0.003221,,0.011085,-0.011919
56,2,9,-0.001137,-0.001771,,-0.000019,-0.016913
57,2,10,-0.000646,-0.001771,,-0.008880,-0.013370
58,2,11,-0.000483,-0.003865,,0.000467,-0.012404
59,2,12,-0.000322,-0.006602,,0.024782,-0.008052
60,2,13,-0.000644,-0.005153,,0.027039,-0.010628
61,2,14,0.010467,-0.003382,,0.004656,-0.000805
62,2,15,0.008369,-0.000644,,0.018999,0.001449
63,2,16,0.019963,-0.000644,,0.017228,0.000644
64,2,17,0.128166,-0.000644,,0.051205,0.001932
65,2,18,0.140082,-0.001288,,0.050237,0.000320
66,2,19,0.150547,-0.000161,,0.075682,0.005314
67,2,20,0.172923,-0.002576,,0.000000,-0.001617
68,2,21,0.159877,-0.000322,,0.033172,-0.000322
69,2,22,0.127837,-0.003543,,0.066184,-0.000483
70,2,23,0.151513,-0.004348,,0.140731,-0.005797
71,2,24,0.053607,-0.004509,,0.128817,-0.000966
72,2,25,0.135881,-0.015942,,0.201726,-0.005958
73,2,26,0.125592,-0.008535,,0.213943,-0.005636
74,2,27,0.092261,-0.019163,,0.203971,-0.000966
75,2,28,0.091773,-0.020453,,0.196895,-0.006119
76,2,29,0.046204,-0.011758,,0.208004,-0.006119
77,2,30,0.037347,-0.026892,,0.197054,-0.007085
78,2,31,0.005953,-0.020299,,0.152768,-0.002903
79,2,32,0.007727,-0.019980,,0.165494,-0.000805
80,2,33,0.006751,-0.025123,,0.102382,-0.000161
81,2,34,0.017050,-0.021578,,0.112371,-0.000161
82,2,35,0.005451,-0.017874,,0.101580,0.000000
83,2,36,0.005788,-0.019324,,0.070996,-0.000161
84,2,37,-0.007417,-0.015629,,0.070517,-0.000483
85,2,38,0.033802,-0.000646,,0.093386,-0.000483
86,2,39,0.043952,-0.002430,,0.089647,-0.002259
87,2,40,0.097362,-0.000819,,0.078680,0.000000
88,2,41,0.247433,-0.005162,,0.233752,-0.001937
89,2,42,0.267727,-0.000646,,0.231822,-0.002908
90,2,43,0.236163,-0.000969,,0.265954,-0.004201
91,2,44,0.324405,-0.008710,,0.318289,-0.006631
92,2,45,0.332935,-0.007900,,0.336963,0.004987
93,2,46,0.367869,0.000630,,0.382360,0.054904
94,2,47,0.229857,-0.001617,,0.256749,0.043630
95,2,48,0.206668,0.002091,,,0.030757
96,3,1,0.226174,-0.006927,,,0.022045
97,3,2,0.131396,-0.017567,,,0.019463
98,3,3,0.070527,-0.012892,,,0.056017
99,3,4,0.101598,-0.019650,,,0.037501
100,3,5,0.136871,-0.017879,,,0.043952
101,3,6,0.059735,-0.018045,,,0.063915
102,3,7,0.051203,-0.017394,,,0.076317
103,3,8,0.019804,-0.018528,,,0.062627
104,3,9,0.009176,-0.007576,,,0.022047
105,3,10,-0.002915,-0.004196,,,0.034285
106,3,11,-0.001449,0.006756,,,0.034288
107,3,12,0.009340,-0.017725,,,0.032999
108,3,13,-0.002093,-0.006138,,,0.036547
109,3,14,0.041063,0.004334,,,0.017221
110,3,15,0.040738,0.005622,,,0.018514
111,3,16,0.084212,0.015935,,,0.038960
112,3,17,0.181787,0.005146,,,0.079533
113,3,18,0.181616,0.004341,,,0.113356
114,3,19,0.226539,0.007883,,,0.125912
115,3,20,0.282912,0.035410,,,0.190165
116,3,21,0.238152,0.005305,,,0.211741
117,3,22,0.215918,0.006436,,,0.181145
118,3,23,0.195155,0.009967,,,0.204982
119,3,24,0.107557,0.003853,,,0.205461
120,3,25,0.168568,0.018672,,,0.295460
121,3,26,0.188534,0.027195,,,0.328474
122,3,27,0.188541,0.025099,,,0.319459
123,3,28,0.165835,0.026073,,,0.318649
124,3,29,0.122035,0.027685,,,0.307211
125,3,30,0.101909,0.027370,,,0.286125
126,3,31,0.091288,0.011741,,,0.264384
127,3,32,0.049254,0.003358,,,0.232661
128,3,33,0.047641,-0.005011,,,0.169224
129,3,34,0.036689,-0.005177,,,0.202233
130,3,35,0.048446,-0.004530,,,0.169707
131,3,36,0.024775,-0.003879,,,0.172286
132,3,37,0.034127,-0.004360,,,0.115923
133,3,38,0.097085,-0.002584,,,0.170344
134,3,39,0.151021,-0.003230,,,0.167270
135,3,40,0.227311,-0.000161,,,0.157433
136,3,41,0.266756,-0.003713,,,0.277067
137,3,42,0.290276,-0.004362,,,0.288505
138,3,43,0.259517,-0.007272,,,0.297520
139,3,44,0.358546,0.043286,,,0.347762
140,3,45,0.324735,0.040568,,,0.347284
141,3,46,0.362570,0.059408,,,0.333572
142,3,47,0.242427,0.049098,,,0.232767
143,3,48,0.207483,0.035900,,,
144,4,1,0.191089,0.032670,,,
145,4,2,0.110462,0.073079,,,
146,4,3,0.093230,0.067299,,,
147,4,4,0.129945,0.074548,,,
148,4,5,0.175514,0.065047,,,
149,4,6,0.110777,0.075189,,,
150,4,7,0.069719,0.120117,,,
151,4,8,0.050722,0.096768,,,
152,4,9,0.028822,0.067299,,,
153,4,10,0.022859,0.045399,,,
154,4,11,0.018516,0.068265,,,
155,4,12,0.030274,0.067458,,,
156,4,13,0.019321,0.068426,,,
157,4,14,0.074394,0.092578,,,
158,4,15,0.094039,0.071000,,,
159,4,16,0.161016,0.081470,,,
160,4,17,0.225241,0.156666,,,
161,4,18,0.258906,0.167616,,,
162,4,19,0.303031,0.180016,,,
163,4,20,0.325741,0.242173,,,
164,4,21,0.346992,0.254883,,,
165,4,22,0.291439,0.267765,,,
166,4,23,0.259894,0.256818,,,
167,4,24,0.172288,0.225751,,,
168,4,25,0.201584,0.295946,,,
169,4,26,0.196734,0.350213,,,
170,4,27,0.207691,0.317031,,,
171,4,28,0.174836,0.338129,,,
172,4,29,0.153097,0.349564,,,
173,4,30,0.131365,0.329435,,,
174,4,31,0.100779,0.319937,,,
175,4,32,0.080006,0.321708,,,
176,4,33,0.089827,0.290795,,,
177,4,34,0.068573,0.277903,,,
178,4,35,0.068092,0.268400,,,
179,4,36,0.056015,0.225407,,,
180,4,37,0.097727,0.203019,,,
181,4,38,0.151018,0.191584,,,
182,4,39,0.137477,0.219908,,,
183,4,40,0.215077,0.189320,,,
184,4,41,0.302185,0.274327,,,
185,4,42,0.289478,0.266117,,,
186,4,43,0.279156,0.261286,,,
187,4,44,0.356135,0.341318,,,
188,4,45,0.279646,0.341323,,,
189,4,46,0.323122,0.272871,,,
190,4,47,0.241619,0.243720,,,
191,4,48,0.185583,0.185583,,,
