loop,physical_layer,probe,logit_lens,j_lens,logit_lens_one_form,j_lens_one_form
1,1,0.0,0.0,0.05555555555555555,0.0,0.05555555555555555
1,2,0.0,0.0,0.043402777777777776,0.0,0.041666666666666664
1,3,0.0,0.0,0.0,0.0,0.050347222222222224
1,4,0.0,0.0,0.0,0.0,0.020833333333333332
1,5,0.0,0.05555555555555555,0.0,0.027777777777777776,0.08333333333333333
1,6,0.0,0.03125,0.08333333333333333,0.015625,0.08333333333333333
1,7,0.0,0.05555555555555555,0.0,0.057291666666666664,0.09722222222222222
1,8,0.0,0.05555555555555555,0.0,0.057291666666666664,0.08333333333333333
1,9,0.0,0.125,0.012152777777777778,0.08333333333333333,0.06944444444444445
1,10,0.0,0.125,0.06944444444444445,0.0642361111111111,0.06944444444444445
1,11,0.0,0.11458333333333333,0.06944444444444445,0.125,0.06944444444444445
1,12,0.0,0.06597222222222222,0.0,0.1111111111111111,0.06944444444444445
1,13,0.0,0.0625,0.0,0.09375,0.06944444444444445
1,14,0.0,0.08680555555555555,0.0,0.0763888888888889,0.078125
1,15,0.0,0.0642361111111111,0.08333333333333333,0.0642361111111111,0.08159722222222222
1,16,0.0,0.034722222222222224,0.05381944444444445,0.06076388888888889,0.08506944444444445
1,17,0.0,0.078125,0.07291666666666667,0.04861111111111111,0.09375
1,18,0.0,0.022569444444444444,0.08854166666666667,0.03298611111111111,0.07118055555555555
1,19,0.0,0.2065972222222222,0.09722222222222222,0.2065972222222222,0.03993055555555555
1,20,0.14583333333333334,0.6423611111111112,0.0,0.6267361111111112,0.08680555555555555
1,21,0.3003472222222222,0.7291666666666666,0.0,0.7482638888888888,0.020833333333333332
1,22,0.3229166666666667,0.734375,0.0,0.7100694444444444,0.0642361111111111
1,23,0.3628472222222222,0.7899305555555556,0.06597222222222222,0.7899305555555556,0.08333333333333333
1,24,0.4427083333333333,0.7743055555555556,0.043402777777777776,0.78125,0.06944444444444445
1,25,0.5763888888888888,0.8159722222222222,0.265625,0.8177083333333334,0.1284722222222222
1,26,0.6267361111111112,0.7795138888888888,0.2777777777777778,0.7795138888888888,0.3020833333333333
1,27,0.5920138888888888,0.6944444444444444,0.4305555555555556,0.6892361111111112,0.1996527777777778
1,28,0.6006944444444444,0.7586805555555556,0.10590277777777778,0.7482638888888888,0.07118055555555555
1,29,0.5798611111111112,0.8038194444444444,0.296875,0.796875,0.3454861111111111
1,30,0.5920138888888888,0.8038194444444444,0.28125,0.8020833333333334,0.3038194444444444
1,31,0.5972222222222222,0.8454861111111112,0.008680555555555556,0.8333333333333334,0.3055555555555556
1,32,0.5954861111111112,0.8038194444444444,0.22395833333333334,0.7899305555555556,0.3524305555555556
1,33,0.5972222222222222,0.8402777777777778,0.3871527777777778,0.8090277777777778,0.390625
1,34,0.5989583333333334,0.8090277777777778,0.3871527777777778,0.7986111111111112,0.3767361111111111
1,35,0.6111111111111112,0.8315972222222222,0.3663194444444444,0.8333333333333334,0.3420138888888889
1,36,0.6111111111111112,0.8229166666666666,0.4166666666666667,0.8194444444444444,0.3680555555555556
1,37,0.6163194444444444,0.6666666666666666,0.3298611111111111,0.5572916666666666,0.1684027777777778
1,38,0.6111111111111112,0.7326388888888888,0.3454861111111111,0.625,0.1909722222222222
1,39,0.6180555555555556,0.7256944444444444,0.3142361111111111,0.6267361111111112,0.1371527777777778
1,40,0.5972222222222222,0.6319444444444444,0.3090277777777778,0.53125,0.08333333333333333
1,41,0.6197916666666666,0.6302083333333334,0.3611111111111111,0.5208333333333334,0.08506944444444445
1,42,0.6059027777777778,0.6701388888888888,0.3385416666666667,0.5642361111111112,0.08333333333333333
1,43,0.5711805555555556,0.6631944444444444,0.2569444444444444,0.5607638888888888,0.08333333333333333
1,44,0.5798611111111112,0.6423611111111112,0.2777777777777778,0.5434027777777778,0.09722222222222222
1,45,0.5746527777777778,0.4791666666666667,0.3506944444444444,0.4375,0.10416666666666667
1,46,0.5746527777777778,0.4079861111111111,0.3680555555555556,0.4079861111111111,0.4479166666666667
1,47,0.5694444444444444,0.4097222222222222,0.3715277777777778,0.4097222222222222,0.15104166666666666
1,48,0.5503472222222222,0.4079861111111111,0.3697916666666667,0.4079861111111111,0.12152777777777778
2,1,0.5572916666666666,0.4184027777777778,0.4045138888888889,0.4079861111111111,0.2743055555555556
2,2,0.5659722222222222,0.5,0.5,0.453125,0.4756944444444444
2,3,0.5677083333333334,0.3697916666666667,0.4930555555555556,0.3732638888888889,0.4791666666666667
2,4,0.5763888888888888,0.3489583333333333,0.3784722222222222,0.375,0.16493055555555555
2,5,0.5850694444444444,0.3402777777777778,0.3541666666666667,0.3923611111111111,0.14583333333333334
2,6,0.5972222222222222,0.4635416666666667,0.3524305555555556,0.3958333333333333,0.1440972222222222
2,7,0.5989583333333334,0.4444444444444444,0.3420138888888889,0.4913194444444444,0.08854166666666667
2,8,0.5694444444444444,0.4340277777777778,0.3611111111111111,0.3767361111111111,0.11458333333333333
2,9,0.5694444444444444,0.3958333333333333,0.3732638888888889,0.4427083333333333,0.10069444444444445
2,10,0.5746527777777778,0.2309027777777778,0.3680555555555556,0.4444444444444444,0.08854166666666667
2,11,0.5538194444444444,0.3871527777777778,0.3715277777777778,0.3559027777777778,0.08854166666666667
2,12,0.5399305555555556,0.3142361111111111,0.3732638888888889,0.2795138888888889,0.11805555555555555
2,13,0.53125,0.1753472222222222,0.3784722222222222,0.1440972222222222,0.125
2,14,0.4409722222222222,0.21180555555555555,0.359375,0.21180555555555555,0.08506944444444445
2,15,0.2847222222222222,0.2795138888888889,0.3541666666666667,0.3923611111111111,0.0798611111111111
2,16,0.2621527777777778,0.22395833333333334,0.3541666666666667,0.3038194444444444,0.0920138888888889
2,17,0.2708333333333333,0.2048611111111111,0.2916666666666667,0.28125,0.0642361111111111
2,18,0.28125,0.21875,0.3402777777777778,0.22569444444444445,0.07291666666666667
2,19,0.2916666666666667,0.1076388888888889,0.3229166666666667,0.09375,0.059027777777777776
2,20,0.3350694444444444,0.11805555555555555,0.2847222222222222,0.09722222222222222,0.2847222222222222
2,21,0.3524305555555556,0.0954861111111111,0.2899305555555556,0.08333333333333333,0.2899305555555556
2,22,0.3489583333333333,0.026041666666666668,0.2881944444444444,0.026041666666666668,0.2881944444444444
2,23,0.3628472222222222,0.022569444444444444,0.3680555555555556,0.022569444444444444,0.08159722222222222
2,24,0.3663194444444444,0.012152777777777778,0.3819444444444444,0.012152777777777778,0.3333333333333333
2,25,0.3819444444444444,0.006944444444444444,0.3003472222222222,0.008680555555555556,0.2777777777777778
2,26,0.3836805555555556,0.012152777777777778,0.3020833333333333,0.010416666666666666,0.2829861111111111
2,27,0.3923611111111111,0.012152777777777778,0.2673611111111111,0.013888888888888888,0.2309027777777778
2,28,0.3888888888888889,0.015625,0.24305555555555555,0.013888888888888888,0.22743055555555555
2,29,0.3940972222222222,0.020833333333333332,0.2552083333333333,0.020833333333333332,0.22569444444444445
2,30,0.3940972222222222,0.013888888888888888,0.2517361111111111,0.017361111111111112,0.2326388888888889
2,31,0.3940972222222222,0.027777777777777776,0.234375,0.026041666666666668,0.22916666666666666
2,32,0.3506944444444444,0.03298611111111111,0.2621527777777778,0.03298611111111111,0.2638888888888889
2,33,0.3697916666666667,0.027777777777777776,0.265625,0.027777777777777776,0.2517361111111111
2,34,0.40625,0.03125,0.2621527777777778,0.03125,0.2482638888888889
2,35,0.3784722222222222,0.019097222222222224,0.2586805555555556,0.022569444444444444,0.2534722222222222
2,36,0.4045138888888889,0.012152777777777778,0.24479166666666666,0.017361111111111112,0.24131944444444445
2,37,0.3940972222222222,0.026041666666666668,0.2482638888888889,0.034722222222222224,0.265625
2,38,0.3975694444444444,0.029513888888888888,0.2482638888888889,0.029513888888888888,0.2569444444444444
2,39,0.4079861111111111,0.036458333333333336,0.2361111111111111,0.03993055555555555,0.2361111111111111
2,40,0.3940972222222222,0.03993055555555555,0.23958333333333334,0.03819444444444445,0.22743055555555555
2,41,0.4079861111111111,0.034722222222222224,0.2326388888888889,0.03298611111111111,0.2152777777777778
2,42,0.3975694444444444,0.03993055555555555,0.2326388888888889,0.03993055555555555,0.22569444444444445
2,43,0.3854166666666667,0.017361111111111112,0.234375,0.017361111111111112,0.22395833333333334
2,44,0.3697916666666667,0.015625,0.1996527777777778,0.015625,0.17708333333333334
2,45,0.3559027777777778,0.020833333333333332,0.2048611111111111,0.020833333333333332,0.19444444444444445
2,46,0.3576388888888889,0.020833333333333332,0.21006944444444445,0.020833333333333332,0.19270833333333334
2,47,0.359375,0.034722222222222224,0.19791666666666666,0.034722222222222224,0.19618055555555555
2,48,0.3576388888888889,0.024305555555555556,0.19791666666666666,0.024305555555555556,0.21006944444444445
3,1,0.3454861111111111,0.034722222222222224,0.1753472222222222,0.034722222222222224,0.18055555555555555
3,2,0.3541666666666667,0.022569444444444444,0.1701388888888889,0.019097222222222224,0.14756944444444445
3,3,0.3506944444444444,0.013888888888888888,0.13020833333333334,0.027777777777777776,0.12152777777777778
3,4,0.3211805555555556,0.017361111111111112,0.14930555555555555,0.013888888888888888,0.1736111111111111
3,5,0.3333333333333333,0.020833333333333332,0.1371527777777778,0.008680555555555556,0.14930555555555555
3,6,0.3350694444444444,0.034722222222222224,0.14583333333333334,0.015625,0.16145833333333334
3,7,0.3350694444444444,0.013888888888888888,0.15625,0.017361111111111112,0.16319444444444445
3,8,0.3211805555555556,0.005208333333333333,0.1545138888888889,0.012152777777777778,0.1579861111111111
3,9,0.3142361111111111,0.022569444444444444,0.1579861111111111,0.019097222222222224,0.16319444444444445
3,10,0.3177083333333333,0.013888888888888888,0.1684027777777778,0.034722222222222224,0.1579861111111111
3,11,0.2934027777777778,0.026041666666666668,0.16145833333333334,0.03993055555555555,0.1579861111111111
3,12,0.2777777777777778,0.05555555555555555,0.1597222222222222,0.041666666666666664,0.16319444444444445
3,13,0.2638888888888889,0.034722222222222224,0.1527777777777778,0.024305555555555556,0.16319444444444445
3,14,0.057291666666666664,0.09722222222222222,0.15625,0.08333333333333333,0.16145833333333334
3,15,0.0,0.06770833333333333,0.1597222222222222,0.07118055555555555,0.1597222222222222
3,16,0.0,0.0763888888888889,0.14756944444444445,0.09027777777777778,0.16145833333333334
3,17,0.0,0.10416666666666667,0.16493055555555555,0.0954861111111111,0.16666666666666666
3,18,0.0,0.0763888888888889,0.16145833333333334,0.0920138888888889,0.1684027777777778
3,19,0.005208333333333333,0.11631944444444445,0.1701388888888889,0.10243055555555555,0.1545138888888889
3,20,0.03298611111111111,0.17881944444444445,0.09722222222222222,0.14930555555555555,0.09722222222222222
3,21,0.06597222222222222,0.08680555555555555,0.0954861111111111,0.09027777777777778,0.09375
3,22,0.07291666666666667,0.013888888888888888,0.1076388888888889,0.013888888888888888,0.1111111111111111
3,23,0.06770833333333333,0.015625,0.13020833333333334,0.020833333333333332,0.13194444444444445
3,24,0.08333333333333333,0.015625,0.07465277777777778,0.020833333333333332,0.0954861111111111
3,25,0.13020833333333334,0.010416666666666666,0.043402777777777776,0.015625,0.046875
3,26,0.1527777777777778,0.015625,0.043402777777777776,0.019097222222222224,0.036458333333333336
3,27,0.22916666666666666,0.010416666666666666,0.034722222222222224,0.010416666666666666,0.029513888888888888
3,28,0.265625,0.012152777777777778,0.036458333333333336,0.017361111111111112,0.026041666666666668
3,29,0.2569444444444444,0.017361111111111112,0.052083333333333336,0.019097222222222224,0.029513888888888888
3,30,0.2534722222222222,0.015625,0.052083333333333336,0.015625,0.027777777777777776
3,31,0.24131944444444445,0.010416666666666666,0.0625,0.017361111111111112,0.027777777777777776
3,32,0.23958333333333334,0.010416666666666666,0.057291666666666664,0.015625,0.03125
3,33,0.2673611111111111,0.012152777777777778,0.046875,0.015625,0.029513888888888888
3,34,0.2569444444444444,0.010416666666666666,0.04513888888888889,0.012152777777777778,0.026041666666666668
3,35,0.265625,0.010416666666666666,0.046875,0.010416666666666666,0.024305555555555556
3,36,0.2673611111111111,0.008680555555555556,0.043402777777777776,0.010416666666666666,0.026041666666666668
3,37,0.2621527777777778,0.012152777777777778,0.03993055555555555,0.015625,0.036458333333333336
3,38,0.2916666666666667,0.013888888888888888,0.020833333333333332,0.013888888888888888,0.026041666666666668
3,39,0.2847222222222222,0.010416666666666666,0.020833333333333332,0.015625,0.03125
3,40,0.3020833333333333,0.012152777777777778,0.013888888888888888,0.013888888888888888,0.029513888888888888
3,41,0.2881944444444444,0.015625,0.027777777777777776,0.017361111111111112,0.029513888888888888
3,42,0.2378472222222222,0.019097222222222224,0.015625,0.019097222222222224,0.03298611111111111
3,43,0.2378472222222222,0.012152777777777778,0.029513888888888888,0.012152777777777778,0.03125
3,44,0.21180555555555555,0.010416666666666666,0.04513888888888889,0.010416666666666666,0.03125
3,45,0.20833333333333334,0.010416666666666666,0.036458333333333336,0.010416666666666666,0.036458333333333336
3,46,0.21006944444444445,0.017361111111111112,0.03993055555555555,0.017361111111111112,0.03819444444444445
3,47,0.19791666666666666,0.022569444444444444,0.07118055555555555,0.022569444444444444,0.052083333333333336
3,48,0.1909722222222222,0.015625,0.0920138888888889,0.015625,0.07465277777777778
4,1,0.21354166666666666,0.03819444444444445,0.03298611111111111,0.03819444444444445,0.029513888888888888
4,2,0.2309027777777778,0.029513888888888888,0.04513888888888889,0.019097222222222224,0.04513888888888889
4,3,0.2569444444444444,0.027777777777777776,0.022569444444444444,0.03298611111111111,0.029513888888888888
4,4,0.22743055555555555,0.03298611111111111,0.046875,0.013888888888888888,0.03993055555555555
4,5,0.21875,0.05381944444444445,0.04861111111111111,0.017361111111111112,0.03819444444444445
4,6,0.24479166666666666,0.057291666666666664,0.043402777777777776,0.017361111111111112,0.03298611111111111
4,7,0.24305555555555555,0.03298611111111111,0.043402777777777776,0.022569444444444444,0.03298611111111111
4,8,0.21354166666666666,0.022569444444444444,0.043402777777777776,0.024305555555555556,0.034722222222222224
4,9,0.2222222222222222,0.034722222222222224,0.043402777777777776,0.029513888888888888,0.03819444444444445
4,10,0.2152777777777778,0.05381944444444445,0.04861111111111111,0.03298611111111111,0.041666666666666664
4,11,0.21006944444444445,0.04513888888888889,0.04513888888888889,0.03125,0.04513888888888889
4,12,0.2204861111111111,0.043402777777777776,0.04513888888888889,0.027777777777777776,0.043402777777777776
4,13,0.19791666666666666,0.03125,0.04513888888888889,0.026041666666666668,0.03993055555555555
4,14,0.046875,0.08506944444444445,0.034722222222222224,0.04861111111111111,0.03298611111111111
4,15,0.0,0.0625,0.03819444444444445,0.046875,0.03125
4,16,0.0,0.06944444444444445,0.027777777777777776,0.041666666666666664,0.03298611111111111
4,17,0.0,0.057291666666666664,0.022569444444444444,0.052083333333333336,0.026041666666666668
4,18,0.0,0.0625,0.03993055555555555,0.059027777777777776,0.036458333333333336
4,19,0.003472222222222222,0.1597222222222222,0.05381944444444445,0.15104166666666666,0.04513888888888889
4,20,0.0625,0.3107638888888889,0.046875,0.2777777777777778,0.036458333333333336
4,21,0.11284722222222222,0.24131944444444445,0.052083333333333336,0.21354166666666666,0.03819444444444445
4,22,0.10590277777777778,0.1701388888888889,0.06770833333333333,0.14756944444444445,0.057291666666666664
4,23,0.09895833333333333,0.1597222222222222,0.07291666666666667,0.15104166666666666,0.06770833333333333
4,24,0.09722222222222222,0.1684027777777778,0.08854166666666667,0.16319444444444445,0.07118055555555555
4,25,0.13020833333333334,0.11631944444444445,0.06944444444444445,0.11284722222222222,0.05555555555555555
4,26,0.16319444444444445,0.11805555555555555,0.10243055555555555,0.10416666666666667,0.0798611111111111
4,27,0.2204861111111111,0.08854166666666667,0.10590277777777778,0.078125,0.08854166666666667
4,28,0.234375,0.08854166666666667,0.08159722222222222,0.08854166666666667,0.07291666666666667
4,29,0.25,0.078125,0.08854166666666667,0.0798611111111111,0.078125
4,30,0.24131944444444445,0.0625,0.09027777777777778,0.06944444444444445,0.0798611111111111
4,31,0.24131944444444445,0.06597222222222222,0.08506944444444445,0.059027777777777776,0.0763888888888889
4,32,0.2361111111111111,0.0625,0.09895833333333333,0.059027777777777776,0.08159722222222222
4,33,0.23958333333333334,0.06944444444444445,0.1076388888888889,0.06076388888888889,0.08854166666666667
4,34,0.24131944444444445,0.059027777777777776,0.109375,0.05381944444444445,0.09375
4,35,0.2378472222222222,0.06597222222222222,0.11979166666666667,0.059027777777777776,0.0954861111111111
4,36,0.24305555555555555,0.043402777777777776,0.10416666666666667,0.03993055555555555,0.09375
4,37,0.2534722222222222,0.043402777777777776,0.078125,0.03819444444444445,0.07465277777777778
4,38,0.2517361111111111,0.05381944444444445,0.07291666666666667,0.046875,0.06944444444444445
4,39,0.2482638888888889,0.041666666666666664,0.07291666666666667,0.041666666666666664,0.07118055555555555
4,40,0.2673611111111111,0.041666666666666664,0.06076388888888889,0.03993055555555555,0.06076388888888889
4,41,0.2517361111111111,0.050347222222222224,0.078125,0.050347222222222224,0.078125
4,42,0.2204861111111111,0.043402777777777776,0.06076388888888889,0.043402777777777776,0.06076388888888889
4,43,0.203125,0.052083333333333336,0.0625,0.052083333333333336,0.0625
4,44,0.19618055555555555,0.05381944444444445,0.06076388888888889,0.05555555555555555,0.06076388888888889
4,45,0.21180555555555555,0.06076388888888889,0.08854166666666667,0.06076388888888889,0.08854166666666667
4,46,0.2170138888888889,0.06944444444444445,0.0920138888888889,0.06944444444444445,0.0920138888888889
4,47,0.2048611111111111,0.04513888888888889,0.046875,0.04513888888888889,0.046875
4,48,0.19444444444444445,0.041666666666666664,0.041666666666666664,0.041666666666666664,0.041666666666666664
