virtual,pass,physical,in_primary_band,raw_own,raw_control,raw_excess,fit01_own,fit01_control,fit01_excess,fit02_own,fit02_control,fit02_excess,penultimate_own,penultimate_control,penultimate_excess,sampled_sum_own,sampled_sum_control,sampled_sum_excess,diagonal_own,diagonal_control,diagonal_excess
0,1,1,0,0.000000,0.000158,-0.000158,0.000000,0.000633,-0.000633,0.000000,0.000316,-0.000316,0.000000,0.000000,0.000000,0.000000,0.000158,-0.000158,0.000000,0.000000,0.000000
1,1,2,0,0.000000,0.000158,-0.000158,0.000000,0.000000,0.000000,0.000000,0.000158,-0.000158,0.000000,0.000079,-0.000079,0.000000,0.000000,0.000000,0.000000,0.000158,-0.000158
2,1,3,0,0.000000,0.000000,0.000000,0.000000,0.000158,-0.000158,0.000000,0.000396,-0.000396,0.000000,0.000079,-0.000079,0.000000,0.000000,0.000000,0.000000,0.000158,-0.000158
3,1,4,0,0.000000,0.000158,-0.000158,0.000000,0.000000,0.000000,0.000000,0.000158,-0.000158,0.000000,0.000158,-0.000158,0.000000,0.000000,0.000000,0.000000,0.000237,-0.000237
4,1,5,0,0.000000,0.000158,-0.000158,0.000000,0.000000,0.000000,0.000000,0.000237,-0.000237,0.000000,0.000000,0.000000,0.000000,0.000237,-0.000237,0.000000,0.000396,-0.000396
5,1,6,0,0.000000,0.000158,-0.000158,0.000000,0.000316,-0.000316,0.000000,0.000396,-0.000396,0.000000,0.000316,-0.000316,0.006250,0.000870,0.005380,0.000000,0.000158,-0.000158
6,1,7,0,0.000000,0.000237,-0.000237,0.000000,0.000475,-0.000475,0.000000,0.000475,-0.000475,0.000000,0.000237,-0.000237,0.006250,0.000475,0.005775,0.000000,0.000079,-0.000079
7,1,8,0,0.000000,0.000079,-0.000079,0.000000,0.000396,-0.000396,0.000000,0.000237,-0.000237,0.000000,0.000000,0.000000,0.006250,0.001266,0.004984,0.000000,0.000000,0.000000
8,1,9,0,0.000000,0.000079,-0.000079,0.000000,0.000712,-0.000712,0.000000,0.000158,-0.000158,0.000000,0.000158,-0.000158,0.000000,0.000158,-0.000158,0.000000,0.000000,0.000000
9,1,10,0,0.000000,0.000079,-0.000079,0.000000,0.000158,-0.000158,0.000000,0.000237,-0.000237,0.000000,0.000158,-0.000158,0.006250,0.000554,0.005696,0.000000,0.000000,0.000000
10,1,11,0,0.000000,0.000079,-0.000079,0.000000,0.000079,-0.000079,0.000000,0.000316,-0.000316,0.000000,0.000158,-0.000158,0.006250,0.000475,0.005775,0.000000,0.000000,0.000000
11,1,12,0,0.000000,0.000079,-0.000079,0.000000,0.000079,-0.000079,0.000000,0.000316,-0.000316,0.000000,0.000158,-0.000158,0.006250,0.000633,0.005617,0.000000,0.000079,-0.000079
12,1,13,0,0.000000,0.000079,-0.000079,0.000000,0.000079,-0.000079,0.000000,0.000475,-0.000475,0.000000,0.000237,-0.000237,0.006250,0.000554,0.005696,0.000000,0.000079,-0.000079
13,1,14,0,0.000000,0.000158,-0.000158,0.000000,0.000237,-0.000237,0.000000,0.000316,-0.000316,0.000000,0.000000,0.000000,0.000000,0.000475,-0.000475,0.000000,0.000000,0.000000
14,1,15,0,0.000000,0.000237,-0.000237,0.000000,0.000079,-0.000079,0.000000,0.000079,-0.000079,0.000000,0.000000,0.000000,0.000000,0.000000,0.000000,0.000000,0.000079,-0.000079
15,1,16,0,0.012500,0.000079,0.012421,0.000000,0.000000,0.000000,0.000000,0.000554,-0.000554,0.000000,0.000000,0.000000,0.000000,0.000158,-0.000158,0.000000,0.000158,-0.000158
16,1,17,0,0.087500,0.000712,0.086788,0.000000,0.000000,0.000000,0.000000,0.000000,0.000000,0.000000,0.000000,0.000000,0.000000,0.000158,-0.000158,0.000000,0.000237,-0.000237
17,1,18,0,0.112500,0.000712,0.111788,0.000000,0.000079,-0.000079,0.000000,0.000316,-0.000316,0.000000,0.000000,0.000000,0.000000,0.000237,-0.000237,0.000000,0.000079,-0.000079
18,1,19,0,0.143750,0.001266,0.142484,0.000000,0.000475,-0.000475,0.000000,0.000000,0.000000,0.000000,0.000237,-0.000237,0.000000,0.000079,-0.000079,0.000000,0.000158,-0.000158
19,1,20,0,0.193750,0.001266,0.192484,0.000000,0.000791,-0.000791,0.000000,0.000000,0.000000,0.000000,0.000000,0.000000,0.000000,0.000158,-0.000158,0.000000,0.000079,-0.000079
20,1,21,0,0.175000,0.000949,0.174051,0.000000,0.001503,-0.001503,0.000000,0.000000,0.000000,0.000000,0.000000,0.000000,0.000000,0.000000,0.000000,0.000000,0.000158,-0.000158
21,1,22,0,0.137500,0.001028,0.136472,0.000000,0.000396,-0.000396,0.000000,0.000000,0.000000,0.000000,0.000000,0.000000,0.000000,0.000158,-0.000158,0.000000,0.000079,-0.000079
22,1,23,0,0.143750,0.000712,0.143038,0.000000,0.000316,-0.000316,0.000000,0.000158,-0.000158,0.000000,0.000000,0.000000,0.000000,0.000158,-0.000158,0.000000,0.000158,-0.000158
23,1,24,0,0.062500,0.000237,0.062263,0.000000,0.000712,-0.000712,0.000000,0.000079,-0.000079,0.000000,0.000000,0.000000,0.000000,0.000158,-0.000158,0.000000,0.000475,-0.000475
24,1,25,0,0.081250,0.000316,0.080934,0.000000,0.001187,-0.001187,0.000000,0.000316,-0.000316,0.000000,0.000000,0.000000,0.000000,0.000000,0.000000,0.000000,0.000316,-0.000316
25,1,26,0,0.087500,0.000633,0.086867,0.000000,0.000554,-0.000554,0.006250,0.000475,0.005775,0.000000,0.000000,0.000000,0.000000,0.000000,0.000000,0.000000,0.000316,-0.000316
26,1,27,0,0.081250,0.000475,0.080775,0.000000,0.000475,-0.000475,0.012500,0.001108,0.011392,0.000000,0.000079,-0.000079,0.000000,0.000158,-0.000158,0.012500,0.001108,0.011392
27,1,28,0,0.087500,0.000316,0.087184,0.000000,0.000633,-0.000633,0.012500,0.001266,0.011234,0.000000,0.000079,-0.000079,0.000000,0.000079,-0.000079,0.000000,0.000316,-0.000316
28,1,29,0,0.087500,0.000316,0.087184,0.000000,0.001266,-0.001266,0.012500,0.000316,0.012184,0.000000,0.000079,-0.000079,0.000000,0.000237,-0.000237,0.000000,0.000316,-0.000316
29,1,30,0,0.081250,0.000475,0.080775,0.000000,0.000554,-0.000554,0.012500,0.000475,0.012025,0.000000,0.000000,0.000000,0.000000,0.000158,-0.000158,0.006250,0.000554,0.005696
30,1,31,0,0.075000,0.000396,0.074604,0.000000,0.000633,-0.000633,0.006250,0.000237,0.006013,0.000000,0.000000,0.000000,0.000000,0.000079,-0.000079,0.006250,0.000633,0.005617
31,1,32,0,0.056250,0.000475,0.055775,0.000000,0.000237,-0.000237,0.000000,0.000000,0.000000,0.000000,0.000000,0.000000,0.000000,0.000000,0.000000,0.006250,0.000870,0.005380
32,1,33,0,0.050000,0.000475,0.049525,0.000000,0.000554,-0.000554,0.006250,0.000158,0.006092,0.000000,0.000000,0.000000,0.000000,0.000079,-0.000079,0.000000,0.000712,-0.000712
33,1,34,0,0.037500,0.000396,0.037104,0.000000,0.001028,-0.001028,0.012500,0.000158,0.012342,0.000000,0.000079,-0.000079,0.000000,0.000079,-0.000079,0.000000,0.000396,-0.000396
34,1,35,0,0.043750,0.000237,0.043513,0.000000,0.001345,-0.001345,0.000000,0.000079,-0.000079,0.000000,0.000316,-0.000316,0.000000,0.000000,0.000000,0.000000,0.000475,-0.000475
35,1,36,0,0.037500,0.000396,0.037104,0.000000,0.001661,-0.001661,0.000000,0.000079,-0.000079,0.000000,0.002057,-0.002057,0.006250,0.000237,0.006013,0.000000,0.000475,-0.000475
36,1,37,0,0.050000,0.000475,0.049525,0.000000,0.000554,-0.000554,0.012500,0.000316,0.012184,0.006250,0.000316,0.005934,0.012500,0.000475,0.012025,0.000000,0.000554,-0.000554
37,1,38,0,0.075000,0.000554,0.074446,0.000000,0.000712,-0.000712,0.012500,0.001028,0.011472,0.000000,0.001345,-0.001345,0.012500,0.000475,0.012025,0.000000,0.000475,-0.000475
38,1,39,0,0.112500,0.000791,0.111709,0.000000,0.001266,-0.001266,0.012500,0.000791,0.011709,0.000000,0.000712,-0.000712,0.012500,0.000633,0.011867,0.000000,0.000475,-0.000475
39,1,40,0,0.137500,0.001582,0.135918,0.000000,0.001661,-0.001661,0.012500,0.000316,0.012184,0.000000,0.000712,-0.000712,0.018750,0.000237,0.018513,0.000000,0.000396,-0.000396
40,1,41,0,0.231250,0.002057,0.229193,0.000000,0.002057,-0.002057,0.012500,0.000633,0.011867,0.000000,0.001503,-0.001503,0.012500,0.000158,0.012342,0.000000,0.000475,-0.000475
41,1,42,0,0.237500,0.002532,0.234968,0.000000,0.002136,-0.002136,0.012500,0.001028,0.011472,0.000000,0.002057,-0.002057,0.018750,0.000237,0.018513,0.000000,0.000554,-0.000554
42,1,43,0,0.281250,0.002690,0.278560,0.000000,0.001899,-0.001899,0.012500,0.000791,0.011709,0.000000,0.001899,-0.001899,0.012500,0.000158,0.012342,0.000000,0.000396,-0.000396
43,1,44,0,0.356250,0.003165,0.353085,0.000000,0.001978,-0.001978,0.012500,0.000475,0.012025,0.000000,0.000712,-0.000712,0.012500,0.000396,0.012104,0.000000,0.000554,-0.000554
44,1,45,0,0.337500,0.002927,0.334573,0.000000,0.001820,-0.001820,0.018750,0.000396,0.018354,0.000000,0.000554,-0.000554,0.012500,0.000475,0.012025,0.000000,0.000396,-0.000396
45,1,46,0,0.281250,0.002453,0.278797,0.006250,0.000949,0.005301,0.018750,0.000791,0.017959,0.000000,0.000237,-0.000237,0.012500,0.000158,0.012342,0.000000,0.000237,-0.000237
46,1,47,0,0.168750,0.001266,0.167484,0.006250,0.001503,0.004747,0.012500,0.000554,0.011946,0.000000,0.000396,-0.000396,0.000000,0.000079,-0.000079,0.000000,0.000079,-0.000079
47,1,48,0,0.112500,0.001108,0.111392,0.006250,0.000712,0.005538,0.006250,0.000158,0.006092,0.006250,0.000396,0.005854,0.000000,0.000158,-0.000158,0.000000,0.000000,0.000000
48,2,1,0,0.150000,0.000237,0.149763,0.012500,0.001899,0.010601,0.012500,0.001266,0.011234,0.006250,0.002057,0.004193,0.006250,0.000237,0.006013,0.000000,0.000158,-0.000158
49,2,2,0,0.081250,0.000079,0.081171,0.000000,0.002215,-0.002215,0.012500,0.000791,0.011709,0.000000,0.002057,-0.002057,0.006250,0.000237,0.006013,0.000000,0.000237,-0.000237
50,2,3,0,0.087500,0.000158,0.087342,0.000000,0.001899,-0.001899,0.012500,0.000554,0.011946,0.000000,0.001266,-0.001266,0.000000,0.000158,-0.000158,0.000000,0.000079,-0.000079
51,2,4,0,0.112500,0.000633,0.111867,0.006250,0.001899,0.004351,0.037500,0.001266,0.036234,0.006250,0.001187,0.005063,0.000000,0.000237,-0.000237,0.006250,0.000396,0.005854
52,2,5,0,0.125000,0.000870,0.124130,0.006250,0.002611,0.003639,0.043750,0.001582,0.042168,0.006250,0.001661,0.004589,0.000000,0.000237,-0.000237,0.006250,0.000396,0.005854
53,2,6,0,0.143750,0.000949,0.142801,0.006250,0.002294,0.003956,0.043750,0.001820,0.041930,0.006250,0.001661,0.004589,0.000000,0.000316,-0.000316,0.006250,0.000475,0.005775
54,2,7,0,0.150000,0.000949,0.149051,0.012500,0.002294,0.010206,0.050000,0.001582,0.048418,0.018750,0.001741,0.017009,0.006250,0.000554,0.005696,0.006250,0.000316,0.005934
55,2,8,0,0.075000,0.000633,0.074367,0.031250,0.003323,0.027927,0.037500,0.001899,0.035601,0.025000,0.002373,0.022627,0.012500,0.000791,0.011709,0.006250,0.000475,0.005775
56,2,9,0,0.068750,0.000949,0.067801,0.031250,0.003244,0.028006,0.043750,0.001741,0.042009,0.018750,0.002532,0.016218,0.012500,0.000396,0.012104,0.000000,0.000396,-0.000396
57,2,10,0,0.068750,0.000633,0.068117,0.043750,0.002927,0.040823,0.037500,0.001661,0.035839,0.025000,0.004509,0.020491,0.012500,0.000554,0.011946,0.000000,0.000316,-0.000316
58,2,11,0,0.050000,0.000396,0.049604,0.037500,0.002848,0.034652,0.043750,0.002215,0.041535,0.025000,0.002769,0.022231,0.006250,0.000791,0.005459,0.000000,0.000316,-0.000316
59,2,12,0,0.050000,0.000316,0.049684,0.037500,0.002453,0.035047,0.037500,0.001741,0.035759,0.018750,0.002057,0.016693,0.018750,0.000949,0.017801,0.000000,0.000237,-0.000237
60,2,13,0,0.050000,0.000396,0.049604,0.025000,0.001582,0.023418,0.043750,0.001503,0.042247,0.012500,0.003006,0.009494,0.012500,0.000554,0.011946,0.000000,0.000316,-0.000316
61,2,14,0,0.081250,0.000949,0.080301,0.025000,0.001661,0.023339,0.043750,0.001741,0.042009,0.012500,0.002453,0.010047,0.012500,0.000396,0.012104,0.000000,0.000237,-0.000237
62,2,15,0,0.081250,0.000791,0.080459,0.018750,0.000554,0.018196,0.031250,0.001187,0.030063,0.012500,0.001108,0.011392,0.012500,0.000316,0.012184,0.000000,0.000396,-0.000396
63,2,16,0,0.131250,0.000870,0.130380,0.025000,0.001187,0.023813,0.037500,0.001424,0.036076,0.012500,0.000870,0.011630,0.018750,0.000396,0.018354,0.000000,0.000316,-0.000316
64,2,17,0,0.256250,0.001028,0.255222,0.025000,0.000791,0.024209,0.025000,0.000870,0.024130,0.012500,0.001108,0.011392,0.025000,0.000158,0.024842,0.000000,0.000158,-0.000158
65,2,18,0,0.256250,0.000712,0.255538,0.031250,0.001028,0.030222,0.037500,0.001424,0.036076,0.012500,0.000475,0.012025,0.012500,0.000949,0.011551,0.000000,0.000396,-0.000396
66,2,19,0,0.318750,0.001266,0.317484,0.018750,0.000633,0.018117,0.018750,0.001028,0.017722,0.012500,0.001028,0.011472,0.018750,0.000554,0.018196,0.000000,0.000791,-0.000791
67,2,20,0,0.325000,0.001187,0.323813,0.006250,0.000000,0.006250,0.006250,0.000158,0.006092,0.000000,0.000000,0.000000,0.000000,0.000000,0.000000,0.006250,0.000949,0.005301
68,2,21,0,0.318750,0.000870,0.317880,0.006250,0.000237,0.006013,0.006250,0.000316,0.005934,0.000000,0.000000,0.000000,0.012500,0.000316,0.012184,0.006250,0.000949,0.005301
69,2,22,0,0.281250,0.001108,0.280142,0.018750,0.000554,0.018196,0.018750,0.000633,0.018117,0.006250,0.000079,0.006171,0.018750,0.000396,0.018354,0.012500,0.000712,0.011788
70,2,23,0,0.250000,0.000712,0.249288,0.050000,0.002136,0.047864,0.050000,0.002057,0.047943,0.031250,0.000791,0.030459,0.025000,0.001424,0.023576,0.006250,0.000791,0.005459
71,2,24,0,0.143750,0.000316,0.143434,0.050000,0.001899,0.048101,0.043750,0.001503,0.042247,0.018750,0.000633,0.018117,0.037500,0.001661,0.035839,0.012500,0.000475,0.012025
72,2,25,0,0.181250,0.000475,0.180775,0.056250,0.002848,0.053402,0.056250,0.001978,0.054272,0.037500,0.001820,0.035680,0.031250,0.002136,0.029114,0.012500,0.000712,0.011788
73,2,26,0,0.168750,0.000396,0.168354,0.062500,0.002848,0.059652,0.050000,0.001978,0.048022,0.031250,0.001741,0.029509,0.037500,0.002690,0.034810,0.012500,0.001424,0.011076
74,2,27,0,0.162500,0.000475,0.162025,0.075000,0.003165,0.071835,0.050000,0.002057,0.047943,0.037500,0.002532,0.034968,0.062500,0.003244,0.059256,0.012500,0.000712,0.011788
75,2,28,0,0.143750,0.000316,0.143434,0.050000,0.002532,0.047468,0.050000,0.001503,0.048497,0.018750,0.001424,0.017326,0.031250,0.003323,0.027927,0.012500,0.001187,0.011313
76,2,29,0,0.150000,0.000475,0.149525,0.043750,0.002057,0.041693,0.043750,0.001741,0.042009,0.012500,0.001108,0.011392,0.031250,0.002690,0.028560,0.006250,0.001028,0.005222
77,2,30,0,0.150000,0.000554,0.149446,0.043750,0.001661,0.042089,0.050000,0.001503,0.048497,0.012500,0.001345,0.011155,0.031250,0.001978,0.029272,0.006250,0.000949,0.005301
78,2,31,0,0.131250,0.000554,0.130696,0.043750,0.001345,0.042405,0.031250,0.001582,0.029668,0.012500,0.001582,0.010918,0.037500,0.001741,0.035759,0.006250,0.000949,0.005301
79,2,32,0,0.106250,0.000475,0.105775,0.031250,0.001503,0.029747,0.037500,0.001266,0.036234,0.012500,0.001187,0.011313,0.037500,0.002057,0.035443,0.012500,0.000554,0.011946
80,2,33,0,0.106250,0.000475,0.105775,0.031250,0.001820,0.029430,0.043750,0.001661,0.042089,0.018750,0.001741,0.017009,0.037500,0.002057,0.035443,0.012500,0.000712,0.011788
81,2,34,0,0.100000,0.000633,0.099367,0.031250,0.001741,0.029509,0.043750,0.001503,0.042247,0.018750,0.001582,0.017168,0.043750,0.002136,0.041614,0.006250,0.000475,0.005775
82,2,35,0,0.106250,0.000475,0.105775,0.025000,0.001503,0.023497,0.037500,0.001503,0.035997,0.018750,0.001899,0.016851,0.037500,0.001108,0.036392,0.006250,0.000633,0.005617
83,2,36,0,0.100000,0.000316,0.099684,0.031250,0.001582,0.029668,0.031250,0.000870,0.030380,0.012500,0.001503,0.010997,0.037500,0.001345,0.036155,0.012500,0.000475,0.012025
84,2,37,0,0.100000,0.000475,0.099525,0.037500,0.002215,0.035285,0.037500,0.001661,0.035839,0.025000,0.002215,0.022785,0.050000,0.001345,0.048655,0.012500,0.000475,0.012025
85,2,38,0,0.118750,0.000475,0.118275,0.050000,0.001899,0.048101,0.043750,0.001582,0.042168,0.025000,0.001820,0.023180,0.050000,0.001899,0.048101,0.012500,0.000396,0.012104
86,2,39,0,0.156250,0.000949,0.155301,0.056250,0.002136,0.054114,0.037500,0.001582,0.035918,0.018750,0.001503,0.017247,0.056250,0.001582,0.054668,0.006250,0.000475,0.005775
87,2,40,0,0.187500,0.001582,0.185918,0.043750,0.001661,0.042089,0.037500,0.001582,0.035918,0.018750,0.001108,0.017642,0.037500,0.001108,0.036392,0.006250,0.000396,0.005854
88,2,41,0,0.337500,0.002136,0.335364,0.037500,0.001820,0.035680,0.037500,0.001503,0.035997,0.018750,0.001028,0.017722,0.043750,0.000870,0.042880,0.012500,0.000237,0.012263
89,2,42,0,0.368750,0.002453,0.366297,0.062500,0.001741,0.060759,0.037500,0.001741,0.035759,0.018750,0.001187,0.017563,0.056250,0.000791,0.055459,0.012500,0.000316,0.012184
90,2,43,0,0.368750,0.002611,0.366139,0.056250,0.001741,0.054509,0.050000,0.001978,0.048022,0.018750,0.001345,0.017405,0.043750,0.001028,0.042722,0.012500,0.000316,0.012184
91,2,44,0,0.500000,0.003639,0.496361,0.050000,0.001820,0.048180,0.043750,0.001820,0.041930,0.012500,0.001108,0.011392,0.043750,0.001345,0.042405,0.012500,0.000316,0.012184
92,2,45,0,0.481250,0.002927,0.478323,0.050000,0.002136,0.047864,0.050000,0.001582,0.048418,0.012500,0.001187,0.011313,0.056250,0.001582,0.054668,0.006250,0.000475,0.005775
93,2,46,0,0.375000,0.002611,0.372389,0.043750,0.001741,0.042009,0.056250,0.001899,0.054351,0.012500,0.001108,0.011392,0.043750,0.001108,0.042642,0.006250,0.000475,0.005775
94,2,47,0,0.237500,0.001424,0.236076,0.037500,0.001741,0.035759,0.037500,0.001741,0.035759,0.012500,0.000949,0.011551,0.031250,0.001028,0.030222,0.000000,0.000079,-0.000079
95,2,48,0,0.206250,0.000791,0.205459,0.037500,0.001661,0.035839,0.031250,0.001582,0.029668,0.012500,0.000791,0.011709,0.043750,0.000633,0.043117,0.000000,0.000000,0.000000
96,3,1,0,0.143750,0.000158,0.143592,0.056250,0.002373,0.053877,0.050000,0.002215,0.047785,0.025000,0.001503,0.023497,0.043750,0.001028,0.042722,0.012500,0.000633,0.011867
97,3,2,0,0.081250,0.000000,0.081250,0.056250,0.002136,0.054114,0.050000,0.001741,0.048259,0.025000,0.001503,0.023497,0.050000,0.001345,0.048655,0.012500,0.000633,0.011867
98,3,3,0,0.062500,0.000000,0.062500,0.056250,0.002373,0.053877,0.050000,0.001661,0.048339,0.025000,0.001820,0.023180,0.050000,0.001424,0.048576,0.012500,0.000475,0.012025
99,3,4,0,0.112500,0.000237,0.112263,0.056250,0.002373,0.053877,0.062500,0.001820,0.060680,0.025000,0.001582,0.023418,0.056250,0.001820,0.054430,0.012500,0.000633,0.011867
100,3,5,0,0.106250,0.000554,0.105696,0.050000,0.002453,0.047547,0.062500,0.001503,0.060997,0.025000,0.001820,0.023180,0.050000,0.001582,0.048418,0.012500,0.000712,0.011788
101,3,6,0,0.125000,0.000396,0.124604,0.050000,0.002136,0.047864,0.056250,0.001741,0.054509,0.025000,0.001582,0.023418,0.037500,0.001187,0.036313,0.012500,0.000791,0.011709
102,3,7,0,0.112500,0.000554,0.111946,0.050000,0.002057,0.047943,0.056250,0.001582,0.054668,0.025000,0.001503,0.023497,0.050000,0.001582,0.048418,0.012500,0.000712,0.011788
103,3,8,0,0.081250,0.000554,0.080696,0.056250,0.001978,0.054272,0.056250,0.001820,0.054430,0.018750,0.001503,0.017247,0.050000,0.001661,0.048339,0.012500,0.000712,0.011788
104,3,9,0,0.081250,0.000633,0.080617,0.056250,0.001820,0.054430,0.050000,0.001661,0.048339,0.018750,0.001503,0.017247,0.050000,0.001345,0.048655,0.012500,0.000712,0.011788
105,3,10,0,0.068750,0.000633,0.068117,0.050000,0.001661,0.048339,0.037500,0.001582,0.035918,0.018750,0.001108,0.017642,0.043750,0.001108,0.042642,0.012500,0.000554,0.011946
106,3,11,0,0.056250,0.000316,0.055934,0.043750,0.001503,0.042247,0.037500,0.001503,0.035997,0.018750,0.001108,0.017642,0.043750,0.001187,0.042563,0.012500,0.000475,0.012025
107,3,12,0,0.056250,0.000237,0.056013,0.050000,0.001503,0.048497,0.037500,0.001661,0.035839,0.018750,0.001108,0.017642,0.043750,0.001503,0.042247,0.012500,0.000316,0.012184
108,3,13,0,0.075000,0.000316,0.074684,0.050000,0.001661,0.048339,0.037500,0.001424,0.036076,0.018750,0.001108,0.017642,0.037500,0.001187,0.036313,0.012500,0.000316,0.012184
109,3,14,0,0.093750,0.000870,0.092880,0.050000,0.001978,0.048022,0.037500,0.001503,0.035997,0.018750,0.001028,0.017722,0.037500,0.001345,0.036155,0.012500,0.000396,0.012104
110,3,15,0,0.106250,0.000633,0.105617,0.050000,0.001661,0.048339,0.037500,0.001424,0.036076,0.018750,0.000949,0.017801,0.037500,0.001108,0.036392,0.012500,0.000316,0.012184
111,3,16,0,0.131250,0.000475,0.130775,0.043750,0.001582,0.042168,0.043750,0.001582,0.042168,0.018750,0.000791,0.017959,0.037500,0.001345,0.036155,0.012500,0.000475,0.012025
112,3,17,0,0.268750,0.001424,0.267326,0.056250,0.002136,0.054114,0.043750,0.001582,0.042168,0.018750,0.001108,0.017642,0.031250,0.001266,0.029984,0.012500,0.000396,0.012104
113,3,18,0,0.275000,0.000870,0.274130,0.062500,0.002057,0.060443,0.050000,0.001820,0.048180,0.018750,0.001187,0.017563,0.037500,0.001424,0.036076,0.012500,0.000475,0.012025
114,3,19,0,0.350000,0.001899,0.348101,0.056250,0.002453,0.053797,0.056250,0.001899,0.054351,0.025000,0.001582,0.023418,0.031250,0.001266,0.029984,0.012500,0.000554,0.011946
115,3,20,0,0.356250,0.001424,0.354826,0.043750,0.001582,0.042168,0.031250,0.001266,0.029984,0.012500,0.001108,0.011392,0.025000,0.001266,0.023734,0.012500,0.000396,0.012104
116,3,21,0,0.312500,0.001028,0.311472,0.056250,0.001899,0.054351,0.043750,0.001028,0.042722,0.018750,0.001187,0.017563,0.037500,0.001028,0.036472,0.012500,0.000554,0.011946
117,3,22,0,0.256250,0.001108,0.255142,0.056250,0.001741,0.054509,0.043750,0.001108,0.042642,0.018750,0.001028,0.017722,0.043750,0.000791,0.042959,0.012500,0.000554,0.011946
118,3,23,0,0.225000,0.000712,0.224288,0.050000,0.001424,0.048576,0.037500,0.000949,0.036551,0.031250,0.000791,0.030459,0.043750,0.000554,0.043196,0.012500,0.000475,0.012025
119,3,24,0,0.193750,0.000554,0.193196,0.037500,0.000949,0.036551,0.037500,0.000870,0.036630,0.012500,0.000158,0.012342,0.037500,0.000475,0.037025,0.012500,0.000316,0.012184
120,3,25,0,0.243750,0.000633,0.243117,0.050000,0.001661,0.048339,0.043750,0.001108,0.042642,0.018750,0.000475,0.018275,0.043750,0.001028,0.042722,0.012500,0.000316,0.012184
121,3,26,0,0.175000,0.000554,0.174446,0.043750,0.001187,0.042563,0.043750,0.000949,0.042801,0.018750,0.000316,0.018434,0.043750,0.000791,0.042959,0.012500,0.000237,0.012263
122,3,27,0,0.175000,0.000791,0.174209,0.043750,0.001028,0.042722,0.043750,0.000870,0.042880,0.018750,0.000237,0.018513,0.050000,0.000791,0.049209,0.012500,0.000158,0.012342
123,3,28,0,0.168750,0.000475,0.168275,0.043750,0.000870,0.042880,0.043750,0.000791,0.042959,0.018750,0.000158,0.018592,0.043750,0.000475,0.043275,0.012500,0.000237,0.012263
124,3,29,0,0.168750,0.000475,0.168275,0.043750,0.000791,0.042959,0.050000,0.000870,0.049130,0.012500,0.000079,0.012421,0.056250,0.000554,0.055696,0.012500,0.000237,0.012263
125,3,30,0,0.175000,0.000712,0.174288,0.043750,0.000554,0.043196,0.043750,0.000396,0.043354,0.012500,0.000000,0.012500,0.037500,0.000396,0.037104,0.012500,0.000079,0.012421
126,3,31,0,0.137500,0.000396,0.137104,0.031250,0.000396,0.030854,0.025000,0.000316,0.024684,0.012500,0.000000,0.012500,0.018750,0.000316,0.018434,0.012500,0.000000,0.012500
127,3,32,0,0.125000,0.000396,0.124604,0.018750,0.000237,0.018513,0.018750,0.000237,0.018513,0.012500,0.000000,0.012500,0.018750,0.000158,0.018592,0.006250,0.000000,0.006250
128,3,33,0,0.118750,0.000396,0.118354,0.012500,0.000079,0.012421,0.012500,0.000079,0.012421,0.006250,0.000000,0.006250,0.012500,0.000079,0.012421,0.000000,0.000000,0.000000
129,3,34,0,0.100000,0.000396,0.099604,0.012500,0.000079,0.012421,0.012500,0.000079,0.012421,0.000000,0.000000,0.000000,0.012500,0.000079,0.012421,0.000000,0.000000,0.000000
130,3,35,0,0.112500,0.000396,0.112104,0.012500,0.000000,0.012500,0.012500,0.000000,0.012500,0.000000,0.000000,0.000000,0.012500,0.000000,0.012500,0.000000,0.000000,0.000000
131,3,36,0,0.106250,0.000316,0.105934,0.012500,0.000000,0.012500,0.012500,0.000000,0.012500,0.000000,0.000000,0.000000,0.012500,0.000000,0.012500,0.000000,0.000000,0.000000
132,3,37,0,0.106250,0.000396,0.105854,0.012500,0.000000,0.012500,0.012500,0.000000,0.012500,0.000000,0.000000,0.000000,0.012500,0.000000,0.012500,0.000000,0.000000,0.000000
133,3,38,0,0.131250,0.000554,0.130696,0.012500,0.000000,0.012500,0.012500,0.000000,0.012500,0.000000,0.000000,0.000000,0.012500,0.000000,0.012500,0.000000,0.000000,0.000000
134,3,39,0,0.143750,0.000870,0.142880,0.012500,0.000000,0.012500,0.012500,0.000000,0.012500,0.000000,0.000000,0.000000,0.012500,0.000000,0.012500,0.000000,0.000000,0.000000
135,3,40,0,0.200000,0.001741,0.198259,0.006250,0.000000,0.006250,0.006250,0.000000,0.006250,0.000000,0.000000,0.000000,0.006250,0.000000,0.006250,0.000000,0.000000,0.000000
136,3,41,0,0.400000,0.002769,0.397231,0.012500,0.000000,0.012500,0.012500,0.000000,0.012500,0.000000,0.000000,0.000000,0.012500,0.000000,0.012500,0.000000,0.000000,0.000000
137,3,42,0,0.406250,0.002769,0.403481,0.012500,0.000000,0.012500,0.012500,0.000000,0.012500,0.000000,0.000000,0.000000,0.012500,0.000000,0.012500,0.000000,0.000000,0.000000
138,3,43,0,0.450000,0.003323,0.446677,0.012500,0.000000,0.012500,0.012500,0.000000,0.012500,0.000000,0.000000,0.000000,0.012500,0.000000,0.012500,0.000000,0.000000,0.000000
139,3,44,0,0.612500,0.004114,0.608386,0.018750,0.000158,0.018592,0.018750,0.000158,0.018592,0.006250,0.000000,0.006250,0.018750,0.000158,0.018592,0.000000,0.000000,0.000000
140,3,45,0,0.575000,0.003402,0.571598,0.031250,0.000158,0.031092,0.025000,0.000237,0.024763,0.006250,0.000000,0.006250,0.018750,0.000158,0.018592,0.000000,0.000079,-0.000079
141,3,46,0,0.400000,0.002532,0.397468,0.056250,0.001345,0.054905,0.056250,0.001108,0.055142,0.031250,0.000791,0.030459,0.068750,0.000949,0.067801,0.012500,0.000237,0.012263
142,3,47,0,0.281250,0.001108,0.280142,0.087500,0.002215,0.085285,0.081250,0.001820,0.079430,0.050000,0.001345,0.048655,0.087500,0.001820,0.085680,0.012500,0.000158,0.012342
143,3,48,0,0.225000,0.000712,0.224288,0.112500,0.002532,0.109968,0.112500,0.003085,0.109415,0.068750,0.002373,0.066377,0.100000,0.002611,0.097389,0.012500,0.000396,0.012104
144,4,1,0,0.062500,0.000000,0.062500,0.081250,0.001820,0.079430,0.081250,0.001661,0.079589,0.031250,0.001187,0.030063,0.093750,0.001661,0.092089,0.018750,0.000158,0.018592
145,4,2,0,0.018750,0.000000,0.018750,0.093750,0.002453,0.091297,0.093750,0.002057,0.091693,0.062500,0.001978,0.060522,0.093750,0.002136,0.091614,0.025000,0.000475,0.024525
146,4,3,0,0.037500,0.000000,0.037500,0.125000,0.002611,0.122389,0.112500,0.002453,0.110047,0.068750,0.001345,0.067405,0.131250,0.002373,0.128877,0.025000,0.000554,0.024446
147,4,4,0,0.068750,0.000158,0.068592,0.093750,0.002136,0.091614,0.106250,0.002215,0.104035,0.075000,0.001424,0.073576,0.100000,0.002215,0.097785,0.025000,0.000791,0.024209
148,4,5,0,0.087500,0.000396,0.087104,0.100000,0.002136,0.097864,0.100000,0.002294,0.097706,0.056250,0.001266,0.054984,0.100000,0.002057,0.097943,0.025000,0.000791,0.024209
149,4,6,0,0.125000,0.000396,0.124604,0.100000,0.001978,0.098022,0.100000,0.002373,0.097627,0.056250,0.001266,0.054984,0.100000,0.002057,0.097943,0.025000,0.000870,0.024130
150,4,7,0,0.125000,0.000316,0.124684,0.100000,0.001820,0.098180,0.100000,0.001978,0.098022,0.056250,0.001266,0.054984,0.100000,0.002136,0.097864,0.025000,0.000791,0.024209
151,4,8,0,0.093750,0.000237,0.093513,0.100000,0.002057,0.097943,0.100000,0.002136,0.097864,0.056250,0.001503,0.054747,0.100000,0.002057,0.097943,0.018750,0.000712,0.018038
152,4,9,0,0.100000,0.000633,0.099367,0.093750,0.001582,0.092168,0.093750,0.001899,0.091851,0.056250,0.001028,0.055222,0.093750,0.001661,0.092089,0.025000,0.000554,0.024446
153,4,10,0,0.068750,0.000870,0.067880,0.093750,0.001424,0.092326,0.087500,0.001582,0.085918,0.056250,0.000949,0.055301,0.093750,0.001582,0.092168,0.012500,0.000475,0.012025
154,4,11,0,0.075000,0.000554,0.074446,0.081250,0.001424,0.079826,0.087500,0.001582,0.085918,0.050000,0.000870,0.049130,0.087500,0.001345,0.086155,0.012500,0.000554,0.011946
155,4,12,0,0.075000,0.000396,0.074604,0.075000,0.001345,0.073655,0.087500,0.001661,0.085839,0.056250,0.001028,0.055222,0.087500,0.001108,0.086392,0.012500,0.000316,0.012184
156,4,13,0,0.081250,0.000316,0.080934,0.068750,0.001424,0.067326,0.075000,0.001661,0.073339,0.056250,0.001345,0.054905,0.075000,0.001424,0.073576,0.018750,0.000475,0.018275
157,4,14,0,0.112500,0.000870,0.111630,0.075000,0.001582,0.073418,0.075000,0.001741,0.073259,0.050000,0.001266,0.048734,0.075000,0.001661,0.073339,0.025000,0.000791,0.024209
158,4,15,0,0.112500,0.000712,0.111788,0.062500,0.001582,0.060918,0.087500,0.001741,0.085759,0.050000,0.000949,0.049051,0.075000,0.001582,0.073418,0.031250,0.001028,0.030222
159,4,16,0,0.143750,0.000633,0.143117,0.081250,0.001661,0.079589,0.081250,0.001899,0.079351,0.056250,0.001187,0.055063,0.093750,0.001899,0.091851,0.037500,0.001266,0.036234
160,4,17,0,0.281250,0.001108,0.280142,0.112500,0.002057,0.110443,0.118750,0.002373,0.116377,0.062500,0.001661,0.060839,0.106250,0.002057,0.104193,0.050000,0.001582,0.048418
161,4,18,0,0.287500,0.001187,0.286313,0.125000,0.002057,0.122943,0.112500,0.002215,0.110285,0.068750,0.001582,0.067168,0.100000,0.002294,0.097706,0.062500,0.001582,0.060918
162,4,19,0,0.350000,0.001820,0.348180,0.181250,0.003165,0.178085,0.181250,0.003402,0.177848,0.143750,0.002057,0.141693,0.181250,0.003165,0.178085,0.106250,0.002294,0.103956
163,4,20,0,0.400000,0.001741,0.398259,0.250000,0.003006,0.246994,0.268750,0.003006,0.265744,0.162500,0.001661,0.160839,0.268750,0.003165,0.265585,0.225000,0.003085,0.221915
164,4,21,0,0.362500,0.001108,0.361392,0.275000,0.003006,0.271994,0.281250,0.003006,0.278244,0.200000,0.002136,0.197864,0.287500,0.003165,0.284335,0.256250,0.003165,0.253085
165,4,22,0,0.293750,0.001187,0.292563,0.306250,0.002848,0.303402,0.300000,0.002927,0.297073,0.187500,0.001899,0.185601,0.331250,0.003244,0.328006,0.306250,0.002769,0.303481
166,4,23,0,0.231250,0.000712,0.230538,0.306250,0.002927,0.303323,0.312500,0.003244,0.309256,0.187500,0.001741,0.185759,0.337500,0.003323,0.334177,0.331250,0.002927,0.328323
167,4,24,0,0.168750,0.000554,0.168196,0.293750,0.003085,0.290665,0.300000,0.003085,0.296915,0.143750,0.001028,0.142722,0.318750,0.003244,0.315506,0.312500,0.003481,0.309019
168,4,25,0,0.218750,0.000475,0.218275,0.443750,0.003797,0.439953,0.450000,0.003718,0.446282,0.368750,0.002532,0.366218,0.456250,0.003956,0.452294,0.412500,0.004272,0.408228
169,4,26,1,0.168750,0.000791,0.167959,0.450000,0.003956,0.446044,0.443750,0.003560,0.440190,0.375000,0.003085,0.371915,0.431250,0.003797,0.427453,0.356250,0.003244,0.353006
170,4,27,1,0.175000,0.000554,0.174446,0.456250,0.003481,0.452769,0.456250,0.003639,0.452611,0.393750,0.002690,0.391060,0.437500,0.003877,0.433623,0.381250,0.003244,0.378006
171,4,28,1,0.175000,0.000554,0.174446,0.468750,0.004114,0.464636,0.481250,0.004193,0.477057,0.381250,0.003797,0.377453,0.450000,0.004114,0.445886,0.356250,0.003165,0.353085
172,4,29,1,0.175000,0.000475,0.174525,0.475000,0.004035,0.470965,0.468750,0.004114,0.464636,0.368750,0.003481,0.365269,0.450000,0.004114,0.445886,0.293750,0.003085,0.290665
173,4,30,1,0.156250,0.000633,0.155617,0.443750,0.004035,0.439715,0.443750,0.003956,0.439794,0.318750,0.003085,0.315665,0.425000,0.004114,0.420886,0.250000,0.002848,0.247152
174,4,31,1,0.137500,0.000396,0.137104,0.400000,0.003165,0.396835,0.393750,0.003481,0.390269,0.231250,0.001899,0.229351,0.387500,0.003560,0.383940,0.175000,0.002294,0.172706
175,4,32,1,0.150000,0.000237,0.149763,0.400000,0.003402,0.396598,0.393750,0.003718,0.390032,0.200000,0.001661,0.198339,0.375000,0.003481,0.371519,0.143750,0.002215,0.141535
176,4,33,1,0.118750,0.000316,0.118434,0.318750,0.003244,0.315506,0.287500,0.003244,0.284256,0.137500,0.001582,0.135918,0.300000,0.003402,0.296598,0.131250,0.000712,0.130538
177,4,34,1,0.125000,0.000237,0.124763,0.312500,0.003165,0.309335,0.312500,0.002927,0.309573,0.131250,0.001028,0.130222,0.318750,0.003006,0.315744,0.112500,0.000712,0.111788
178,4,35,1,0.112500,0.000316,0.112184,0.300000,0.003085,0.296915,0.287500,0.003085,0.284415,0.093750,0.000554,0.093196,0.281250,0.002927,0.278323,0.100000,0.000475,0.099525
179,4,36,1,0.112500,0.000237,0.112263,0.262500,0.003006,0.259494,0.250000,0.003165,0.246835,0.093750,0.000396,0.093354,0.256250,0.002927,0.253323,0.087500,0.000079,0.087421
180,4,37,1,0.125000,0.000396,0.124604,0.262500,0.002611,0.259889,0.256250,0.002848,0.253402,0.081250,0.000396,0.080854,0.262500,0.002690,0.259810,0.075000,0.000079,0.074921
181,4,38,0,0.137500,0.000554,0.136946,0.268750,0.003244,0.265506,0.268750,0.003244,0.265506,0.087500,0.000316,0.087184,0.281250,0.002848,0.278402,0.106250,0.000633,0.105617
182,4,39,0,0.162500,0.000633,0.161867,0.350000,0.003639,0.346361,0.337500,0.003718,0.333782,0.106250,0.000475,0.105775,0.312500,0.003718,0.308782,0.131250,0.001187,0.130063
183,4,40,0,0.187500,0.001187,0.186313,0.331250,0.003639,0.327611,0.312500,0.003877,0.308623,0.056250,0.000396,0.055854,0.312500,0.003323,0.309177,0.175000,0.001899,0.173101
184,4,41,0,0.393750,0.002294,0.391456,0.462500,0.003877,0.458623,0.456250,0.003877,0.452373,0.243750,0.000949,0.242801,0.443750,0.003877,0.439873,0.368750,0.003402,0.365348
185,4,42,0,0.375000,0.002294,0.372706,0.481250,0.004984,0.476266,0.487500,0.004826,0.482674,0.225000,0.000791,0.224209,0.475000,0.005063,0.469937,0.375000,0.003797,0.371203
186,4,43,0,0.450000,0.002769,0.447231,0.512500,0.004747,0.507753,0.506250,0.004747,0.501503,0.331250,0.002057,0.329193,0.500000,0.004826,0.495174,0.462500,0.004272,0.458228
187,4,44,0,0.575000,0.003560,0.571440,0.587500,0.004589,0.582911,0.581250,0.004509,0.576741,0.525000,0.004193,0.520807,0.562500,0.004747,0.557753,0.556250,0.004905,0.551345
188,4,45,0,0.543750,0.002848,0.540902,0.568750,0.004668,0.564082,0.581250,0.004589,0.576661,0.525000,0.003956,0.521044,0.568750,0.004589,0.564161,0.550000,0.004351,0.545649
189,4,46,0,0.381250,0.002294,0.378956,0.500000,0.003877,0.496123,0.506250,0.004035,0.502215,0.481250,0.003639,0.477611,0.506250,0.003877,0.502373,0.481250,0.003877,0.477373
190,4,47,0,0.262500,0.000791,0.261709,0.425000,0.002769,0.422231,0.437500,0.002769,0.434731,,,,0.431250,0.003006,0.428244,0.387500,0.002215,0.385285
191,4,48,0,0.218750,0.000633,0.218117,0.218750,0.000633,0.218117,0.218750,0.000633,0.218117,,,,,,,,,
