virtual,pass,physical,in_primary_band,fit01_minus_raw,group_boot_2.5_descriptive,group_boot_97.5_descriptive,fit02_minus_raw,fit02_group_boot_2.5,fit02_group_boot_97.5,fit01_intended_minus_raw_intended,fit01_control_minus_raw_control
0,1,1,0,-0.000475,-0.001220,0.000000,-0.000158,-0.000584,0.000000,0.000000,0.000475
1,1,2,0,0.000158,0.000000,0.000584,0.000000,0.000000,0.000000,0.000000,-0.000158
2,1,3,0,-0.000158,-0.000387,0.000000,-0.000396,-0.001266,0.000000,0.000000,0.000158
3,1,4,0,0.000158,0.000000,0.000584,0.000000,0.000000,0.000000,0.000000,-0.000158
4,1,5,0,0.000158,0.000000,0.000584,-0.000079,-0.000292,0.000000,0.000000,-0.000158
5,1,6,0,-0.000158,-0.000659,0.000181,-0.000237,-0.000703,0.000000,0.000000,0.000158
6,1,7,0,-0.000237,-0.000713,0.000087,-0.000237,-0.000811,0.000128,0.000000,0.000237
7,1,8,0,-0.000316,-0.000904,0.000079,-0.000158,-0.000661,0.000183,0.000000,0.000316
8,1,9,0,-0.000633,-0.001286,-0.000204,-0.000079,-0.000527,0.000239,0.000000,0.000633
9,1,10,0,-0.000079,-0.000432,0.000192,-0.000158,-0.000814,0.000237,0.000000,0.000079
10,1,11,0,0.000000,-0.000248,0.000248,-0.000237,-0.001101,0.000237,0.000000,0.000000
11,1,12,0,0.000000,-0.000248,0.000248,-0.000237,-0.001101,0.000237,0.000000,0.000000
12,1,13,0,0.000000,-0.000248,0.000248,-0.000396,-0.001040,0.000094,0.000000,0.000000
13,1,14,0,-0.000079,-0.000730,0.000396,-0.000158,-0.000772,0.000384,0.000000,0.000079
14,1,15,0,0.000158,0.000000,0.000479,0.000158,0.000000,0.000479,0.000000,-0.000158
15,1,16,0,-0.012421,-0.034977,0.000158,-0.012975,-0.035385,-0.000099,-0.012500,-0.000079
16,1,17,0,-0.086788,-0.133480,-0.037399,-0.086788,-0.133480,-0.037399,-0.087500,-0.000712
17,1,18,0,-0.111867,-0.168094,-0.053345,-0.112104,-0.168434,-0.053458,-0.112500,-0.000633
18,1,19,0,-0.142959,-0.237032,-0.081931,-0.142484,-0.235918,-0.081617,-0.143750,-0.000791
19,1,20,0,-0.193275,-0.288291,-0.134008,-0.192484,-0.286710,-0.133478,-0.193750,-0.000475
20,1,21,0,-0.175554,-0.302126,-0.102377,-0.174051,-0.300697,-0.100914,-0.175000,0.000554
21,1,22,0,-0.136867,-0.217208,-0.091696,-0.136472,-0.216566,-0.091434,-0.137500,-0.000633
22,1,23,0,-0.143354,-0.217131,-0.095803,-0.143196,-0.216745,-0.095667,-0.143750,-0.000396
23,1,24,0,-0.062975,-0.094997,-0.027341,-0.062342,-0.094460,-0.026565,-0.062500,0.000475
24,1,25,0,-0.082120,-0.130620,-0.049402,-0.081250,-0.129236,-0.048626,-0.081250,0.000870
25,1,26,0,-0.087421,-0.137897,-0.046605,-0.081092,-0.130350,-0.033227,-0.087500,-0.000079
26,1,27,0,-0.081250,-0.144097,-0.044944,-0.069383,-0.126056,-0.028273,-0.081250,-0.000000
27,1,28,0,-0.087816,-0.159000,-0.045153,-0.075949,-0.132468,-0.038948,-0.087500,0.000316
28,1,29,0,-0.088449,-0.159735,-0.045747,-0.075000,-0.131251,-0.038250,-0.087500,0.000949
29,1,30,0,-0.081329,-0.146695,-0.043811,-0.068750,-0.127619,-0.028987,-0.081250,0.000079
30,1,31,0,-0.075237,-0.136220,-0.041035,-0.068592,-0.123175,-0.036477,-0.075000,0.000237
31,1,32,0,-0.056013,-0.104079,-0.023508,-0.055775,-0.103903,-0.023327,-0.056250,-0.000237
32,1,33,0,-0.050079,-0.098764,-0.018884,-0.043434,-0.086682,-0.014301,-0.050000,0.000079
33,1,34,0,-0.038133,-0.080542,-0.010039,-0.024763,-0.071203,0.021229,-0.037500,0.000633
34,1,35,0,-0.044858,-0.093438,-0.014844,-0.043592,-0.091966,-0.013464,-0.043750,0.001108
35,1,36,0,-0.038766,-0.081038,-0.010669,-0.037184,-0.079466,-0.009083,-0.037500,0.001266
36,1,37,0,-0.050079,-0.106250,-0.015691,-0.037342,-0.075000,-0.009909,-0.050000,0.000079
37,1,38,0,-0.075158,-0.123957,-0.040168,-0.062975,-0.096497,-0.032050,-0.075000,0.000158
38,1,39,0,-0.112975,-0.168354,-0.068432,-0.100000,-0.143269,-0.057081,-0.112500,0.000475
39,1,40,0,-0.137579,-0.201727,-0.090790,-0.123734,-0.175447,-0.078609,-0.137500,0.000079
40,1,41,0,-0.231250,-0.346605,-0.151020,-0.217326,-0.324210,-0.140671,-0.231250,0.000000
41,1,42,0,-0.237104,-0.345173,-0.161879,-0.223497,-0.323420,-0.150477,-0.237500,-0.000396
42,1,43,0,-0.280459,-0.413870,-0.201300,-0.266851,-0.390125,-0.190442,-0.281250,-0.000791
43,1,44,0,-0.355063,-0.474383,-0.286693,-0.341060,-0.449976,-0.275960,-0.356250,-0.001187
44,1,45,0,-0.336392,-0.470128,-0.249500,-0.316218,-0.439615,-0.233064,-0.337500,-0.001108
45,1,46,0,-0.273497,-0.391042,-0.201828,-0.260839,-0.370180,-0.189104,-0.275000,-0.001503
46,1,47,0,-0.162737,-0.257318,-0.101266,-0.155538,-0.245329,-0.095512,-0.162500,0.000237
47,1,48,0,-0.105854,-0.185164,-0.065006,-0.105301,-0.184464,-0.064620,-0.106250,-0.000396
48,2,1,0,-0.139161,-0.219682,-0.080461,-0.138528,-0.212303,-0.084946,-0.137500,0.001661
49,2,2,0,-0.083386,-0.142704,-0.044745,-0.069462,-0.112509,-0.037571,-0.081250,0.002136
50,2,3,0,-0.089241,-0.150671,-0.043776,-0.075396,-0.124051,-0.034591,-0.087500,0.001741
51,2,4,0,-0.107516,-0.181649,-0.053345,-0.075633,-0.137227,-0.035200,-0.106250,0.001266
52,2,5,0,-0.120491,-0.195906,-0.065073,-0.081962,-0.144929,-0.039458,-0.118750,0.001741
53,2,6,0,-0.138845,-0.226623,-0.081042,-0.100870,-0.178951,-0.055575,-0.137500,0.001345
54,2,7,0,-0.138845,-0.233776,-0.080506,-0.100633,-0.200759,-0.045696,-0.137500,0.001345
55,2,8,0,-0.046440,-0.111287,0.015937,-0.038766,-0.111598,0.022009,-0.043750,0.002690
56,2,9,0,-0.039794,-0.087065,0.022411,-0.025791,-0.078000,0.040937,-0.037500,0.002294
57,2,10,0,-0.027294,-0.079168,0.035865,-0.032278,-0.092476,0.032423,-0.025000,0.002294
58,2,11,0,-0.014953,-0.075816,0.049052,-0.008070,-0.075264,0.058901,-0.012500,0.002453
59,2,12,0,-0.014636,-0.062990,0.047276,-0.013924,-0.066456,0.049609,-0.012500,0.002136
60,2,13,0,-0.026187,-0.078968,0.022867,-0.007358,-0.069237,0.052386,-0.025000,0.001187
61,2,14,0,-0.056962,-0.108663,-0.006526,-0.038291,-0.093023,0.015579,-0.056250,0.000712
62,2,15,0,-0.062263,-0.119433,-0.000097,-0.050396,-0.102446,0.007296,-0.062500,-0.000237
63,2,16,0,-0.106566,-0.144404,-0.061439,-0.094304,-0.130659,-0.057575,-0.106250,0.000316
64,2,17,0,-0.231013,-0.327229,-0.173588,-0.231092,-0.314899,-0.181336,-0.231250,-0.000237
65,2,18,0,-0.225316,-0.330786,-0.166466,-0.219462,-0.325481,-0.160501,-0.225000,0.000316
66,2,19,0,-0.299367,-0.399426,-0.235818,-0.299763,-0.399807,-0.236133,-0.300000,-0.000633
67,2,20,0,-0.317563,-0.433270,-0.248912,-0.317722,-0.433711,-0.248912,-0.318750,-0.001187
68,2,21,0,-0.311867,-0.400317,-0.252707,-0.311946,-0.400383,-0.252707,-0.312500,-0.000633
69,2,22,0,-0.261946,-0.311647,-0.212974,-0.262025,-0.311612,-0.212998,-0.262500,-0.000554
70,2,23,0,-0.201424,-0.260164,-0.134112,-0.201345,-0.265471,-0.134915,-0.200000,0.001424
71,2,24,0,-0.095332,-0.150728,-0.040896,-0.101187,-0.153080,-0.047633,-0.093750,0.001582
72,2,25,0,-0.127373,-0.211395,-0.066501,-0.126503,-0.210700,-0.074430,-0.125000,0.002373
73,2,26,0,-0.108703,-0.167239,-0.026820,-0.120332,-0.171689,-0.058770,-0.106250,0.002453
74,2,27,0,-0.090190,-0.136848,-0.024141,-0.114082,-0.160906,-0.066081,-0.087500,0.002690
75,2,28,0,-0.095965,-0.148230,-0.042166,-0.094937,-0.146569,-0.044557,-0.093750,0.002215
76,2,29,0,-0.107832,-0.157173,-0.053796,-0.107516,-0.156832,-0.053320,-0.106250,0.001582
77,2,30,0,-0.107358,-0.155771,-0.055649,-0.100949,-0.150577,-0.048134,-0.106250,0.001108
78,2,31,0,-0.088291,-0.145120,-0.049803,-0.101028,-0.151014,-0.070860,-0.087500,0.000791
79,2,32,0,-0.076028,-0.119979,-0.047666,-0.069541,-0.115710,-0.042705,-0.075000,0.001028
80,2,33,0,-0.076345,-0.127934,-0.038090,-0.063687,-0.120908,-0.023528,-0.075000,0.001345
81,2,34,0,-0.069858,-0.125679,-0.028270,-0.057120,-0.117774,-0.016614,-0.068750,0.001108
82,2,35,0,-0.082278,-0.123112,-0.050069,-0.069778,-0.106704,-0.040934,-0.081250,0.001028
83,2,36,0,-0.070016,-0.107461,-0.037509,-0.069304,-0.106865,-0.036857,-0.068750,0.001266
84,2,37,0,-0.064241,-0.098390,-0.023565,-0.063687,-0.088608,-0.033279,-0.062500,0.001741
85,2,38,0,-0.070174,-0.104800,-0.019424,-0.076108,-0.108726,-0.035953,-0.068750,0.001424
86,2,39,0,-0.101187,-0.153743,-0.043959,-0.119383,-0.176967,-0.066456,-0.100000,0.001187
87,2,40,0,-0.143829,-0.215795,-0.090229,-0.150000,-0.218068,-0.101480,-0.143750,0.000079
88,2,41,0,-0.299684,-0.365592,-0.235985,-0.299367,-0.358279,-0.246036,-0.300000,-0.000316
89,2,42,0,-0.305538,-0.367266,-0.234773,-0.330538,-0.402615,-0.265398,-0.306250,-0.000712
90,2,43,0,-0.311630,-0.375836,-0.223130,-0.318117,-0.385401,-0.230524,-0.312500,-0.000870
91,2,44,0,-0.448180,-0.562986,-0.369390,-0.454430,-0.571091,-0.369783,-0.450000,-0.001820
92,2,45,0,-0.430459,-0.520570,-0.347330,-0.429905,-0.524727,-0.340667,-0.431250,-0.000791
93,2,46,0,-0.330380,-0.424051,-0.233796,-0.318038,-0.411735,-0.210126,-0.331250,-0.000870
94,2,47,0,-0.200316,-0.247588,-0.149504,-0.200316,-0.247588,-0.149474,-0.200000,0.000316
95,2,48,0,-0.169620,-0.271737,-0.084520,-0.175791,-0.273303,-0.098460,-0.168750,0.000870
96,3,1,0,-0.089715,-0.151288,-0.018783,-0.095807,-0.155866,-0.025928,-0.087500,0.002215
97,3,2,0,-0.027136,-0.056184,0.019691,-0.032991,-0.062205,0.013809,-0.025000,0.002136
98,3,3,0,-0.008623,-0.045588,0.039120,-0.014161,-0.049075,0.029780,-0.006250,0.002373
99,3,4,0,-0.058386,-0.103948,-0.002194,-0.051582,-0.100641,0.005865,-0.056250,0.002136
100,3,5,0,-0.058149,-0.104430,-0.012952,-0.044699,-0.093768,0.006962,-0.056250,0.001899
101,3,6,0,-0.076741,-0.120944,-0.026250,-0.070095,-0.118364,-0.017048,-0.075000,0.001741
102,3,7,0,-0.064003,-0.111454,-0.016317,-0.057278,-0.108410,-0.008370,-0.062500,0.001503
103,3,8,0,-0.026424,-0.076129,0.039646,-0.026266,-0.075949,0.039874,-0.025000,0.001424
104,3,9,0,-0.026187,-0.075949,0.039843,-0.032278,-0.081258,0.027996,-0.025000,0.001187
105,3,10,0,-0.019778,-0.069360,0.050308,-0.032199,-0.080198,0.026840,-0.018750,0.001028
106,3,11,0,-0.013687,-0.062807,0.050522,-0.019937,-0.068249,0.038363,-0.012500,0.001187
107,3,12,0,-0.007516,-0.044063,0.059627,-0.020174,-0.053430,0.040657,-0.006250,0.001266
108,3,13,0,-0.026345,-0.073082,0.050898,-0.038608,-0.082121,0.025786,-0.025000,0.001345
109,3,14,0,-0.044858,-0.089733,0.030545,-0.056883,-0.100863,0.012325,-0.043750,0.001108
110,3,15,0,-0.057278,-0.107526,0.020570,-0.069541,-0.117281,0.004624,-0.056250,0.001028
111,3,16,0,-0.088608,-0.136260,-0.027371,-0.088608,-0.142093,-0.025391,-0.087500,0.001108
112,3,17,0,-0.213212,-0.300270,-0.101659,-0.225158,-0.305407,-0.126265,-0.212500,0.000712
113,3,18,0,-0.213687,-0.300345,-0.109910,-0.225949,-0.317014,-0.133789,-0.212500,0.001187
114,3,19,0,-0.294304,-0.360880,-0.217841,-0.293750,-0.361346,-0.228070,-0.293750,0.000554
115,3,20,0,-0.312658,-0.386535,-0.250852,-0.324842,-0.402006,-0.266714,-0.312500,0.000158
116,3,21,0,-0.257120,-0.335139,-0.165043,-0.268750,-0.345339,-0.182774,-0.256250,0.000870
117,3,22,0,-0.200633,-0.283265,-0.097146,-0.212500,-0.292175,-0.115242,-0.200000,0.000633
118,3,23,0,-0.175712,-0.249933,-0.087904,-0.187737,-0.258591,-0.100584,-0.175000,0.000712
119,3,24,0,-0.156646,-0.225219,-0.063963,-0.156566,-0.225086,-0.063967,-0.156250,0.000396
120,3,25,0,-0.194778,-0.281144,-0.092416,-0.200475,-0.289241,-0.095414,-0.193750,0.001028
121,3,26,0,-0.131883,-0.197485,-0.055747,-0.131646,-0.197298,-0.055571,-0.131250,0.000633
122,3,27,0,-0.131487,-0.190050,-0.054903,-0.131329,-0.190050,-0.054624,-0.131250,0.000237
123,3,28,0,-0.125396,-0.183901,-0.056249,-0.125316,-0.183812,-0.056156,-0.125000,0.000396
124,3,29,0,-0.125316,-0.184708,-0.058519,-0.119146,-0.180254,-0.050214,-0.125000,0.000316
125,3,30,0,-0.131092,-0.190951,-0.059070,-0.130934,-0.190712,-0.058897,-0.131250,-0.000158
126,3,31,0,-0.106250,-0.174188,-0.053595,-0.112421,-0.164037,-0.066075,-0.106250,0.000000
127,3,32,0,-0.106092,-0.147713,-0.056962,-0.106092,-0.147713,-0.056962,-0.106250,-0.000158
128,3,33,0,-0.105934,-0.146874,-0.052410,-0.105934,-0.146874,-0.052410,-0.106250,-0.000316
129,3,34,0,-0.087184,-0.138250,-0.034592,-0.087184,-0.138250,-0.034592,-0.087500,-0.000316
130,3,35,0,-0.099604,-0.157128,-0.039998,-0.099604,-0.157128,-0.039998,-0.100000,-0.000396
131,3,36,0,-0.093434,-0.156782,-0.028708,-0.093434,-0.156782,-0.028708,-0.093750,-0.000316
132,3,37,0,-0.093354,-0.130575,-0.035375,-0.093354,-0.130575,-0.035375,-0.093750,-0.000396
133,3,38,0,-0.118196,-0.170540,-0.050891,-0.118196,-0.170540,-0.050891,-0.118750,-0.000554
134,3,39,0,-0.130380,-0.177752,-0.063495,-0.130380,-0.177752,-0.063495,-0.131250,-0.000870
135,3,40,0,-0.192009,-0.246261,-0.105377,-0.192009,-0.246261,-0.105377,-0.193750,-0.001741
136,3,41,0,-0.384731,-0.474884,-0.279406,-0.384731,-0.474884,-0.279406,-0.387500,-0.002769
137,3,42,0,-0.390981,-0.462553,-0.283262,-0.390981,-0.462553,-0.283262,-0.393750,-0.002769
138,3,43,0,-0.434177,-0.500201,-0.317974,-0.434177,-0.500201,-0.317974,-0.437500,-0.003323
139,3,44,0,-0.589794,-0.675708,-0.481743,-0.589794,-0.675708,-0.481743,-0.593750,-0.003956
140,3,45,0,-0.540506,-0.640435,-0.411392,-0.546835,-0.641933,-0.421020,-0.543750,-0.003244
141,3,46,0,-0.342563,-0.439431,-0.216340,-0.342326,-0.439193,-0.216322,-0.343750,-0.001187
142,3,47,0,-0.194858,-0.310931,-0.083319,-0.200712,-0.299139,-0.103374,-0.193750,0.001108
143,3,48,0,-0.114320,-0.215099,0.008464,-0.114873,-0.218952,0.008087,-0.112500,0.001820
144,4,1,0,0.016930,-0.027966,0.079954,0.017089,-0.033002,0.084352,0.018750,0.001820
145,4,2,0,0.072547,0.023271,0.151903,0.072943,0.023995,0.139878,0.075000,0.002453
146,4,3,0,0.084889,0.033139,0.172762,0.072547,0.029601,0.140635,0.087500,0.002611
147,4,4,0,0.023022,-0.016878,0.078173,0.035443,0.002352,0.091616,0.025000,0.001978
148,4,5,0,0.010759,-0.011520,0.049689,0.010601,-0.011632,0.049578,0.012500,0.001741
149,4,6,0,-0.026582,-0.060338,0.025432,-0.026978,-0.060685,0.024856,-0.025000,0.001582
150,4,7,0,-0.026503,-0.062729,0.029698,-0.026661,-0.062929,0.029747,-0.025000,0.001503
151,4,8,0,0.004430,-0.038212,0.080990,0.004351,-0.038451,0.080908,0.006250,0.001820
152,4,9,0,-0.007199,-0.057243,0.069850,-0.007516,-0.056259,0.064608,-0.006250,0.000949
153,4,10,0,0.024446,-0.018864,0.094392,0.018038,-0.023383,0.083781,0.025000,0.000554
154,4,11,0,0.005380,-0.040185,0.075376,0.011472,-0.030655,0.078172,0.006250,0.000870
155,4,12,0,-0.000949,-0.043429,0.066600,0.011234,-0.030890,0.077659,0.000000,0.000949
156,4,13,0,-0.013608,-0.056695,0.054737,-0.007595,-0.054097,0.062990,-0.012500,0.001108
157,4,14,0,-0.038212,-0.081880,0.027825,-0.038370,-0.082071,0.027751,-0.037500,0.000712
158,4,15,0,-0.050870,-0.106654,0.023815,-0.026028,-0.079222,0.050897,-0.050000,0.000870
159,4,16,0,-0.063528,-0.115296,-0.000703,-0.063766,-0.115715,-0.001485,-0.062500,0.001028
160,4,17,0,-0.169699,-0.256550,-0.058697,-0.163766,-0.255163,-0.048825,-0.168750,0.000949
161,4,18,0,-0.163370,-0.255033,-0.047007,-0.176028,-0.267507,-0.054444,-0.162500,0.000870
162,4,19,0,-0.170095,-0.262925,-0.074616,-0.170332,-0.258314,-0.069967,-0.168750,0.001345
163,4,20,0,-0.151266,-0.244034,-0.025463,-0.132516,-0.225093,-0.000886,-0.150000,0.001266
164,4,21,0,-0.089399,-0.195980,0.054735,-0.083149,-0.195980,0.066783,-0.087500,0.001899
165,4,22,0,0.010839,-0.103538,0.172263,0.004509,-0.100564,0.144341,0.012500,0.001661
166,4,23,0,0.072785,-0.013759,0.187914,0.078718,-0.008765,0.195053,0.075000,0.002215
167,4,24,0,0.122468,0.057927,0.212460,0.128718,0.066015,0.213577,0.125000,0.002532
168,4,25,0,0.221677,0.128855,0.368102,0.228006,0.137974,0.370753,0.225000,0.003323
169,4,26,1,0.278085,0.189346,0.404717,0.272231,0.186237,0.393855,0.281250,0.003165
170,4,27,1,0.278323,0.193465,0.414294,0.278165,0.193370,0.414107,0.281250,0.002927
171,4,28,1,0.290190,0.198352,0.423649,0.302611,0.214695,0.437465,0.293750,0.003560
172,4,29,1,0.296440,0.197478,0.443696,0.290111,0.201844,0.422082,0.300000,0.003560
173,4,30,1,0.284098,0.187289,0.423032,0.284177,0.190077,0.422570,0.287500,0.003402
174,4,31,1,0.259731,0.167989,0.377253,0.253165,0.162818,0.366570,0.262500,0.002769
175,4,32,1,0.246835,0.169160,0.342279,0.240269,0.163150,0.339662,0.250000,0.003165
176,4,33,1,0.197073,0.112439,0.263433,0.165823,0.095805,0.209319,0.200000,0.002927
177,4,34,1,0.184573,0.121308,0.257848,0.184810,0.121834,0.257934,0.187500,0.002927
178,4,35,1,0.184731,0.112729,0.256604,0.172231,0.106494,0.228121,0.187500,0.002769
179,4,36,1,0.147231,0.090387,0.214640,0.134573,0.078565,0.198245,0.150000,0.002769
180,4,37,1,0.135285,0.082493,0.219997,0.128797,0.069571,0.211551,0.137500,0.002215
181,4,38,0,0.128560,0.055597,0.248571,0.128560,0.062458,0.236890,0.131250,0.002690
182,4,39,0,0.184494,0.096938,0.314391,0.171915,0.096662,0.280804,0.187500,0.003006
183,4,40,0,0.141297,0.073575,0.245119,0.122310,0.054239,0.219208,0.143750,0.002453
184,4,41,0,0.067168,0.006491,0.144643,0.060918,0.005616,0.140914,0.068750,0.001582
185,4,42,0,0.103560,0.042704,0.182369,0.109968,0.044087,0.186114,0.106250,0.002690
186,4,43,0,0.060522,0.019453,0.129747,0.054272,0.012293,0.125610,0.062500,0.001978
187,4,44,0,0.011472,-0.035473,0.089495,0.005301,-0.042923,0.081116,0.012500,0.001028
188,4,45,0,0.023180,-0.021546,0.074449,0.035759,-0.014883,0.090458,0.025000,0.001820
189,4,46,0,0.117168,0.069518,0.207278,0.123259,0.073335,0.212779,0.118750,0.001582
190,4,47,0,0.160522,0.074906,0.291286,0.173022,0.085441,0.306684,0.162500,0.001978
191,4,48,0,0.000000,0.000000,0.000000,0.000000,0.000000,0.000000,0.000000,0.000000
