virtual,pass,physical,known_identity,fit1,fit2,fit3,fit4,fit5,fit_mean,fit_sd,crossed_fit_item_pointwise_low,crossed_fit_item_pointwise_high,crossed_fit_item_simultaneous_low,crossed_fit_item_simultaneous_high,in_selected_band_26_37,in_final_third_33_48
0,1,1,False,-0.005788,-0.006271,-0.005788,-0.005788,-0.005788,-0.005884,0.00021604521521737083,-0.039700672539547226,0.018119115278961817,-0.23645698733799447,0.22468849250044592,0,0
1,1,2,False,-0.021893,-0.021893,-0.021893,-0.022537,-0.021893,-0.022022,0.00028806028695649343,-0.06842379463862841,0.014411776546367315,-0.2525946211354748,0.20855085870296558,0,0
2,1,3,False,-0.007244,-0.007244,-0.007244,-0.007244,-0.007244,-0.007244,0.0,-0.031078904991948472,0.006119162640901772,-0.23781674863381716,0.22332873120462324,0,0
3,1,4,False,0.000644,0.000644,-0.000322,0.000644,0.000644,0.000451,0.000432090430434742,-0.0005797101449275362,0.0019323671497584543,-0.23012185425094323,0.23102362558749717,0,0
4,1,5,False,-0.006436,-0.006436,-0.006436,-0.006598,-0.006436,-0.006469,7.201507173912336e-05,-0.029952318366960308,0.006602254428341384,-0.23704143367691652,0.22410404616152388,0,0
5,1,6,False,0.004523,0.004523,0.004523,0.004523,0.004201,0.004459,0.0001440301434782475,0.0030714924948997556,0.005843586839884125,-0.22611401620332963,0.23503146363511077,0,0
6,1,7,False,0.000161,0.000161,-0.000322,0.000000,-0.001127,-0.000225,0.0005413119585820164,-0.0009661835748792271,0.00035426731078904995,-0.23079818275335867,0.23034729708508173,0,0
7,1,8,False,0.000000,0.000000,0.010789,-0.000483,-0.002254,0.001610,0.0052142592137494935,-0.0015458937198067637,0.012657004830917876,-0.22896243396108815,0.23218304587735225,0,0
8,1,9,False,-0.011111,-0.011111,-0.011111,-0.011111,-0.011594,-0.011208,0.00021604521521737083,-0.03352657004830918,0.0,-0.24178046938781922,0.21936501045062118,0,0
9,1,10,False,0.000805,0.000644,0.000644,0.000161,-0.004670,-0.000483,0.0023529209655720547,-0.0029307568438003222,0.0011272141706924314,-0.2310558317066598,0.2300896481317806,0,0
10,1,11,False,0.000485,-0.000803,0.000485,-0.002415,-0.001447,-0.000739,0.0012564155039836615,-0.002155441886899687,0.00048545988443686656,-0.23131158618236314,0.22983389365607726,0,0
11,1,12,False,0.000161,-0.000805,0.000000,0.000000,-0.003382,-0.000805,0.0014889888896060328,-0.002415458937198068,0.00022544283413848632,-0.23137789289828622,0.22976758694015417,0,0
12,1,13,False,0.000322,0.000322,0.000322,0.000000,-0.003221,-0.000451,0.001554591740566463,-0.0022222222222222222,0.0006119162640901771,-0.23102362558749717,0.23012185425094323,0,0
13,1,14,False,0.000805,0.000805,0.000644,0.000481,-0.002254,0.000096,0.0013208671057004934,-0.0016103059581320453,0.001416595623756749,-0.23047659518113173,0.23066888465730867,0,0
14,1,15,False,0.000644,0.000644,0.000644,-0.000646,0.000322,0.000322,0.0005588518258388162,-0.0005152979066022544,0.0011272141706924316,-0.23025115234699323,0.23089432749144717,0,0
15,1,16,False,-0.010467,-0.010467,-0.010467,-0.003384,-0.000644,-0.007086,0.004730110116347467,-0.03307570806100218,0.012044141328028795,-0.23765855975440064,0.22348692008403975,0,0
16,1,17,False,-0.096618,-0.096618,-0.096618,-0.097262,-0.096779,-0.096779,0.0002789131735215572,-0.16215780998389692,-0.04177053140096619,-0.3273521280029561,0.1337933518354843,0,0
17,1,18,False,-0.063929,-0.063929,-0.065056,-0.064090,-0.064573,-0.064316,0.0004910773166498213,-0.11935668276972627,-0.019742351046698872,-0.29488835988701406,0.16625711995142634,0,0
18,1,19,False,-0.095813,-0.095813,-0.095974,-0.095974,-0.095813,-0.095878,8.82000897753849e-05,-0.1617399355877617,-0.04074074074074074,-0.32645035666640215,0.13469512317203824,0,0
19,1,20,False,-0.129791,-0.129791,-0.129791,-0.130113,-0.133011,-0.130499,0.0014112014364062201,-0.20692431561996782,-0.06428260869565218,-0.36107193476624116,0.10007354507219923,0,0
20,1,21,False,-0.151208,-0.151208,-0.151208,-0.151208,-0.152013,-0.151369,0.0003600753586956075,-0.2286634460547503,-0.08454025764895334,-0.38194149998363247,0.07920397985480793,0,0
21,1,22,False,-0.106763,-0.106924,-0.106763,-0.106924,-0.101291,-0.105733,0.002484765764247213,-0.1737850359950744,-0.04495896087903761,-0.33630590274956973,0.12483957708887067,0,0
22,1,23,False,-0.109179,-0.110628,-0.109179,-0.109179,-0.109340,-0.109501,0.0006339780896949814,-0.17636151368760067,-0.053462157809983896,-0.3400735450721993,0.12107193476624112,0,0
23,1,24,False,-0.065539,-0.069887,-0.065539,-0.065539,-0.066828,-0.066667,0.001884814800437938,-0.12238405797101451,-0.021256038647342997,-0.2972394065858869,0.16390607325255352,0,0
24,1,25,False,-0.096777,-0.099676,-0.097260,-0.096616,-0.100159,-0.098097,0.0016865985150114188,-0.16447826086956524,-0.04209333854314674,-0.32867021079162717,0.13247526904681325,0,0
25,1,26,False,-0.082280,-0.084212,-0.082280,-0.082441,-0.087433,-0.083729,0.002225487111285873,-0.14714512882447664,-0.028745405891825337,-0.3143015454510948,0.1468439343873456,0,0
26,1,27,False,-0.071007,-0.072618,-0.072298,-0.071168,-0.076321,-0.072683,0.0021501196642011934,-0.1295658449370086,-0.020797243535095215,-0.3032553201977084,0.157890159640732,0,0
27,1,28,False,-0.038323,-0.038323,-0.039128,-0.038323,-0.050078,-0.040835,0.005178830083965162,-0.08650326797385621,-0.004825494932272437,-0.2714077309204516,0.18973774891798878,0,0
28,1,29,False,-0.014649,-0.014971,-0.014649,-0.014649,-0.019319,-0.015647,0.002057161922405322,-0.04978136544472862,0.007768838211613146,-0.24622017763826917,0.21492530220017123,0,0
29,1,30,False,-0.005634,0.002899,-0.005634,-0.006278,-0.010143,-0.004958,0.004776508468056683,-0.03049919484702093,0.012369340248176553,-0.2355305877926691,0.2256148920457713,0,0
30,1,31,False,-0.007081,-0.007888,-0.007081,-0.007725,-0.009496,-0.007854,0.0009887529546300452,-0.030854030501089327,0.005056360708534622,-0.23842677042030952,0.22271870941813088,0,0
31,1,32,False,0.003225,0.002579,0.003064,0.003225,-0.008852,0.000648,0.005317453156391679,-0.004666133844842285,0.004546769915695747,-0.2299243549613723,0.23122112487706808,0,0
32,1,33,False,0.003711,0.003550,0.003225,0.003389,-0.007239,0.001327,0.004792150618777916,-0.0036279719617315527,0.005258608032585015,-0.22924565836195962,0.23189982147648078,0,0
33,1,34,False,0.004362,0.004201,0.014022,0.004362,-0.001596,0.005070,0.005619693757704738,0.00020653499340467297,0.015562847173623216,-0.2255025735586389,0.2356429062798015,0,0
34,1,35,False,0.005328,0.004845,0.015795,0.005328,0.001303,0.006520,0.005452021327070679,0.002100502036563418,0.016764075862517477,-0.2240528245769206,0.2370926552615198,0,0
35,1,36,False,0.004675,0.004836,0.004997,0.005158,-0.005631,0.002807,0.004720421782075229,-0.0028347068295917393,0.007281010230179028,-0.22776607135807594,0.23337940848036445,0,0
36,1,37,False,0.007085,0.007085,0.026890,0.007407,0.002415,0.010177,0.009570064441973902,0.0021256038647342996,0.025764753244292875,-0.22039607988322513,0.24074939995521527,0,0
37,1,38,False,-0.012238,-0.011916,0.005473,-0.000483,-0.003704,-0.004574,0.007600646203026516,-0.03896949891067538,0.025346215780998393,-0.23514648245971465,0.22599899737872575,0,0
38,1,39,False,-0.036876,-0.036232,-0.020621,-0.024799,-0.032850,-0.030276,0.007226194808535271,-0.07732966278298758,0.009205325850146825,-0.26084838640970043,0.20029709342873994,0,0
39,1,40,False,-0.058442,-0.057154,-0.040899,-0.045238,-0.065689,-0.053484,0.010165866350013916,-0.10974955006157051,-0.005531294401818708,-0.2840571578409783,0.17708832199746213,0,0
40,1,41,False,-0.118959,-0.117829,-0.099474,-0.105430,-0.129907,-0.114320,0.012002164478250513,-0.18697350240838997,-0.046129014631305,-0.34489248108268394,0.11625299875575645,0,0
41,1,42,False,-0.128945,-0.129428,-0.117353,-0.115902,-0.139412,-0.126208,0.009706145887254998,-0.2015669704899769,-0.0565370057569499,-0.35678080162829345,0.10436467821014694,0,0
42,1,43,False,-0.185135,-0.183364,-0.174027,-0.171126,-0.196246,-0.181980,0.009955854868289014,-0.2660173657501071,-0.10341328240864449,-0.412552256940536,0.04859322289790441,0,0
43,1,44,False,-0.225556,-0.226522,-0.228296,-0.212191,-0.250360,-0.228585,0.01375155577895502,-0.31912920443251214,-0.1422539556056038,-0.45915782670467353,0.0019876531337668923,0,0
44,1,45,False,-0.219754,-0.224102,-0.222497,-0.207516,-0.237790,-0.222332,0.010819668235838053,-0.3116979794477458,-0.13667484314008255,-0.45290462977372725,0.008240850064713118,0,0
45,1,46,False,-0.188162,-0.192670,-0.195413,-0.191221,-0.212321,-0.195957,0.009514093680671236,-0.2857982314203352,-0.11079097991853747,-0.42653011558705894,0.03461536425138145,0,0
46,1,47,False,-0.129700,-0.131472,-0.133726,-0.131633,-0.135659,-0.132438,0.0022971566212056623,-0.2199660178080894,-0.050305478857488664,-0.3630106498297415,0.09813483000869891,0,0
47,1,48,False,-0.095882,-0.095882,-0.096526,-0.095882,-0.097331,-0.096300,0.0006400839585942619,-0.17731253755377702,-0.02200999001157901,-0.32687301603226115,0.13427246380617927,0,0
48,2,1,False,-0.131974,-0.131813,-0.132940,-0.132457,-0.131974,-0.132231,0.000463924647049535,-0.21074884705486494,-0.059017401271562096,-0.3628042224610436,0.09834125737739677,0,0
49,2,2,False,-0.103379,-0.097743,-0.113202,-0.096455,-0.102896,-0.102735,0.006602254428341396,-0.16821029885384112,-0.04354106280193239,-0.33330789195104743,0.12783758788739297,0,0
50,2,3,False,-0.072925,-0.072120,-0.086130,-0.057789,-0.073892,-0.072571,0.010055326011164272,-0.13121405440826558,-0.02124809438881187,-0.3031439489493749,0.1580015308890655,0,0
51,2,4,False,-0.062312,-0.062634,-0.066499,-0.062151,-0.064244,-0.063568,0.0018374430693199263,-0.11867561807331631,-0.018251397177228387,-0.2941405148552816,0.1670049649831588,0,0
52,2,5,False,-0.052806,-0.055705,-0.059247,-0.054094,-0.055222,-0.055415,0.002416532236045615,-0.10974753717912285,-0.011200506772757413,-0.2859876305131389,0.17515784932530148,0,0
53,2,6,False,-0.033326,-0.034937,-0.037352,-0.032682,-0.038479,-0.035355,0.002509185337298868,-0.07925364686937576,-0.0016376574784503191,-0.2659279544688081,0.19521752536963224,0,0
54,2,7,False,-0.012387,-0.016091,-0.016577,-0.011904,-0.015447,-0.014481,0.0021759734464915346,-0.03780008348425533,-0.0013682829105396575,-0.2450540559873592,0.2160914238510812,0,0
55,2,8,False,-0.013351,-0.019312,-0.016089,-0.012385,-0.017699,-0.015767,0.002901509529200758,-0.039968747658411546,-0.0017796058072807326,-0.24633993265686757,0.21480554718157283,0,0
56,2,9,False,0.000656,-0.002406,-0.004497,-0.006271,-0.002726,-0.003049,0.002584617372809152,-0.006760952448612295,-0.00013679771786139465,-0.23362135730402112,0.22752412253441928,0,0
57,2,10,False,0.008859,-0.004348,-0.007729,-0.006280,-0.007085,-0.003317,0.00692404584278705,-0.009666631145211706,0.008730948659657093,-0.23388949657357277,0.22725598326486762,0,0
58,2,11,False,-0.003221,-0.008698,-0.007895,-0.007732,-0.006444,-0.006798,0.002156928602565301,-0.01114712986643933,-0.003124940797575069,-0.23737059915953468,0.22377488067890572,0,0
59,2,12,False,-0.008052,-0.010628,-0.009503,-0.010789,-0.006119,-0.009018,0.001955856311671628,-0.014138498152884342,-0.004541062801932367,-0.2395909269041591,0.2215545529342813,0,0
60,2,13,False,-0.004509,-0.006924,-0.005961,-0.007890,-0.004026,-0.005862,0.0016167700774766106,-0.009919484702093397,-0.0025764895330112722,-0.2364347272262203,0.2247107526122201,0,0
61,2,14,False,-0.012882,-0.014332,-0.013529,-0.013527,-0.012721,-0.013398,0.0006381755595255477,-0.03681517002936441,-0.0007729468599033816,-0.24397095911027827,0.21717452072816212,0,0
62,2,15,False,-0.008691,-0.009496,-0.009496,-0.010301,-0.009174,-0.009432,0.0005872651378038799,-0.032432006633499176,0.003225418799721201,-0.24000432595041687,0.22114115388802352,0,0
63,2,16,False,-0.020122,-0.021410,-0.022698,-0.023181,-0.020444,-0.021571,0.001347278625658738,-0.055231931419910965,0.0014887174315973406,-0.25214366477773525,0.20900181506070517,0,0
64,2,17,False,-0.128649,-0.129454,-0.118182,-0.132031,-0.128810,-0.127425,0.0053427224098750925,-0.1967135786681823,-0.061632612018056934,-0.35799807417434415,0.10314740566409628,0,0
65,2,18,False,-0.142820,-0.143464,-0.143625,-0.143303,-0.141210,-0.142884,0.0009834738476394412,-0.21866900171634018,-0.07665606218693405,-0.3734570113724117,0.08768846846602865,0,0
66,2,19,False,-0.150708,-0.150547,-0.141210,-0.151513,-0.150869,-0.148969,0.004353326369666403,-0.22707262600043263,-0.07563177699877992,-0.3795420734165531,0.08160340642188729,0,0
67,2,20,False,-0.174211,-0.162295,-0.163910,-0.172923,-0.161973,-0.167063,0.006000441538023636,-0.2502372223494633,-0.09033586790401504,-0.397635281714365,0.06351019812407535,0,0
68,2,21,False,-0.159877,-0.160038,-0.139107,-0.161004,-0.159877,-0.155981,0.009444591272204756,-0.23676204389391495,-0.08157896242713687,-0.38655353500601985,0.07459194483242054,0,0
69,2,22,False,-0.143940,-0.139431,-0.140719,-0.145711,-0.138948,-0.141750,0.0029486632462527003,-0.21653517808089423,-0.07402042519004863,-0.3723226929107276,0.08882278692771278,0,0
70,2,23,False,-0.166816,-0.156832,-0.165523,-0.169553,-0.163751,-0.164495,0.004777682496124101,-0.24339262323647465,-0.08897900328564624,-0.39506779094994326,0.0660776888884971,0,0
71,2,24,False,-0.057635,-0.044428,-0.059082,-0.060855,-0.046521,-0.053704,0.007634626717368695,-0.1051506984472353,-0.009778670585690482,-0.2842768465528608,0.17686863328557964,0,0
72,2,25,False,-0.154720,-0.136523,-0.151660,-0.146346,-0.138133,-0.145476,0.008039120872547044,-0.2234523266729722,-0.0734203198980941,-0.37604913034560494,0.08509634949283545,0,0
73,2,26,False,-0.136061,-0.132516,-0.136542,-0.135900,-0.132680,-0.134740,0.0019703669916067536,-0.21303873022639003,-0.06562588803637398,-0.3653127228689218,0.09583275696951857,0,0
74,2,27,False,-0.104982,-0.095482,-0.106593,-0.103533,-0.088721,-0.099862,0.007555049005584448,-0.1710035284645259,-0.03427821587572228,-0.33043491667398006,0.1307105631644603,0,0
75,2,28,False,-0.114156,-0.113029,-0.113029,-0.117699,-0.115447,-0.114672,0.001963882414431856,-0.18191555366107798,-0.055542104764611196,-0.3452449952948004,0.11590048454363999,0,0
76,2,29,False,-0.063917,-0.065054,-0.047170,-0.066657,-0.063759,-0.061311,0.007989680026332635,-0.1137454769347353,-0.016475194183953778,-0.2918841920362989,0.16926128780214147,0,0
77,2,30,False,-0.051357,-0.063287,-0.051196,-0.062309,-0.062470,-0.058124,0.00626221223965603,-0.10724924220896086,-0.01783877995642702,-0.2886967334779964,0.17244874636044402,0,0
78,2,31,False,-0.036391,-0.042349,-0.040414,-0.043798,-0.040577,-0.040706,0.002783143915036081,-0.07761016387231219,-0.012976224306147581,-0.2712784328244016,0.1898670470140388,0,0
79,2,32,False,-0.034790,-0.031401,-0.024960,-0.018357,-0.021427,-0.026187,0.006831205944428626,-0.0549469901487165,-0.003593599033816425,-0.2567596301342434,0.204385849704197,0,0
80,2,33,False,-0.033160,-0.028652,-0.032838,-0.027205,-0.028332,-0.030037,0.002759186364288137,-0.05667386568153833,-0.012709079283887465,-0.26061015585177677,0.2005353239866636,0,0
81,2,34,False,-0.039433,-0.032348,-0.033475,-0.034603,-0.035410,-0.035054,0.0027075953675557186,-0.06970278438724255,-0.009652067348678609,-0.26562666184129496,0.19551881799714543,0,0
82,2,35,False,-0.024453,-0.019139,-0.023970,-0.019461,-0.021879,-0.021780,0.002464896413769919,-0.04786431228342518,-0.005977406587409644,-0.2523530045522924,0.208792475286148,0,0
83,2,36,False,-0.024467,-0.021730,-0.026561,-0.023018,-0.023664,-0.023888,0.0017988620331376873,-0.04988192668371696,-0.007869316567206595,-0.2544606815693102,0.20668479826913022,0,0
84,2,37,False,0.001771,0.006773,-0.017867,-0.005958,0.007737,-0.001509,0.010632699796039426,-0.014141766126740549,0.018615231599886334,-0.2320816913258698,0.2290637885125706,0,0
85,2,38,False,-0.045238,-0.032516,-0.054094,-0.044594,-0.044762,-0.044241,0.007680283285406256,-0.09191267642322631,-0.005820545609548224,-0.2748135280219009,0.1863319518165395,0,0
86,2,39,False,-0.055878,-0.042827,-0.064895,-0.053777,-0.056685,-0.054812,0.0079219335143415,-0.10661643932935494,-0.011905074831865129,-0.28538518663703777,0.17576029320140263,0,0
87,2,40,False,-0.112513,-0.107838,-0.116695,-0.106060,-0.111225,-0.110866,0.004155839399841977,-0.17746316531154968,-0.049888725419506674,-0.3414387777324276,0.11970670210601284,0,0
88,2,41,False,-0.264997,-0.260322,-0.267251,-0.258866,-0.267576,-0.263802,0.0040012650264996796,-0.3575537937974237,-0.17435834185141366,-0.4943751473195588,-0.03322966748111836,0,0
89,2,42,False,-0.283039,-0.278197,-0.288832,-0.266280,-0.274185,-0.278107,0.008582068629276829,-0.37214911995153527,-0.18704282933160296,-0.5086794711112285,-0.04753399127278804,0,0
90,2,43,False,-0.240835,-0.236487,-0.238581,-0.235521,-0.231185,-0.236522,0.00361685075728071,-0.32708954552330705,-0.15038391712226026,-0.4670947406006667,-0.005949260762226322,0,0
91,2,44,False,-0.353561,-0.340845,-0.351151,-0.338908,-0.345515,-0.345996,0.006340713679781918,-0.44614453485626737,-0.24935658945963568,-0.5765684787584145,-0.11542299891997418,0,0
92,2,45,False,-0.347598,-0.336004,-0.343405,-0.335031,-0.343416,-0.341091,0.005378336432367251,-0.4412967663812225,-0.243441103130271,-0.5716636762577042,-0.11051819641926378,0,0
93,2,46,False,-0.362409,-0.362086,-0.359344,-0.360310,-0.356772,-0.360184,0.002287342916027289,-0.4604906318789684,-0.26259249928250206,-0.5907571687271556,-0.1296116888887152,0,0
94,2,47,False,-0.230020,-0.229054,-0.234368,-0.227441,-0.231313,-0.230439,0.0026115590137635904,-0.32903907360045465,-0.13753641037495104,-0.46101197596405996,0.00013350387438046396,0,0
95,2,48,False,-0.215366,-0.202965,-0.203784,-0.203933,-0.206836,-0.206577,0.005127376417857086,-0.3025885715992358,-0.11777121956288468,-0.43714960976154027,0.0239958700769001,0,0
96,3,1,False,-0.240345,-0.242763,-0.223934,-0.244863,-0.228770,-0.236135,0.009232350798501189,-0.3277218617059629,-0.14706020992649713,-0.4667077935513155,-0.005562313712875078,0,0
97,3,2,False,-0.140416,-0.143966,-0.121107,-0.153628,-0.137691,-0.139362,0.01185189686396815,-0.21382152836980206,-0.07194777162072559,-0.3699343009687608,0.09121117886967958,0,0
98,3,3,False,-0.069724,-0.070207,-0.068128,-0.066503,-0.076828,-0.070278,0.003939824545774046,-0.11978715544188691,-0.029056431751444536,-0.30085075450669774,0.1602947253317427,0,0
99,3,4,False,-0.097253,-0.107722,-0.102091,-0.108042,-0.111914,-0.105404,0.0057473332123719805,-0.16971347210381732,-0.048622276688453175,-0.335977210886351,0.1251682689520894,0,0
100,3,5,False,-0.123193,-0.132526,-0.134458,-0.142993,-0.123515,-0.131337,0.008284257069812891,-0.2037327010514351,-0.06728164961636829,-0.36190976748386927,0.09923571235457115,0,0
101,3,6,False,-0.057168,-0.065859,-0.057007,-0.077780,-0.058134,-0.063190,0.008944892388431033,-0.12035997442455246,-0.009978201667140293,-0.29376256657452,0.1673829132639204,0,0
102,3,7,False,-0.047992,-0.055714,-0.059096,-0.069402,-0.059264,-0.058294,0.007709685452230572,-0.11256951548735437,-0.01069375769631524,-0.28886628922299973,0.1722791906154407,0,0
103,3,8,False,-0.016757,-0.026733,-0.018043,-0.039782,-0.017559,-0.023775,0.009819842045250672,-0.06282738940987025,0.013104196267879098,-0.2543474865328415,0.2067979933055989,0,0
104,3,9,False,-0.018040,-0.005319,-0.006287,-0.017720,-0.004992,-0.010472,0.0067807841063950245,-0.04289855072463766,0.02437916785071517,-0.241044464841073,0.2201010149973674,0,0
105,3,10,False,0.009020,0.009188,0.009030,-0.002728,0.007254,0.006353,0.00513789863391066,-0.015257426458217581,0.03803610163872313,-0.22422001222492668,0.2369254676135137,0,0
106,3,11,False,0.008203,0.019158,0.009015,-0.002581,0.007561,0.008271,0.0077032101277111934,-0.014273657289002557,0.04085375816993463,-0.22230145072721488,0.23884402911122551,0,0
107,3,12,False,-0.004516,-0.003386,-0.015310,-0.017242,-0.003874,-0.008866,0.0068108049314641135,-0.04097551387704841,0.025860045467462314,-0.23943842145753602,0.22170705838090438,0,0
108,3,13,False,0.007239,-0.001774,-0.002901,-0.003869,-0.003062,-0.000873,0.004596276302816557,-0.016650563607085344,0.022412901392441033,-0.2314460940918071,0.2296993857466333,0,0
109,3,14,False,-0.035436,-0.044291,-0.045415,-0.045737,-0.033021,-0.040780,0.006065241389918463,-0.09195088566827697,0.004734938903097467,-0.27135279107011534,0.18979268876832506,0,0
110,3,15,False,-0.034304,-0.031564,-0.043803,-0.055556,-0.031728,-0.039391,0.010327297205555835,-0.09014782845505354,0.0075091645353793654,-0.2699636653715267,0.19118181446691365,0,0
111,3,16,False,-0.078910,-0.065703,-0.089218,-0.077299,-0.076494,-0.077525,0.008359448042620793,-0.14339177796722555,-0.015969143696125804,-0.3080976049376914,0.153047874900749,0,0
112,3,17,False,-0.196448,-0.174065,-0.185978,-0.184205,-0.185178,-0.185175,0.007938909224044633,-0.26941320924505074,-0.10611671166050965,-0.4157475054776174,0.04539797436082296,0,0
113,3,18,False,-0.177922,-0.152638,-0.187584,-0.186613,-0.186132,-0.178178,0.014792334431910314,-0.2602225712514438,-0.10275359614968636,-0.40875058471060854,0.052394895127831825,0,0
114,3,19,False,-0.227027,-0.215276,-0.229930,-0.226061,-0.224938,-0.224647,0.005555796397710888,-0.31723746940913505,-0.1372399000663067,-0.45521927846830484,0.005926201370135553,0,0
115,3,20,False,-0.281957,-0.268592,-0.253133,-0.250886,-0.271654,-0.265244,0.013081221477845273,-0.3695530909674418,-0.16438994728686776,-0.4958170568398741,-0.03467157700143372,0,0
116,3,21,False,-0.224477,-0.221417,-0.227378,-0.215300,-0.226733,-0.223061,0.004925826587620047,-0.3171307663161884,-0.13410092829402295,-0.45363374209786944,0.0075117377405709285,0,0
117,3,22,False,-0.189358,-0.210287,-0.190482,-0.200947,-0.211582,-0.200531,0.010527305697638333,-0.29116360422242304,-0.11471403002040104,-0.4311039995064786,0.030041480331961773,0,0
118,3,23,False,-0.175689,-0.194688,-0.196133,-0.183087,-0.181638,-0.186247,0.008827324573715207,-0.27155100121020354,-0.10553440880281745,-0.416819709108511,0.04432577072992938,0,0
119,3,24,False,-0.080833,-0.089047,-0.082443,-0.080349,-0.090982,-0.084731,0.004933079250169021,-0.15610429523312677,-0.020866639203810457,-0.31530365341086963,0.14584182642757076,0,0
120,3,25,False,-0.150061,-0.147648,-0.150066,-0.161983,-0.150874,-0.152126,0.005640751622579998,-0.23245550557810554,-0.07968562575726089,-0.38269922033329085,0.07844625950514955,0,0
121,3,26,False,-0.156972,-0.147487,-0.161023,-0.162624,-0.173259,-0.160273,0.009342253487764544,-0.2500028841300743,-0.07501347924345314,-0.39084597589902564,0.07029950393941475,0,0
122,3,27,False,-0.146038,-0.160223,-0.153467,-0.131552,-0.153135,-0.148883,0.010910213307441274,-0.24174257601591356,-0.06299358245713749,-0.3794558888237456,0.08168959101469478,0,0
123,3,28,False,-0.142647,-0.150400,-0.151049,-0.150391,-0.153455,-0.149588,0.004079520918934156,-0.237932148189148,-0.06835430389258598,-0.3801611222474201,0.0809843575910203,0,0
124,3,29,False,-0.108186,-0.102581,-0.093571,-0.092095,-0.106273,-0.100541,0.007338065947975447,-0.1739789811951892,-0.03538071506632792,-0.33111408689279226,0.13003139294564814,0,0
125,3,30,False,-0.087738,-0.070373,-0.081484,-0.084048,-0.086466,-0.082022,0.006937671028518276,-0.1554182935846485,-0.017629517410107782,-0.31259459285968977,0.14855088697875063,0,0
126,3,31,False,-0.097092,-0.100007,-0.100663,-0.099844,-0.092119,-0.097945,0.0035325623774891016,-0.1646722790565501,-0.04181645039225585,-0.3285177760344667,0.1326277038039737,0,0
127,3,32,False,-0.055556,-0.056860,-0.046554,-0.055231,-0.057661,-0.054373,0.004479440218271761,-0.10780137763159199,-0.011956225373558471,-0.2849452507665182,0.17620022907192215,0,0
128,3,33,False,-0.050552,-0.051691,-0.053315,-0.050061,-0.053301,-0.051784,0.00151170177181308,-0.10485451596097381,-0.008903811787892032,-0.2823568641969506,0.1787886156414898,0,0
129,3,34,False,-0.039272,-0.041221,-0.042524,-0.039275,-0.042195,-0.040898,0.0015578309640266479,-0.08610290547829196,-0.006063946571490377,-0.2714702486811791,0.18967523115726131,0,0
130,3,35,False,-0.050223,-0.052659,-0.053798,-0.050225,-0.052823,-0.051946,0.0016311070001498312,-0.10573195898880133,-0.009055472672160654,-0.28251836841216327,0.17862711142627713,0,0
131,3,36,False,-0.026551,-0.028176,-0.029308,-0.026229,-0.028825,-0.027818,0.0013683985355147754,-0.07001790281329923,0.004363668655868142,-0.2583902875886593,0.20275519224978109,0,0
132,3,37,False,-0.036064,-0.038335,-0.039152,-0.035742,-0.038984,-0.037655,0.0016325798724345978,-0.08280204034530389,-0.00242626894654322,-0.2682279209620029,0.19291755887643752,0,0
133,3,38,False,-0.098378,-0.100163,-0.100805,-0.097892,-0.100317,-0.099511,0.0012898270474738602,-0.1670787280915683,-0.041181893530359,-0.3300839788368797,0.13106150100156072,0,0
134,3,39,False,-0.152648,-0.154750,-0.155236,-0.152318,-0.156051,-0.154201,0.0016394727730130413,-0.2328694148255596,-0.08221046444390728,-0.38477334106241023,0.07637213877603014,0,0
135,3,40,False,-0.227633,-0.228116,-0.228277,-0.227472,-0.228924,-0.228084,0.0005747298719979621,-0.3178778346474505,-0.13908284080450267,-0.4586571403099917,0.0024883395284486798,0,0
136,3,41,False,-0.269657,-0.271601,-0.271277,-0.269011,-0.271438,-0.270597,0.0011808940171869945,-0.3639577294685991,-0.17958873259448715,-0.5011696912240771,-0.04002421138563664,0,0
137,3,42,False,-0.292533,-0.293826,-0.294643,-0.292045,-0.295453,-0.293700,0.0014211418276454046,-0.3907730233812466,-0.1995316536810124,-0.5242729586324175,-0.06312747879397715,0,0
138,3,43,False,-0.265168,-0.265980,-0.266799,-0.255186,-0.267441,-0.264115,0.00506407462091088,-0.35874111716212914,-0.1739285373713983,-0.49468743215850686,-0.03354195232006643,0,0
139,3,44,False,-0.324270,-0.325897,-0.336686,-0.336191,-0.339104,-0.332430,0.006820282164900894,-0.44296476271668067,-0.22153246272191202,-0.5630027114030909,-0.10185723156465046,0,0
140,3,45,False,-0.268059,-0.271308,-0.271310,-0.270808,-0.273394,-0.270976,0.00191101067879605,-0.3813770715547017,-0.15950710057979503,-0.5015487422604552,-0.04040326242201478,0,0
141,3,46,False,-0.291569,-0.287539,-0.291079,-0.314923,-0.292697,-0.295561,0.010994173393799014,-0.40344690390757215,-0.18929851329456723,-0.5261341697691182,-0.06498868993067783,0,0
142,3,47,False,-0.158873,-0.167081,-0.179963,-0.171118,-0.158707,-0.167149,0.008940388468096177,-0.2664877124041627,-0.07296304425584499,-0.39772126837667715,0.06342421146176325,0,0
143,3,48,False,-0.182376,-0.160959,-0.162084,-0.173039,-0.183984,-0.172489,0.010855869168560368,-0.2700822169699952,-0.07886371407384792,-0.4030613271054827,0.05808415273295772,0,0
144,4,1,False,-0.143284,-0.142642,-0.164860,-0.155527,-0.158101,-0.152883,0.00967828040560985,-0.24359782272920713,-0.06625904683742413,-0.3834555198247508,0.07768996001368958,0,0
145,4,2,False,-0.045749,-0.034963,-0.045266,-0.049136,-0.066998,-0.048422,0.01166022218339865,-0.13650904613052955,0.03978479918537458,-0.27899511369965024,0.18215036613879015,0,0
146,4,3,False,-0.022871,-0.011765,-0.034785,-0.035434,-0.036237,-0.028218,0.01070971716465288,-0.10934597897129868,0.05229372691105424,-0.258790983738487,0.20235449609995335,0,0
147,4,4,False,-0.088733,-0.098714,-0.100163,-0.099358,-0.089696,-0.095333,0.00561924927618123,-0.18873143411954157,-0.006116830065359507,-0.325905694357034,0.13523978548140642,0,0
148,4,5,False,-0.119487,-0.120292,-0.109825,-0.131401,-0.120773,-0.120356,0.007645607430710851,-0.21803722648479684,-0.027664689305673982,-0.3509284280882076,0.11021705175023279,0,0
149,4,6,False,-0.044767,-0.045411,-0.057005,-0.045411,-0.045894,-0.047697,0.00521848460742302,-0.13217471819645735,0.03259813393956615,-0.2782700023990914,0.182875477439349,0,0
150,4,7,False,0.018831,0.018187,0.029296,0.007076,0.017865,0.018251,0.00786382759535534,-0.059045739793501945,0.09599720564554326,-0.21232181636139127,0.24882366347704912,0,0
151,4,8,False,0.025594,0.002406,0.013032,0.003050,0.013839,0.011584,0.009493889055608015,-0.06032297290897037,0.08250371791228565,-0.21898848302805793,0.24215699681038247,0,0
152,4,9,False,0.039606,0.027529,0.038479,0.028173,0.027688,0.032295,0.006177177181715175,-0.011046888320545607,0.0784393293549304,-0.1982775803094826,0.26286789952895784,0,0
153,4,10,False,0.047499,0.024635,0.024474,0.014168,0.001928,0.022541,0.01677835382085665,-0.023387065454201005,0.07044289334091124,-0.20803177184116772,0.2531137079972727,0,0
154,4,11,False,0.040734,0.017384,0.039606,0.018028,0.017221,0.026595,0.012402626233324218,-0.017938761011651035,0.07425951974992898,-0.20397806340127003,0.2571674164371704,0,0
155,4,12,False,0.027683,0.005141,0.016091,0.016896,0.015928,0.016348,0.007978414456509863,-0.039443994506014955,0.07188215165293169,-0.21422481910838378,0.2469206607300566,0,0
156,4,13,False,0.039121,0.038801,0.038962,0.027849,0.026883,0.034323,0.006361455023257339,-0.01873033295443781,0.08853462157809985,-0.19624954204103512,0.2648959377974053,0,0
157,4,14,False,-0.024811,-0.002908,-0.014666,-0.024808,-0.014344,-0.016307,0.00909206123070019,-0.08243658236241355,0.048073114994790195,-0.24687992946170387,0.21426555037673653,0,0
158,4,15,False,-0.043810,-0.044129,-0.022878,-0.065869,-0.044615,-0.044260,0.015202467610336645,-0.12060359240314483,0.029897378516624037,-0.27483294641727835,0.18631253342116205,0,0
159,4,16,False,-0.090016,-0.089853,-0.090016,-0.111914,-0.079388,-0.092237,0.011914534364380298,-0.18412273086825043,-0.004996434600229906,-0.32281004727276225,0.13833543256567815,0,0
160,4,17,False,-0.055851,-0.056979,-0.057301,-0.078718,-0.046353,-0.059040,0.011891344260851092,-0.15449821844881872,0.03806838958093873,-0.28961297494754545,0.17153250489089494,0,0
161,4,18,False,-0.089680,-0.113351,-0.101435,-0.102240,-0.091453,-0.099632,0.009542100969956894,-0.19676150541693346,-0.00027120277413740875,-0.3302045962669219,0.1309408835715185,0,0
162,4,19,False,-0.144271,-0.134607,-0.123660,-0.133643,-0.123821,-0.132000,0.008610366228606618,-0.23957765414190774,-0.022133146253670553,-0.3625731668835743,0.09857231295486604,0,0
163,4,20,False,-0.092427,-0.104665,-0.094359,-0.104665,-0.093554,-0.097934,0.00618282000223234,-0.20479333617504974,0.012463292375858694,-0.3285067414093541,0.13263873842908633,0,0
164,4,21,False,-0.091307,-0.069729,-0.081486,-0.113851,-0.081484,-0.087571,0.016560665583007738,-0.18089103237011875,0.006481494735755706,-0.3181439489493749,0.14300153088906548,0,0
165,4,22,False,-0.032689,-0.033497,-0.023513,-0.067311,-0.044120,-0.040226,0.016808965390351982,-0.14324136828644501,0.0621415174765558,-0.27079865637275813,0.19034682346568227,0,0
166,4,23,False,-0.035602,-0.046718,-0.013543,-0.023844,-0.024332,-0.028808,0.012694544044752695,-0.13834187792212568,0.0776096944942805,-0.2593807105802656,0.20176476925817477,0,0
167,4,24,False,0.031879,0.042988,0.030906,0.031396,0.031718,0.033778,0.005162220830259861,-0.07169030027469925,0.1392466590392737,-0.1967951657270947,0.2643503141113457,0,0
168,4,25,False,0.117389,0.105634,0.138484,0.094523,0.127695,0.116745,0.01739391344417559,0.023663659183480155,0.2137889433551198,-0.11382792605164416,0.34731755378679624,0,0
169,4,26,False,0.153633,0.152022,0.151698,0.152996,0.152669,0.152603,0.0007705627952608699,0.05488308705124562,0.2517237042268058,-0.0779692399425477,0.38317623989589267,1,0
170,4,27,False,0.109659,0.109337,0.108369,0.098229,0.109015,0.106922,0.0048830702721385216,0.01664227526759498,0.20125704508856668,-0.12365079239624967,0.33749468744219074,1,0
171,4,28,False,0.196621,0.184865,0.173430,0.174889,0.162804,0.178522,0.012786508060764439,0.08293831531458931,0.27607697569979034,-0.052050891927012954,0.40909458791142744,1,0
172,4,29,False,0.207890,0.206763,0.194525,0.197111,0.184863,0.198231,0.009484132432089712,0.09398312713217093,0.3018040873354173,-0.03234216785767505,0.4288033119807654,1,0
173,4,30,False,0.197909,0.185671,0.185185,0.209027,0.184863,0.192531,0.010733951150923553,0.09227172746667345,0.2946834564743771,-0.038041703710663594,0.42310377612777683,1,0
174,4,31,False,0.218348,0.218031,0.207398,0.218350,0.218033,0.216032,0.004829228755147518,0.11710104599197817,0.316908010565247,-0.014540751523602374,0.446604728314838,1,0
175,4,32,False,0.239924,0.239760,0.239760,0.240575,0.228652,0.237734,0.005088432796499825,0.14147675712797197,0.33831123527715196,0.0071614083222380776,0.46830688816067845,1,0
176,4,33,False,0.198863,0.187916,0.199668,0.210304,0.188399,0.197030,0.009274755316890862,0.11226543928552747,0.28486108743014105,-0.03354286372474502,0.4276026161136954,1,1
177,4,34,False,0.219309,0.218990,0.219788,0.219317,0.219470,0.219375,0.00028967289050083983,0.13267618712349025,0.3099715158577671,-0.011197974078065026,0.44994750576037534,1,1
178,4,35,False,0.198368,0.186940,0.210287,0.209484,0.198532,0.200722,0.009598798781492196,0.11529083818616497,0.29074769534679534,-0.02985054102452067,0.4312949388139197,1,1
179,4,36,False,0.190483,0.201435,0.213834,0.223496,0.180018,0.201853,0.01745145199352908,0.11253212959781939,0.2961012462198809,-0.028719537898632685,0.4324259419398077,1,1
180,4,37,False,0.137826,0.137506,0.149259,0.148939,0.148939,0.144494,0.006235413310291654,0.05069966680521802,0.23766246188070728,-0.08607910974669553,0.37506637009174487,1,1
181,4,38,False,0.071647,0.071320,0.039277,0.060536,0.038633,0.056282,0.016438935946612845,-0.038411608305446335,0.15046638309588745,-0.17429024927497055,0.28685523056346984,0,1
182,4,39,False,0.081470,0.080184,0.092415,0.093071,0.079698,0.085367,0.00676781658855133,0.006925949606895891,0.1683703327282315,-0.14520529609260163,0.31594018374583877,0,1
183,4,40,False,-0.026572,-0.049444,-0.060074,-0.048799,-0.049282,-0.046834,0.012272896919698854,-0.12225889715248704,0.028139478969177976,-0.27740711026696996,0.18373836957147047,0,1
184,4,41,False,-0.006280,0.004348,-0.006602,-0.006924,-0.006602,-0.004412,0.004902317244311849,-0.07098528227716208,0.060709339774557156,-0.23498497824450199,0.2261605015939384,0,1
185,4,42,False,-0.014505,-0.026260,-0.013377,-0.013861,-0.025616,-0.018724,0.006601665265727813,-0.0893087169650469,0.0513165262067044,-0.24929640632716343,0.21184907351127696,0,1
186,4,43,False,-0.020124,-0.008852,-0.009013,-0.019317,-0.019641,-0.015389,0.0059015475403980675,-0.07648393246187365,0.046096132897603476,-0.2459620550655686,0.2151834247728718,0,1
187,4,44,False,-0.051212,-0.040423,-0.037847,-0.050888,-0.028507,-0.041776,0.009557791739653473,-0.09546799516908216,0.005470138296864613,-0.2723483390477605,0.18879714079067988,0,1
188,4,45,False,0.070861,0.060072,0.061196,0.071505,0.071822,0.067091,0.005918027774001648,0.016266482308548196,0.12744489438287387,-0.16348168199486077,0.29766379784357966,0,1
189,4,46,False,-0.050090,-0.050895,-0.061201,-0.062331,-0.050895,-0.055082,0.006123040820389064,-0.11803611347920813,-0.0006030595813204757,-0.2856551496947246,0.1754903301437158,0,1
190,4,47,False,-0.009011,-0.009011,-0.009011,-0.009011,-0.008850,-0.008978,7.201507173912394e-05,-0.051462134129013924,0.025321978308231487,-0.23955114287460524,0.22159433696383515,0,1
191,4,48,True,0.000000,0.000000,0.000000,0.000000,0.000000,0.000000,0.0,0.0,0.0,-0.2305727399192202,0.2305727399192202,0,1
