task,metric,kind,virtual_indices,mean,fit_sd,fit_min,fit_max,positive_fits,negative_fits,zero_fits,crossed_fit_item_pointwise_low,crossed_fit_item_pointwise_high,crossed_fit_item_simultaneous_low,crossed_fit_item_simultaneous_high,conditional_item_pointwise_low,conditional_item_pointwise_high,conditional_item_simultaneous_low,conditional_item_simultaneous_high,conditional_fit_pointwise_low,conditional_fit_pointwise_high,conditional_fit_simultaneous_low,conditional_fit_simultaneous_high,crossed_fit_component_pointwise_low,crossed_fit_component_pointwise_high,crossed_fit_component_simultaneous_low,crossed_fit_component_simultaneous_high
multihop,loop1_early_mean,fixed_mean,0 1 2 3 4 5 6 7 8 9 10 11 12 13 14 15,-0.003479884518159416,0.00047625681338108106,-0.004174210557753998,-0.002845708142295061,0,5,0,-0.00994765765605759,0.0016287756346499939,-0.1992566567655199,0.19229688772920106,-0.00989875168152559,0.0015690317284351167,-0.19255085906182307,0.18559109002550422,-0.0038644634705133044,-0.00310347550044605,-0.06861593893992804,0.061656169903609205,-0.009963420467438576,0.0017126819973017856,-0.26555752918549363,0.25859776014917485
multihop,loop1_middle_mean,fixed_mean,16 17 18 19 20 21 22 23 24 25 26 27 28 29 30 31,-0.07149349957374257,0.0013183259330455657,-0.07384052050772001,-0.07071034029553853,0,5,0,-0.11272348471393384,-0.03556697126314296,-0.2672702718211031,0.12428327267361791,-0.1128659908709861,-0.0356218533911149,-0.26056447411740624,0.11757747496992108,-0.0726891517476556,-0.07081711186890217,-0.1366295539955112,-0.0063574451519739505,-0.11934145620204606,-0.030150943982665546,-0.3335711442410768,0.19058414509359167
multihop,loop1_final_third_mean,fixed_mean,32 33 34 35 36 37 38 39 40 41 42 43 44 45 46 47,-0.08503457333254162,0.006344127805706931,-0.09450101147784805,-0.07865193029948296,0,5,0,-0.12138023786827443,-0.05082641082471275,-0.2808113455799021,0.11074219891481886,-0.1208529438935968,-0.051128225482862055,-0.2741055478762053,0.10403640121112202,-0.08992347998215798,-0.08053625468140965,-0.15017062775431023,-0.019898518910773003,-0.12025015818147908,-0.0520837978433469,-0.34711221799987585,0.17704307133479263
multihop,loop1_historical_local_mean,fixed_mean,25 26 27 28 29 30 31 32 33 34 35 36,-0.016596401340837726,0.0036656022447527806,-0.022699184644175165,-0.012756334718375537,0,5,0,-0.03243780425922863,-0.0031594199953156443,-0.2123731735881982,0.17918037090652275,-0.03208140141977427,-0.0033126128822355983,-0.20566737588450137,0.17247457320282591,-0.01992957680103791,-0.014025476835769999,-0.08173245576260635,0.04853965308093089,-0.03405259647595265,-0.0012546694546279216,-0.27867404600817197,0.2454812433264965
multihop,loop1_full_loop_mean,fixed_mean,0 1 2 3 4 5 6 7 8 9 10 11 12 13 14 15 16 17 18 19 20 21 22 23 24 25 26 27 28 29 30 31 32 33 34 35 36 37 38 39 40 41 42 43 44 45 46 47,-0.05333598580814787,0.0026363751252733935,-0.057505247514440694,-0.050819912349779006,0,5,0,-0.07535321844484245,-0.03297779240092401,-0.24911275805550837,0.1424407864392126,-0.07540776870051441,-0.0332404870318414,-0.24240696035181153,0.13573498873551576,-0.05550642564269683,-0.05153261087524395,-0.11847204022991649,0.011800068613620748,-0.07798814183130214,-0.031521653545791034,-0.3154136304754821,0.20874165885918639
multihop,loop2_early_mean,fixed_mean,48 49 50 51 52 53 54 55 56 57 58 59 60 61 62 63,-0.03528552313383354,0.0018624970367162254,-0.03808399215912482,-0.033151394119909125,0,5,0,-0.05233323860945345,-0.01954537683624716,-0.23106229538119402,0.16049124911352694,-0.05239206999202268,-0.019575067073254782,-0.22435649767749719,0.1537854514098301,-0.03678139080457334,-0.03382189118346885,-0.10042157755560216,0.029850531287935078,-0.05190365341832294,-0.020701535836104186,-0.2973631678011678,0.2267921215335007
multihop,loop2_middle_mean,fixed_mean,64 65 66 67 68 69 70 71 72 73 74 75 76 77 78 79,-0.11145938881537187,0.0025122087196164204,-0.11446844086614387,-0.10893257011687797,0,5,0,-0.1603238865592293,-0.06651852785173663,-0.3072361610627323,0.08431738343198861,-0.16022948282528818,-0.06651292138209564,-0.3005303633590355,0.07761158572829177,-0.11338977268389512,-0.10952900494684861,-0.1765954432371405,-0.046323334393603255,-0.16679956063867832,-0.062283458549491015,-0.3735370334827061,0.15061825585196237
multihop,loop2_final_third_mean,fixed_mean,80 81 82 83 84 85 86 87 88 89 90 91 92 93 94 95,-0.16155663233279471,0.0035850119544469767,-0.16606945557803476,-0.1577648354207932,0,5,0,-0.20565107056098453,-0.11875052972916039,-0.35733340458015517,0.03422013991456577,-0.20571932298227533,-0.11871467310674182,-0.35062760687645833,0.02751434221086893,-0.16434545136282216,-0.15876781330276726,-0.22669268675456333,-0.0964205779110261,-0.21693565849308122,-0.11301537112934154,-0.42363427700012896,0.10052101233453953
multihop,loop2_historical_local_mean,fixed_mean,73 74 75 76 77 78 79 80 81 82 83 84,-0.05398924495171205,0.0012401584336342877,-0.055116459122404475,-0.05221909244626542,0,5,0,-0.08403452784092705,-0.028715409407447934,-0.24976601719907254,0.14178752729564842,-0.08392616076221153,-0.028814774124192904,-0.2430602194953757,0.13508172959195158,-0.05490680360158101,-0.05294333544459196,-0.11912529937348067,0.01114680947005657,-0.08453131968140218,-0.027668857927546926,-0.3160668896190463,0.2080883997156222
multihop,loop2_full_loop_mean,fixed_mean,48 49 50 51 52 53 54 55 56 57 58 59 60 61 62 63 64 65 66 67 68 69 70 71 72 73 74 75 76 77 78 79 80 81 82 83 84 85 86 87 88 89 90 91 92 93 94 95,-0.10276718142733336,0.0012949681953691805,-0.10436200595134583,-0.10122842159973086,0,5,0,-0.13414435430359814,-0.07399067763198665,-0.29854395367469383,0.09300959082002712,-0.13420835358291902,-0.07409909353061232,-0.291838155970997,0.08630379311633028,-0.1037731786329789,-0.10177435676123507,-0.167903235849102,-0.03763112700556474,-0.13931997875170168,-0.07018174960921537,-0.3648448260946676,0.15931046324000087
multihop,loop3_early_mean,fixed_mean,96 97 98 99 100 101 102 103 104 105 106 107 108 109 110 111,-0.06194105223385775,0.004768426711511741,-0.07035792018876917,-0.058724495683701444,0,5,0,-0.09270918401474441,-0.03231946206158396,-0.2577178244812182,0.13383572001350275,-0.09283051538626844,-0.03288408855525232,-0.2510120267775214,0.1271299223098059,-0.06622991270558266,-0.059399995352167875,-0.12707710665562638,0.0031950021879108698,-0.09824734497183112,-0.029236246897216357,-0.324018696901192,0.20013659243347648
multihop,loop3_middle_mean,fixed_mean,112 113 114 115 116 117 118 119 120 121 122 123 124 125 126 127,-0.15584785029809747,0.0022700157321244464,-0.15950505314787242,-0.15384944549418295,0,5,0,-0.2158000938999059,-0.10081902325674486,-0.35162462254545795,0.03992892194926301,-0.21578496665312966,-0.10085550126163019,-0.3449188248417611,0.03322312424556617,-0.15769792519358306,-0.15430692958198494,-0.2209839047198661,-0.09071179587632885,-0.23626501719769644,-0.08816615943100148,-0.41792549496543174,0.10622979436923677
multihop,loop3_final_third_mean,fixed_mean,128 129 130 131 132 133 134 135 136 137 138 139 140 141 142 143,-0.17243203826703368,0.0013739085274078256,-0.1739773421716368,-0.17086412080334334,0,5,0,-0.2269082397647844,-0.12062094284456518,-0.36820881051439414,0.0233447339803268,-0.22683124385222586,-0.12073321907265325,-0.3615030128106973,0.016638936276629962,-0.17351661387931044,-0.17134746265475692,-0.2375680926888023,-0.10729598384526506,-0.23829851062137375,-0.11404520892990017,-0.4345096829343679,0.08964560640030056
multihop,loop3_historical_local_mean,fixed_mean,121 122 123 124 125 126 127 128 129 130 131 132,-0.0836437920278309,0.0018501250633393806,-0.08654134485288813,-0.08144315012038413,0,5,0,-0.13034101973732268,-0.044013692460544686,-0.27942056427519135,0.11213298021952958,-0.13026464900678944,-0.043891954116530164,-0.2727147665714945,0.10542718251583275,-0.08525861622078108,-0.08229794654180078,-0.14877984644959952,-0.01850773760606228,-0.1399262822110623,-0.03703205421483964,-0.34572143669516514,0.17843385263950334
multihop,loop3_full_loop_mean,fixed_mean,96 97 98 99 100 101 102 103 104 105 106 107 108 109 110 111 112 113 114 115 116 117 118 119 120 121 122 123 124 125 126 127 128 129 130 131 132 133 134 135 136 137 138 139 140 141 142 143,-0.1300736469329963,0.001629754048724094,-0.13234334287287633,-0.12854325703230562,0,5,0,-0.17177196533303343,-0.09154790570022744,-0.3258504191803568,0.06570312531436417,-0.17175343840909604,-0.091305269392093,-0.31914462147665995,0.05899732761066734,-0.13131920601477787,-0.12882891447611808,-0.19520970135476493,-0.06493759251122769,-0.18357392534748992,-0.08389141466520186,-0.3921512916003306,0.13200399773433794
multihop,loop4_early_mean,fixed_mean,144 145 146 147 148 149 150 151 152 153 154 155 156 157 158 159,-0.030236056415139424,0.005368785137660898,-0.0377259920029011,-0.02402862295866505,0,5,0,-0.07970983008329695,0.017828790949963865,-0.22601282866249991,0.16554071583222105,-0.07964962376858956,0.01714830122397036,-0.21930703095880308,0.1588349181285242,-0.03429327185868398,-0.0263069394785097,-0.09537211083690804,0.0348999980066292,-0.08015978619759655,0.016325776186566016,-0.2923137010824737,0.2318415882521948
multihop,loop4_middle_mean,fixed_mean,160 161 162 163 164 165 166 167 168 169 170 171 172 173 174 175,0.0554928632802173,0.003584988599760859,0.04955144664217985,0.05840365830339637,5,0,0,-0.015941437093800664,0.1295964799276387,-0.14028390896714318,0.25126963552757775,-0.015971389555578863,0.12984598954158236,-0.13357811126344635,0.24456383782388094,0.05244276495117481,0.05783703542885179,-0.009643191141551322,0.12062891770198592,-0.0178437935664405,0.1274896219879702,-0.20658478138711694,0.31757050794755154
multihop,loop4_final_third_mean,fixed_mean,176 177 178 179 180 181 182 183 184 185 186 187 188 189 190 191,0.0613136664644948,0.0020846067821927855,0.058507353117900125,0.06409503040707232,5,0,0,0.020084505905839514,0.10431578041078353,-0.1344631057828657,0.2570904387118553,0.02024189730871079,0.10426889283026826,-0.12775730807916885,0.25038464100815844,0.059624888575734565,0.06289271707673623,-0.0038223879572738192,0.1264497208862634,0.019075005341498197,0.10459816122816222,-0.20076397820283945,0.32339131113182906
multihop,loop4_historical_local_mean,fixed_mean,169 170 171 172 173 174 175 176 177 178 179 180,0.18717072612687255,0.003938554888786443,0.1813547529473972,0.19189302316210935,5,0,0,0.10964026723032089,0.2699338719958746,-0.008606046120487931,0.38294749837423303,0.10982841153531858,0.2693962461745219,-0.001900248416791095,0.3762417006705362,0.18391955751223993,0.19010363193033603,0.12203467170510393,0.2523067805486412,0.11101742582888599,0.2650622760972914,-0.07490691854046169,0.44924837079420676
multihop,loop4_full_loop_mean,fixed_mean,144 145 146 147 148 149 150 151 152 153 154 155 156 157 158 159 160 161 162 163 164 165 166 167 168 169 170 171 172 173 174 175 176 177 178 179 180 181 182 183 184 185 186 187 188 189 190 191,0.028856824443190893,0.0027556299190654586,0.025306828348783696,0.03204163803743431,5,0,0,-0.014079458214309956,0.07367610837469256,-0.16691994780416958,0.22463359669055138,-0.013988930545600128,0.07331883859156897,-0.16021415010047274,0.21792779898685455,0.026731045916576077,0.030982602969805713,-0.03627922997857773,0.09399287886495951,-0.016077537901262106,0.07291819078653555,-0.23322082022414334,0.2909344691105251
multihop,loop1_any_layer,any_layer,0 1 2 3 4 5 6 7 8 9 10 11 12 13 14 15 16 17 18 19 20 21 22 23 24 25 26 27 28 29 30 31 32 33 34 35 36 37 38 39 40 41 42 43 44 45 46 47,-0.3615350499562432,0.006876292799160231,-0.36991053541612773,-0.3523534642784938,0,5,0,-0.4638508107727913,-0.2560116273562566,-0.5573118222036036,-0.1657582777088827,-0.4630960864192818,-0.2573687646592273,-0.5506060244999068,-0.17246407541257955,-0.36655825730681635,-0.3558648785060206,-0.4266711043780118,-0.2963989955344746,-0.47035183874356673,-0.25824685390655894,-0.6236126946235774,-0.09945740528890895
multihop,loop2_any_layer,any_layer,48 49 50 51 52 53 54 55 56 57 58 59 60 61 62 63 64 65 66 67 68 69 70 71 72 73 74 75 76 77 78 79 80 81 82 83 84 85 86 87 88 89 90 91 92 93 94 95,-0.44634749667406093,0.01590293042753682,-0.4576840506193106,-0.42000525929601806,0,5,0,-0.5535750225499387,-0.33977667784973964,-0.6421242689214214,-0.2505707244267005,-0.5510169221737291,-0.34074191878063503,-0.6354184712177245,-0.2572765221303973,-0.45668376644767084,-0.43208208036260887,-0.5114835510958295,-0.3812114422522923,-0.5635020420295211,-0.3336673368361225,-0.7084251413413951,-0.1842698520067267
multihop,loop3_any_layer,any_layer,96 97 98 99 100 101 102 103 104 105 106 107 108 109 110 111 112 113 114 115 116 117 118 119 120 121 122 123 124 125 126 127 128 129 130 131 132 133 134 135 136 137 138 139 140 141 142 143,-0.4048302321866088,0.011525792334394647,-0.4200646737893368,-0.3926918405980894,0,5,0,-0.5065497484162026,-0.3045505427890385,-0.6006070044339693,-0.20905345993924832,-0.5047429084331114,-0.30550155870265044,-0.5939012067302725,-0.21575925764294515,-0.41362108185981145,-0.3960393825134063,-0.4699662866083774,-0.3396941777648402,-0.523443264751067,-0.2973321654636006,-0.666907876853943,-0.14275258751927455
multihop,loop4_any_layer,any_layer,144 145 146 147 148 149 150 151 152 153 154 155 156 157 158 159 160 161 162 163 164 165 166 167 168 169 170 171 172 173 174 175 176 177 178 179 180 181 182 183 184 185 186 187 188 189 190 191,-0.05003024095210222,0.006108804309292658,-0.05521211080149126,-0.042656460522055815,0,5,0,-0.13001309204192169,0.02834186024976001,-0.2458070131994627,0.14574653129525827,-0.12989635846767864,0.029033794511387337,-0.23910121549576585,0.13904073359156144,-0.054570356515235695,-0.04526610341302863,-0.11516629537387084,0.015105813469666399,-0.14176249764172094,0.030632750066151807,-0.3121078856194365,0.212047403715232
multihop,loop1_depth_slope,depth_slope,0 1 2 3 4 5 6 7 8 9 10 11 12 13 14 15 16 17 18 19 20 21 22 23 24 25 26 27 28 29 30 31 32 33 34 35 36 37 38 39 40 41 42 43 44 45 46 47,-0.11890127218599607,0.008308976917729945,-0.13180179833848601,-0.1108569046805398,0,5,0,-0.17423655477494912,-0.0661580839240484,-0.31467804443335656,0.07687550006136441,-0.17418464151965138,-0.0670061220365643,-0.3079722467296597,0.07016970235766758,-0.1255479272248232,-0.11298099103005545,-0.18403732660776467,-0.05376521776422745,-0.1713756908306633,-0.06901409079338293,-0.3809789168533303,0.1431763724813382
multihop,loop2_depth_slope,depth_slope,48 49 50 51 52 53 54 55 56 57 58 59 60 61 62 63 64 65 66 67 68 69 70 71 72 73 74 75 76 77 78 79 80 81 82 83 84 85 86 87 88 89 90 91 92 93 94 95,-0.18051244998684454,0.004205379949015538,-0.1870982352671402,-0.17621400234691906,0,5,0,-0.2451962700345297,-0.11966888562873416,-0.376289222234205,0.015264322260515939,-0.24544362783147725,-0.11941371515393599,-0.3695834245305082,0.008558524556819103,-0.1843496829476617,-0.1776554049949348,-0.24564850440861316,-0.11537639556507592,-0.25360890094882954,-0.11474079284157378,-0.44259009465417876,0.0815651946804897
multihop,loop3_depth_slope,depth_slope,96 97 98 99 100 101 102 103 104 105 106 107 108 109 110 111 112 113 114 115 116 117 118 119 120 121 122 123 124 125 126 127 128 129 130 131 132 133 134 135 136 137 138 139 140 141 142 143,-0.14039198580145879,0.006063820048053858,-0.14516571157268152,-0.13035750577179459,0,5,0,-0.2145984875721685,-0.07006693263324511,-0.3361687580488193,0.055384786445901696,-0.21468538243538457,-0.07000003933634165,-0.32946296034512246,0.04867898874220486,-0.14442123254954875,-0.1351311457238458,-0.2055280402232274,-0.07525593137969017,-0.22550764399733472,-0.06302505752368956,-0.402469630468793,0.12168565886587546
multihop,loop4_depth_slope,depth_slope,144 145 146 147 148 149 150 151 152 153 154 155 156 157 158 159 160 161 162 163 164 165 166 167 168 169 170 171 172 173 174 175 176 177 178 179 180 181 182 183 184 185 186 187 188 189 190 191,0.1444654656512544,0.007500194645418078,0.13776716036475875,0.15704015734565518,5,0,0,0.0641396870184551,0.2289212847578644,-0.05131130659610608,0.34024223789861485,0.06378447514857481,0.2289215446142225,-0.044605508892409246,0.333536440194918,0.13981127933183515,0.1508082465266733,0.07932941122948578,0.20960152007302302,0.06233377252340034,0.2300394092903604,-0.11761217901607984,0.40654311031858864
order-ops,loop1_early_mean,fixed_mean,0 1 2 3 4 5 6 7 8 9 10 11 12 13 14 15,0.0006975867269984912,0.0002874802164776928,0.00018853695324283785,0.0008484162895927591,5,0,0,-0.008748585972850678,0.008560049019607833,-0.195079185520362,0.19647435897435897,-0.008541666666666664,0.008352658371040718,-0.18837338781666516,0.18976856127066213,0.0004336349924585228,0.0008484162895927591,-0.06443846769477013,0.06583364114876711,-0.010937499999999996,0.01126384357829671,-0.26138005794033575,0.26277523139433273
order-ops,loop1_middle_mean,fixed_mean,16 17 18 19 20 21 22 23 24 25 26 27 28 29 30 31,-0.3425339366515837,0.021314850945106118,-0.36283936651583715,-0.31627073906485675,0,5,0,-0.44023472850678697,-0.24669683257918548,-0.5383107088989442,-0.14675716440422323,-0.43597332202111616,-0.24939621040723983,-0.5316049111952473,-0.15346296210792007,-0.35923831070889894,-0.3258295625942685,-0.40766999107335233,-0.2773978822298151,-0.49332179908906887,-0.2237223897265971,-0.6046115813189179,-0.08045629198424947
order-ops,loop1_final_third_mean,fixed_mean,32 33 34 35 36 37 38 39 40 41 42 43 44 45 46 47,-0.30490196078431375,0.05002306770602466,-0.3401206636500755,-0.2172888386123681,0,5,0,-0.41159502262443404,-0.19969551282051287,-0.5006787330316742,-0.10912518853695327,-0.40360435520362,-0.20665488310708902,-0.49397293532797737,-0.11583098624065011,-0.33323906485671195,-0.2609728506787331,-0.37003801520608237,-0.23976590636254513,-0.5015963064713065,-0.1568625474383302,-0.566979605451648,-0.04282431611697951
order-ops,loop1_historical_local_mean,fixed_mean,25 26 27 28 29 30 31 32 33 34 35 36,-0.36928104575163395,0.04453872666605582,-0.40887380593262934,-0.297008547008547,0,5,0,-0.4894934640522875,-0.24957076420311722,-0.5650578179989945,-0.17350427350427347,-0.48376068376068365,-0.25600427350427357,-0.5583520202952976,-0.1802100712079703,-0.3995223730517848,-0.33149824032176967,-0.43441710017340257,-0.30414499132986533,-0.5943236971361973,-0.20456396011396016,-0.6313586904189682,-0.10720340108429971
order-ops,loop1_full_loop_mean,fixed_mean,0 1 2 3 4 5 6 7 8 9 10 11 12 13 14 15 16 17 18 19 20 21 22 23 24 25 26 27 28 29 30 31 32 33 34 35 36 37 38 39 40 41 42 43 44 45 46 47,-0.21557943690296635,0.020862053810170887,-0.23403720462543995,-0.1804298642533937,0,5,0,-0.2796381661639015,-0.15174035319255905,-0.41135620915032683,-0.019802664655605873,-0.27697963800904984,-0.1538896744595274,-0.40465041144663,-0.02650846235930271,-0.22909125188536955,-0.19692684766214183,-0.28071549132473494,-0.15044338248119773,-0.3298777253584947,-0.13003099696356285,-0.4776570815703006,0.04649820776436789
order-ops,loop2_early_mean,fixed_mean,48 49 50 51 52 53 54 55 56 57 58 59 60 61 62 63,-0.05927601809954752,0.027679912027759077,-0.0993589743589744,-0.022718702865761692,0,5,0,-0.11994909502262444,-0.0015035822021116833,-0.255052790346908,0.13650075414781296,-0.11589555052790346,-0.007766308446455529,-0.24834699264321117,0.12979495644411612,-0.08248491704374059,-0.03855580693815989,-0.12441207252131614,0.005860036322221096,-0.17867891483516485,0.031250235671191555,-0.32135366276688176,0.20280162656778672
order-ops,loop2_middle_mean,fixed_mean,64 65 66 67 68 69 70 71 72 73 74 75 76 77 78 79,0.04502262443438913,0.018557797752473258,0.019513574660633488,0.06825037707390648,5,0,0,-0.03331683634992461,0.12748963046757167,-0.15075414781297136,0.2407993966817496,-0.03148661387631976,0.1273948906485671,-0.14404835010927453,0.23409359897805276,0.030279034690799393,0.058748114630467564,-0.020113429987379486,0.11015867885615775,-0.0813262379227053,0.15832281650641022,-0.2170550202329451,0.3071002691017234
order-ops,loop2_final_third_mean,fixed_mean,80 81 82 83 84 85 86 87 88 89 90 91 92 93 94 95,0.07596153846153846,0.02029526085221893,0.04892533936651585,0.1028469079939668,5,0,0,-0.00239489064856712,0.1582579185520361,-0.11981523378582203,0.2717383107088989,-0.0009266591251885441,0.1559582390648567,-0.11310943608212519,0.2650325130052021,0.06029411764705883,0.0926470588235294,0.010825484039769837,0.1410975928833071,-0.011932997557997559,0.15921637173904954,-0.18611610620579577,0.3380391831288727
order-ops,loop2_historical_local_mean,fixed_mean,73 74 75 76 77 78 79 80 81 82 83 84,0.13398692810457516,0.020956362712867323,0.11538461538461538,0.1679235796882855,5,0,0,0.0293357214680744,0.24286073403720462,-0.06178984414278532,0.32976370035193564,0.03172448466566113,0.24102752639517339,-0.055084046439088485,0.3230579026482388,0.11968325791855203,0.15208647561588734,0.06885087368280654,0.19912298252634378,-0.026227371405942817,0.27623782281040343,-0.12809071656275908,0.39606457277190943
order-ops,loop2_full_loop_mean,fixed_mean,48 49 50 51 52 53 54 55 56 57 58 59 60 61 62 63 64 65 66 67 68 69 70 71 72 73 74 75 76 77 78 79 80 81 82 83 84 85 86 87 88 89 90 91 92 93 94 95,0.020569381598793353,0.017148351724253216,0.004304927099044742,0.04945952740070387,5,0,0,-0.03690422322775264,0.08159313725490192,-0.17520739064856714,0.21634615384615383,-0.03510856586224232,0.07974547511312215,-0.1685015929448703,0.209640356142457,0.00930115635997988,0.03545751633986927,-0.044566672822975266,0.08570543602056196,-0.055614094804070945,0.09434642624056988,-0.2415082630685409,0.2826470262661276
order-ops,loop3_early_mean,fixed_mean,96 97 98 99 100 101 102 103 104 105 106 107 108 109 110 111,0.10086726998491706,0.009427318992741905,0.0915346907993967,0.11133107088989443,5,0,0,0.021380090497737564,0.18727375565610857,-0.09490950226244342,0.2966440422322775,0.022354355203619915,0.1851282051282051,-0.08820370455874658,0.2899382445285807,0.09377828054298645,0.10797511312217195,0.03573121556314844,0.1660033244066857,0.026118231793820938,0.18099703852182292,-0.16121037468241717,0.3629449146522513
order-ops,loop3_middle_mean,fixed_mean,112 113 114 115 116 117 118 119 120 121 122 123 124 125 126 127,0.0932126696832579,0.01883145841730963,0.07117269984917042,0.11896681749622928,5,0,0,0.0100669306184012,0.18039262820512816,-0.10256410256410257,0.2889894419306184,0.01132918552036199,0.17771634615384613,-0.09585830486040574,0.28228364422692154,0.07907239819004525,0.10842760180995475,0.028076615261489288,0.15834872410502654,-0.029042588080959532,0.2192883075404192,-0.16886497498407632,0.35529031435059216
order-ops,loop3_final_third_mean,fixed_mean,128 129 130 131 132 133 134 135 136 137 138 139 140 141 142 143,-0.09547511312217195,0.011645762932220515,-0.11038838612368021,-0.08078808446455504,0,5,0,-0.16698953619909507,-0.029465026395173486,-0.29125188536953245,0.10030165912518853,-0.1652714932126697,-0.030296003016591272,-0.2845460876658356,0.09359586142149169,-0.10403469079939669,-0.08595399698340875,-0.16061116754394056,-0.030339058700403335,-0.16744812399139317,-0.03131849400599399,-0.3575527577895062,0.1666025315451623
order-ops,loop3_historical_local_mean,fixed_mean,121 122 123 124 125 126 127 128 129 130 131 132,0.06390145801910507,0.016015064679043258,0.04575163398692809,0.0796882855706385,5,0,0,-0.010684389140271497,0.1397957516339869,-0.1318753142282554,0.2596782302664655,-0.009959150326797379,0.13775766716943183,-0.12516951652455857,0.2529724325627687,0.051231774761186524,0.07657114127702364,-0.0012345964026635459,0.1290375124408737,-0.03964523339907956,0.16899711538461534,-0.19817618664822917,0.3259791026864393
order-ops,loop3_full_loop_mean,fixed_mean,96 97 98 99 100 101 102 103 104 105 106 107 108 109 110 111 112 113 114 115 116 117 118 119 120 121 122 123 124 125 126 127 128 129 130 131 132 133 134 135 136 137 138 139 140 141 142 143,0.03286827551533431,0.011110046451930639,0.017439668174962272,0.04333207642031168,5,0,0,-0.015548799648064368,0.0840705128205128,-0.16290849673202618,0.2286450477626948,-0.014777212166918059,0.0818508044243338,-0.15620269902832934,0.22193925005899795,0.024277275012569103,0.04136500754147811,-0.032267778906434307,0.09800432993710292,-0.01889445334757836,0.0866333926268389,-0.22920936915199994,0.2949459201826686
order-ops,loop4_early_mean,fixed_mean,144 145 146 147 148 149 150 151 152 153 154 155 156 157 158 159,0.02000377073906485,0.006527164569760687,0.011689291101055802,0.028469079939668174,5,0,0,-0.047794588989441944,0.09340167797888385,-0.17577300150829564,0.21578054298642532,-0.0478129713423831,0.09240431749622924,-0.1690672038045988,0.20907474528272849,0.015196078431372542,0.025150829562594266,-0.045132283682703764,0.08513982516083347,-0.06280972197024673,0.11902776103207134,-0.2420738739282694,0.2820814154063991
order-ops,loop4_middle_mean,fixed_mean,160 161 162 163 164 165 166 167 168 169 170 171 172 173 174 175,0.0605580693815988,0.005390887714662118,0.054864253393665144,0.0693815987933635,5,0,0,-0.015162141779788838,0.13950603318250368,-0.13521870286576168,0.25633484162895925,-0.01557598039215686,0.14008295625942685,-0.12851290516206484,0.24962904392526244,0.05691930618401206,0.06530920060331825,-0.0045779850401698186,0.12569412380336742,-0.0020933257918552164,0.10262620192307689,-0.20151957528573544,0.32263571404893304
order-ops,loop4_final_third_mean,fixed_mean,176 177 178 179 180 181 182 183 184 185 186 187 188 189 190 191,-0.06259426847662142,0.0023913368955440864,-0.06551659125188539,-0.06014328808446455,0,5,0,-0.11979638009049767,-0.008616138763197593,-0.25837104072398187,0.13318250377073906,-0.12002592383107089,-0.008558634992458545,-0.25166524302028503,0.12647670606704223,-0.06447963800904978,-0.06070889894419306,-0.12773032289839004,0.0025417859451472014,-0.13056379009504013,-0.015946700704955435,-0.32467191314395566,0.19948337619071282
order-ops,loop4_historical_local_mean,fixed_mean,169 170 171 172 173 174 175 176 177 178 179 180,0.08677727501256913,0.005418301143437441,0.08207642031171443,0.09451985922574158,5,0,0,-0.002165032679738568,0.17521744595273997,-0.10899949723479135,0.2825540472599296,-0.00206196581196582,0.17541603821015583,-0.10229369953109452,0.27584824955623277,0.08270487682252388,0.09117647058823529,0.02164122059080051,0.15191332943433775,-0.017721354166666675,0.1616286756484794,-0.17530036965476511,0.34885491967990334
order-ops,loop4_full_loop_mean,fixed_mean,144 145 146 147 148 149 150 151 152 153 154 155 156 157 158 159 160 161 162 163 164 165 166 167 168 169 170 171 172 173 174 175 176 177 178 179 180 181 182 183 184 185 186 187 188 189 190 191,0.005989190548014084,0.0028673737229947035,0.002136752136752138,0.009175465057818006,5,0,0,-0.03668442056309703,0.05111252513826046,-0.1897875816993464,0.20176596279537456,-0.03700980392156862,0.05108817244846657,-0.18308178399564956,0.19506016509167773,0.0038084464555052833,0.008169934640522885,-0.059146863873754535,0.0711252449697827,-0.040227589633609825,0.050753741427654445,-0.25608845411932013,0.26806683521534835
order-ops,loop1_any_layer,any_layer,0 1 2 3 4 5 6 7 8 9 10 11 12 13 14 15 16 17 18 19 20 21 22 23 24 25 26 27 28 29 30 31 32 33 34 35 36 37 38 39 40 41 42 43 44 45 46 47,-0.13665158371040725,0.0752381037537517,-0.2684766214177979,-0.08597285067873305,0,5,0,-0.25975113122171944,-0.007541478129713409,-0.33242835595776776,0.05912518853695323,-0.24524886877828056,-0.02654600301659124,-0.3257225582540709,0.05241939083325639,-0.20331825037707388,-0.093815987933635,-0.20178763813217587,-0.07151552928863864,-0.29915064102564093,0.0043956043956044,-0.3987292283777415,0.125426060956927
order-ops,loop2_any_layer,any_layer,48 49 50 51 52 53 54 55 56 57 58 59 60 61 62 63 64 65 66 67 68 69 70 71 72 73 74 75 76 77 78 79 80 81 82 83 84 85 86 87 88 89 90 91 92 93 94 95,0.11644042232277525,0.027840212020879638,0.0769230769230769,0.1478129713423831,5,0,0,-0.008748114630467575,0.2428355957767722,-0.07933634992458523,0.31221719457013575,-0.004834087481146296,0.23770739064856705,-0.07263055222088839,0.3055113968664389,0.09291101055806937,0.1369532428355958,0.051304367901006634,0.18157647674454386,-0.04423530478955007,0.29308173076923083,-0.145637222344559,0.3785180669901095
order-ops,loop3_any_layer,any_layer,96 97 98 99 100 101 102 103 104 105 106 107 108 109 110 111 112 113 114 115 116 117 118 119 120 121 122 123 124 125 126 127 128 129 130 131 132 133 134 135 136 137 138 139 140 141 142 143,0.059125188536953255,0.008492119614032734,0.048265460030165935,0.07088989441930621,5,0,0,-0.06576923076923079,0.18462292609351424,-0.13665158371040723,0.2549019607843137,-0.06426093514328808,0.18431372549019606,-0.1299457860067104,0.2481961630806169,0.05218702865761691,0.06576168929110107,-0.006010865884815364,0.12426124295872187,-0.0842951923076923,0.21511188811188792,-0.202952456130381,0.3212028332042875
order-ops,loop4_any_layer,any_layer,144 145 146 147 148 149 150 151 152 153 154 155 156 157 158 159 160 161 162 163 164 165 166 167 168 169 170 171 172 173 174 175 176 177 178 179 180 181 182 183 184 185 186 187 188 189 190 191,-0.03197586726998492,0.008755912683981897,-0.037707390648567124,-0.016591251885369536,0,5,0,-0.08506787330316742,0.012073906485671094,-0.2277526395173454,0.16380090497737557,-0.08386877828054298,0.0114630467571644,-0.22104684181364856,0.15709510727367873,-0.036802413273001516,-0.02413273001508296,-0.09711192169175353,0.0331601871517837,-0.10586288711288712,0.014606206203010508,-0.29405351193731916,0.23010177739734933
order-ops,loop1_depth_slope,depth_slope,0 1 2 3 4 5 6 7 8 9 10 11 12 13 14 15 16 17 18 19 20 21 22 23 24 25 26 27 28 29 30 31 32 33 34 35 36 37 38 39 40 41 42 43 44 45 46 47,-0.41503601440576227,0.06959573106015134,-0.4699495182688459,-0.2940714747437438,0,5,0,-0.559012797426663,-0.26883478391356574,-0.6108127866531228,-0.21925924215840178,-0.550658417213039,-0.2799296641733616,-0.6041069889494259,-0.22596503986209862,-0.45546141533536477,-0.3539231077046204,-0.4801720688275309,-0.34989995998399365,-0.6817864581730128,-0.21166304717285278,-0.6771136590730965,-0.15295836973842802
order-ops,loop2_depth_slope,depth_slope,48 49 50 51 52 53 54 55 56 57 58 59 60 61 62 63 64 65 66 67 68 69 70 71 72 73 74 75 76 77 78 79 80 81 82 83 84 85 86 87 88 89 90 91 92 93 94 95,0.2126258195585927,0.026943836206090557,0.18947963800904977,0.2574606765783237,5,0,0,0.09197099993843691,0.3425097346630961,0.016849047311232213,0.4084025918059532,0.09463369963369965,0.3362590036014406,0.02355484501492905,0.40169679410225634,0.1951395942992582,0.23567965647797584,0.14748976513682407,0.27776187398036134,0.04259921160772,0.44067899312988595,-0.04945182510874155,0.4747034642259269
order-ops,loop3_depth_slope,depth_slope,96 97 98 99 100 101 102 103 104 105 106 107 108 109 110 111 112 113 114 115 116 117 118 119 120 121 122 123 124 125 126 127 128 129 130 131 132 133 134 135 136 137 138 139 140 141 142 143,-0.2396266198787207,0.02193349567120873,-0.2669490873272386,-0.20710591929079322,0,5,0,-0.4180344830239788,-0.07297601733000898,-0.43540339212608115,-0.04384984763136021,-0.41680972388955584,-0.07537911318373519,-0.4286975944223843,-0.05055564533505705,-0.2562832825437867,-0.22218371964170328,-0.3047626743004893,-0.17449056545695207,-0.43583315382254684,-0.061632446500867584,-0.501704264546055,0.02245102478861355
order-ops,loop4_depth_slope,depth_slope,144 145 146 147 148 149 150 151 152 153 154 155 156 157 158 159 160 161 162 163 164 165 166 167 168 169 170 171 172 173 174 175 176 177 178 179 180 181 182 183 184 185 186 187 188 189 190 191,-0.08431603410595008,0.011157405763920518,-0.09900883430295196,-0.07169021454735743,0,5,0,-0.22804635315664745,0.05418865623172348,-0.2800928063533106,0.1114607381414104,-0.22688171422415118,0.05290089112568097,-0.27338700864961374,0.10475494043771356,-0.0936528457536861,-0.07606042416966788,-0.14945208852771869,-0.01917997968418146,-0.26749997417995536,0.05925800187863607,-0.3463936787732843,0.17776161056138418
