task,fit_id,metric,value,sign
multihop,1,loop1_early_mean,-0.0033992508154029513,negative
multihop,2,loop1_early_mean,-0.003580410235692805,negative
multihop,3,loop1_early_mean,-0.002845708142295061,negative
multihop,4,loop1_early_mean,-0.003399842839652264,negative
multihop,5,loop1_early_mean,-0.004174210557753998,negative
multihop,1,loop1_middle_mean,-0.07071034029553853,negative
multihop,2,loop1_middle_mean,-0.0710630387420669,negative
multihop,3,loop1_middle_mean,-0.07096209860755899,negative
multihop,4,loop1_middle_mean,-0.0708914997158284,negative
multihop,5,loop1_middle_mean,-0.07384052050772001,negative
multihop,1,loop1_final_third_mean,-0.08590555940813127,negative
multihop,2,loop1_final_third_mean,-0.08637843877727024,negative
multihop,3,loop1_final_third_mean,-0.07865193029948296,negative
multihop,4,loop1_final_third_mean,-0.07973592669997555,negative
multihop,5,loop1_final_third_mean,-0.09450101147784805,negative
multihop,1,loop1_historical_local_mean,-0.015882222754749507,negative
multihop,2,loop1_historical_local_mean,-0.01566810731791455,negative
multihop,3,loop1_historical_local_mean,-0.012756334718375537,negative
multihop,4,loop1_historical_local_mean,-0.015976157268973872,negative
multihop,5,loop1_historical_local_mean,-0.022699184644175165,negative
multihop,1,loop1_full_loop_mean,-0.05333838350635757,negative
multihop,2,loop1_full_loop_mean,-0.05367396258500998,negative
multihop,3,loop1_full_loop_mean,-0.050819912349779006,negative
multihop,4,loop1_full_loop_mean,-0.05134242308515208,negative
multihop,5,loop1_full_loop_mean,-0.057505247514440694,negative
multihop,1,loop2_early_mean,-0.033151394119909125,negative
multihop,2,loop2_early_mean,-0.03553725184464154,negative
multihop,3,loop2_early_mean,-0.03808399215912482,negative
multihop,4,loop2_early_mean,-0.034118021712975344,negative
multihop,5,loop2_early_mean,-0.03553695583251688,negative
multihop,1,loop2_middle_mean,-0.11381440207671506,negative
multihop,2,loop2_middle_mean,-0.11038317753375775,negative
multihop,3,loop2_middle_mean,-0.10893257011687797,negative
multihop,4,loop2_middle_mean,-0.11446844086614387,negative
multihop,5,loop2_middle_mean,-0.10969835348336467,negative
multihop,1,loop2_final_third_mean,-0.16444982523797613,negative
multihop,2,loop2_final_third_mean,-0.1577648354207932,negative
multihop,3,loop2_final_third_mean,-0.16606945557803476,negative
multihop,4,loop2_final_third_mean,-0.1588103502450804,negative
multihop,5,loop2_final_third_mean,-0.16068869518208903,negative
multihop,1,loop2_historical_local_mean,-0.055116459122404475,negative
multihop,2,loop2_historical_local_mean,-0.053184486655478896,negative
multihop,3,loop2_historical_local_mean,-0.05455127330572676,negative
multihop,4,loop2_historical_local_mean,-0.054874913228684666,negative
multihop,5,loop2_historical_local_mean,-0.05221909244626542,negative
multihop,1,loop2_full_loop_mean,-0.10380520714486678,negative
multihop,2,loop2_full_loop_mean,-0.10122842159973086,negative
multihop,3,loop2_full_loop_mean,-0.10436200595134583,negative
multihop,4,loop2_full_loop_mean,-0.10246560427473322,negative
multihop,5,loop2_full_loop_mean,-0.10197466816599018,negative
multihop,1,loop3_early_mean,-0.058724495683701444,negative
multihop,2,loop3_early_mean,-0.06057383143249372,negative
multihop,3,loop3_early_mean,-0.060547042335212325,negative
multihop,4,loop3_early_mean,-0.07035792018876917,negative
multihop,5,loop3_early_mean,-0.05950197152911209,negative
multihop,1,loop3_middle_mean,-0.15612502103011508,negative
multihop,2,loop3_middle_mean,-0.15384944549418295,negative
multihop,3,loop3_middle_mean,-0.1556837067150748,negative
multihop,4,loop3_middle_mean,-0.154076025103242,negative
multihop,5,loop3_middle_mean,-0.15950505314787242,negative
multihop,1,loop3_final_third_mean,-0.17086412080334334,negative
multihop,2,loop3_final_third_mean,-0.17120649417024,negative
multihop,3,loop3_final_third_mean,-0.1735161508633304,negative
multihop,4,loop3_final_third_mean,-0.17259608332661786,negative
multihop,5,loop3_final_third_mean,-0.1739773421716368,negative
multihop,1,loop3_historical_local_mean,-0.08307418281803072,negative
multihop,2,loop3_historical_local_mean,-0.0833345232726205,negative
multihop,3,loop3_historical_local_mean,-0.08382575907523103,negative
multihop,4,loop3_historical_local_mean,-0.08144315012038413,negative
multihop,5,loop3_historical_local_mean,-0.08654134485288813,negative
multihop,1,loop3_full_loop_mean,-0.12857121250571996,negative
multihop,2,loop3_full_loop_mean,-0.12854325703230562,negative
multihop,3,loop3_full_loop_mean,-0.12991563330453917,negative
multihop,4,loop3_full_loop_mean,-0.13234334287287633,negative
multihop,5,loop3_full_loop_mean,-0.13099478894954045,negative
multihop,1,loop4_early_mean,-0.02402862295866505,negative
multihop,2,loop4_early_mean,-0.02853703562324779,negative
multihop,3,loop4_early_mean,-0.027470207925985295,negative
multihop,4,loop4_early_mean,-0.0377259920029011,negative
multihop,5,loop4_early_mean,-0.03341842356489787,negative
multihop,1,loop4_middle_mean,0.058214066955645224,positive
multihop,2,loop4_middle_mean,0.05534541787368927,positive
multihop,3,loop4_middle_mean,0.05840365830339637,positive
multihop,4,loop4_middle_mean,0.04955144664217985,positive
multihop,5,loop4_middle_mean,0.05594972662617577,positive
multihop,1,loop4_final_third_mean,0.06193947011532278,positive
multihop,2,loop4_final_third_mean,0.06023902404714139,positive
multihop,3,loop4_final_third_mean,0.06178745463503737,positive
multihop,4,loop4_final_third_mean,0.06409503040707232,positive
multihop,5,loop4_final_third_mean,0.058507353117900125,positive
multihop,1,loop4_historical_local_mean,0.18906941504940958,positive
multihop,2,loop4_historical_local_mean,0.1857696751159425,positive
multihop,3,loop4_historical_local_mean,0.18776676435950407,positive
multihop,4,loop4_historical_local_mean,0.19189302316210935,positive
multihop,5,loop4_historical_local_mean,0.1813547529473972,positive
multihop,1,loop4_full_loop_mean,0.03204163803743431,positive
multihop,2,loop4_full_loop_mean,0.029015802099194302,positive
multihop,3,loop4_full_loop_mean,0.030906968337482812,positive
multihop,4,loop4_full_loop_mean,0.025306828348783696,positive
multihop,5,loop4_full_loop_mean,0.027012885393059346,positive
multihop,1,loop1_any_layer,-0.3645917895602974,negative
multihop,2,loop1_any_layer,-0.3637866365812313,negative
multihop,3,loop1_any_layer,-0.3570328239450658,negative
multihop,4,loop1_any_layer,-0.3523534642784938,negative
multihop,5,loop1_any_layer,-0.36991053541612773,negative
multihop,1,loop2_any_layer,-0.4576840506193106,negative
multihop,2,loop2_any_layer,-0.4546244692988595,negative
multihop,3,loop2_any_layer,-0.42000525929601806,negative
multihop,4,loop2_any_layer,-0.45671313085043663,negative
multihop,5,loop2_any_layer,-0.4427105733056797,negative
multihop,1,loop3_any_layer,-0.39413637976641375,negative
multihop,2,loop3_any_layer,-0.3926918405980894,negative
multihop,3,loop3_any_layer,-0.4107177949411793,negative
multihop,4,loop3_any_layer,-0.4065404718380249,negative
multihop,5,loop3_any_layer,-0.4200646737893368,negative
multihop,1,loop4_any_layer,-0.053921497937988366,negative
multihop,2,loop4_any_layer,-0.0441081039813719,negative
multihop,3,loop4_any_layer,-0.05521211080149126,negative
multihop,4,loop4_any_layer,-0.05425303151760379,negative
multihop,5,loop4_any_layer,-0.042656460522055815,negative
multihop,1,loop1_depth_slope,-0.11951341680229664,negative
multihop,2,loop1_depth_slope,-0.12002037079162188,negative
multihop,3,loop1_depth_slope,-0.11231387031703598,negative
multihop,4,loop1_depth_slope,-0.1108569046805398,negative
multihop,5,loop1_depth_slope,-0.13180179833848601,negative
multihop,1,loop2_depth_slope,-0.1870982352671402,negative
multihop,2,loop2_depth_slope,-0.17621400234691906,negative
multihop,3,loop2_depth_slope,-0.18192735048810785,negative
multihop,4,loop2_depth_slope,-0.1785263584487801,negative
multihop,5,loop2_depth_slope,-0.17879630338327554,negative
multihop,1,loop3_depth_slope,-0.14185350035897257,negative
multihop,2,loop3_depth_slope,-0.1396225916821412,negative
multihop,3,loop3_depth_slope,-0.14496061962170403,negative
multihop,4,loop3_depth_slope,-0.13035750577179459,negative
multihop,5,loop3_depth_slope,-0.14516571157268152,negative
multihop,1,loop4_depth_slope,0.13776716036475875,positive
multihop,2,loop4_depth_slope,0.14121074469877365,positive
multihop,3,loop4_depth_slope,0.1411556656154423,positive
multihop,4,loop4_depth_slope,0.15704015734565518,positive
multihop,5,loop4_depth_slope,0.14515360023164214,positive
order-ops,1,loop1_early_mean,0.0008484162895927591,positive
order-ops,2,loop1_early_mean,0.0007541478129713413,positive
order-ops,3,loop1_early_mean,0.0008484162895927591,positive
order-ops,4,loop1_early_mean,0.0008484162895927591,positive
order-ops,5,loop1_early_mean,0.00018853695324283785,positive
order-ops,1,loop1_middle_mean,-0.36283936651583715,negative
order-ops,2,loop1_middle_mean,-0.31627073906485675,negative
order-ops,3,loop1_middle_mean,-0.34822775263951733,negative
order-ops,4,loop1_middle_mean,-0.3611425339366516,negative
order-ops,5,loop1_middle_mean,-0.32418929110105577,negative
order-ops,1,loop1_final_third_mean,-0.3401206636500755,negative
order-ops,2,loop1_final_third_mean,-0.3317307692307693,negative
order-ops,3,loop1_final_third_mean,-0.3128770739064856,negative
order-ops,4,loop1_final_third_mean,-0.3224924585218703,negative
order-ops,5,loop1_final_third_mean,-0.2172888386123681,negative
order-ops,1,loop1_historical_local_mean,-0.40887380593262934,negative
order-ops,2,loop1_historical_local_mean,-0.358974358974359,negative
order-ops,3,loop1_historical_local_mean,-0.3832327802916037,negative
order-ops,4,loop1_historical_local_mean,-0.39831573655103064,negative
order-ops,5,loop1_historical_local_mean,-0.297008547008547,negative
order-ops,1,loop1_full_loop_mean,-0.23403720462543995,negative
order-ops,2,loop1_full_loop_mean,-0.21574912016088493,negative
order-ops,3,loop1_full_loop_mean,-0.2200854700854701,negative
order-ops,4,loop1_full_loop_mean,-0.2275955253896431,negative
order-ops,5,loop1_full_loop_mean,-0.1804298642533937,negative
order-ops,1,loop2_early_mean,-0.0993589743589744,negative
order-ops,2,loop2_early_mean,-0.04967948717948718,negative
order-ops,3,loop2_early_mean,-0.022718702865761692,negative
order-ops,4,loop2_early_mean,-0.06466817496229262,negative
order-ops,5,loop2_early_mean,-0.05995475113122174,negative
order-ops,1,loop2_middle_mean,0.04449472096530919,positive
order-ops,2,loop2_middle_mean,0.03685897435897435,positive
order-ops,3,loop2_middle_mean,0.06825037707390648,positive
order-ops,4,loop2_middle_mean,0.05599547511312215,positive
order-ops,5,loop2_middle_mean,0.019513574660633488,positive
order-ops,1,loop2_final_third_mean,0.0677790346907994,positive
order-ops,2,loop2_final_third_mean,0.07334087481146305,positive
order-ops,3,loop2_final_third_mean,0.1028469079939668,positive
order-ops,4,loop2_final_third_mean,0.04892533936651585,positive
order-ops,5,loop2_final_third_mean,0.08691553544494722,positive
order-ops,1,loop2_historical_local_mean,0.12833081950729008,positive
order-ops,2,loop2_historical_local_mean,0.13863750628456512,positive
order-ops,3,loop2_historical_local_mean,0.1679235796882855,positive
order-ops,4,loop2_historical_local_mean,0.11538461538461538,positive
order-ops,5,loop2_historical_local_mean,0.11965811965811964,positive
order-ops,1,loop2_full_loop_mean,0.004304927099044742,positive
order-ops,2,loop2_full_loop_mean,0.02017345399698339,positive
order-ops,3,loop2_full_loop_mean,0.04945952740070387,positive
order-ops,4,loop2_full_loop_mean,0.013417546505781785,positive
order-ops,5,loop2_full_loop_mean,0.01549145299145298,positive
order-ops,1,loop3_early_mean,0.09558823529411768,positive
order-ops,2,loop3_early_mean,0.0915346907993967,positive
order-ops,3,loop3_early_mean,0.11133107088989443,positive
order-ops,4,loop3_early_mean,0.11076546003016592,positive
order-ops,5,loop3_early_mean,0.0951168929110106,positive
order-ops,1,loop3_middle_mean,0.08116515837104071,positive
order-ops,2,loop3_middle_mean,0.07117269984917042,positive
order-ops,3,loop3_middle_mean,0.11896681749622928,positive
order-ops,4,loop3_middle_mean,0.10407239819004523,positive
order-ops,5,loop3_middle_mean,0.09068627450980393,positive
order-ops,1,loop3_final_third_mean,-0.09879336349924586,negative
order-ops,2,loop3_final_third_mean,-0.11038838612368021,negative
order-ops,3,loop3_final_third_mean,-0.10030165912518854,negative
order-ops,4,loop3_final_third_mean,-0.08710407239819005,negative
order-ops,5,loop3_final_third_mean,-0.08078808446455504,negative
order-ops,1,loop3_historical_local_mean,0.0485168426344897,positive
order-ops,2,loop3_historical_local_mean,0.04575163398692809,positive
order-ops,3,loop3_historical_local_mean,0.06762192056309702,positive
order-ops,4,loop3_historical_local_mean,0.0796882855706385,positive
order-ops,5,loop3_historical_local_mean,0.07792860734037205,positive
order-ops,1,loop3_full_loop_mean,0.02598667672197081,positive
order-ops,2,loop3_full_loop_mean,0.017439668174962272,positive
order-ops,3,loop3_full_loop_mean,0.04333207642031168,positive
order-ops,4,loop3_full_loop_mean,0.04257792860734035,positive
order-ops,5,loop3_full_loop_mean,0.03500502765208644,positive
order-ops,1,loop4_early_mean,0.011689291101055802,positive
order-ops,2,loop4_early_mean,0.01706259426847661,positive
order-ops,3,loop4_early_mean,0.018476621417797885,positive
order-ops,4,loop4_early_mean,0.028469079939668174,positive
order-ops,5,loop4_early_mean,0.024321266968325785,positive
order-ops,1,loop4_middle_mean,0.054864253393665144,positive
order-ops,2,loop4_middle_mean,0.06080316742081449,positive
order-ops,3,loop4_middle_mean,0.0693815987933635,positive
order-ops,4,loop4_middle_mean,0.05920060331825038,positive
order-ops,5,loop4_middle_mean,0.058540723981900446,positive
order-ops,1,loop4_final_third_mean,-0.06014328808446455,negative
order-ops,2,loop4_final_third_mean,-0.06438536953242835,negative
order-ops,3,loop4_final_third_mean,-0.060331825037707405,negative
order-ops,4,loop4_final_third_mean,-0.0625942684766214,negative
order-ops,5,loop4_final_third_mean,-0.06551659125188539,negative
order-ops,1,loop4_historical_local_mean,0.08207642031171443,positive
order-ops,2,loop4_historical_local_mean,0.08220211161387632,positive
order-ops,3,loop4_historical_local_mean,0.09451985922574158,positive
order-ops,4,loop4_historical_local_mean,0.09012066365007541,positive
order-ops,5,loop4_historical_local_mean,0.0849673202614379,positive
order-ops,1,loop4_full_loop_mean,0.002136752136752138,positive
order-ops,2,loop4_full_loop_mean,0.004493464052287586,positive
order-ops,3,loop4_full_loop_mean,0.009175465057818006,positive
order-ops,4,loop4_full_loop_mean,0.008358471593765722,positive
order-ops,5,loop4_full_loop_mean,0.005781799899446967,positive
order-ops,1,loop1_any_layer,-0.2684766214177979,negative
order-ops,2,loop1_any_layer,-0.12518853695324283,negative
order-ops,3,loop1_any_layer,-0.08597285067873305,negative
order-ops,4,loop1_any_layer,-0.11010558069381599,negative
order-ops,5,loop1_any_layer,-0.09351432880844646,negative
order-ops,1,loop2_any_layer,0.13273001508295626,positive
order-ops,2,loop2_any_layer,0.1478129713423831,positive
order-ops,3,loop2_any_layer,0.10105580693815987,positive
order-ops,4,loop2_any_layer,0.12368024132730017,positive
order-ops,5,loop2_any_layer,0.0769230769230769,positive
order-ops,1,loop3_any_layer,0.06033182503770738,positive
order-ops,2,loop3_any_layer,0.0618401206636501,positive
order-ops,3,loop3_any_layer,0.048265460030165935,positive
order-ops,4,loop3_any_layer,0.07088989441930621,positive
order-ops,5,loop3_any_layer,0.05429864253393663,positive
order-ops,1,loop4_any_layer,-0.03318250377073907,negative
order-ops,2,loop4_any_layer,-0.03619909502262444,negative
order-ops,3,loop4_any_layer,-0.03619909502262444,negative
order-ops,4,loop4_any_layer,-0.037707390648567124,negative
order-ops,5,loop4_any_layer,-0.016591251885369536,negative
order-ops,1,loop1_depth_slope,-0.4699495182688459,negative
order-ops,2,loop1_depth_slope,-0.44370055714593526,negative
order-ops,3,loop1_depth_slope,-0.4235848185428016,negative
order-ops,4,loop1_depth_slope,-0.4438737033274849,negative
order-ops,5,loop1_depth_slope,-0.2940714747437438,negative
order-ops,1,loop2_depth_slope,0.2574606765783237,positive
order-ops,2,loop2_depth_slope,0.20256564164127194,positive
order-ops,3,loop2_depth_slope,0.19708652691845974,positive
order-ops,4,loop2_depth_slope,0.18947963800904977,positive
order-ops,5,loop2_depth_slope,0.21653661464585838,positive
order-ops,1,loop3_depth_slope,-0.23432065133745808,negative
order-ops,2,loop3_depth_slope,-0.24917274602148545,negative
order-ops,3,loop3_depth_slope,-0.2669490873272386,negative
order-ops,4,loop3_depth_slope,-0.2405846954166282,negative
order-ops,5,loop3_depth_slope,-0.20710591929079322,negative
order-ops,1,loop4_depth_slope,-0.07169021454735743,negative
order-ops,2,loop4_depth_slope,-0.07964339581986636,negative
order-ops,3,loop4_depth_slope,-0.07863914796687907,negative
order-ops,4,loop4_depth_slope,-0.09900883430295196,negative
order-ops,5,loop4_depth_slope,-0.09259857789269554,negative
