position,loop,layers,lens,target,n_items,rank_kl_retained,top1_agreement,top1_ci_low,top1_ci_high,actual_token_hit10,actual_token_hit10_ci_low,actual_token_hit10_ci_high,actual_token_hit100,actual_token_hit100_ci_low,actual_token_hit100_ci_high,actual_token_mrr,actual_token_mrr_ci_low,actual_token_mrr_ci_high,actual_token_mean_log10_rank,actual_token_mean_log10_rank_ci_low,actual_token_mean_log10_rank_ci_high,kl_lens_to_actual,kl_lens_to_actual_ci_low,kl_lens_to_actual_ci_high
-1,1,1-47,Local J-Lens,actual_current_exit,148,True,0.044709603220241506,0.03550891316848762,0.0547728579643473,0.11400230017251292,0.09689476710753306,0.13197239792984472,0.24798734905117886,0.2216755319148936,0.27530189764232316,0.06823003737224127,0.05704863819404751,0.08012184487417132,2.838624958890425,2.7578054666482332,2.91866606837069,3.1848483085632324,2.9460027098454336,3.4428533051666377
-1,1,1-47,Local J-Lens,actual_final_exit,148,True,0.023145485911443355,0.016388729154686605,0.03105232892466934,0.0948821161587119,0.07763082231167338,0.11371477860839561,0.23591144335825182,0.2064404830362277,0.2665324899367453,0.047448705267096575,0.03891119116389701,0.057109062745800805,2.92938615770346,2.8381107770525347,3.0200767259554504,9.214988708496094,8.815276673758353,9.612554352186821
-1,1,1-47,Final J-Lens,actual_current_exit,148,False,0.0,0.0,0.0,,,,,,,,,,,,,,,
-1,1,1-47,Final J-Lens,actual_final_exit,148,True,0.0002875215641173088,0.0,0.0008625646923519265,0.004456584243818286,0.000718803910293272,0.0097757331799885,0.029470960322024155,0.016820011500862566,0.04442208165612421,0.0024527982267386885,0.0012151239138699396,0.004047913536137608,3.6965274392621423,3.627391077890403,3.765333430211603,11.515164375305176,11.238435198809649,11.788678923007605
-1,1,1-47,Logit lens,actual_current_exit,148,False,0.09718228867165038,0.07748706152961471,0.11874640598044853,,,,,,,,,,,,,,,
-1,1,1-47,Logit lens,actual_final_exit,148,True,0.05117883841288095,0.0359401955146636,0.06886141460609545,0.16618746405980447,0.14146060954571593,0.19249568717653825,0.33338125359401954,0.30304772857964346,0.3641460609545716,0.08993029460319282,0.07197230094215444,0.11011979303857895,2.6229283807511785,2.510643160779642,2.7320193084219895,8.408548355102539,8.104586122325948,8.71209231784215
-1,1,41-47,Local J-Lens,actual_current_exit,148,True,0.24131274131274116,0.19884169884169878,0.28571428571428553,0.45463320463320456,0.3996138996138997,0.5106177606177607,0.6496138996138996,0.5974903474903475,0.7017374517374517,0.3131661584462509,0.2674706031265734,0.3606192385767834,1.4736332334854716,1.3151105334569921,1.6302229076891481,2.8718724250793457,2.691573252921572,3.058148882064868
-1,1,41-47,Local J-Lens,actual_final_exit,148,True,0.12741312741312735,0.09749034749034746,0.16023166023166013,0.37355212355212347,0.3243243243243243,0.42374517374517373,0.6611969111969113,0.6110038610038611,0.7104247104247103,0.2112442580357256,0.17793894718817813,0.24612888358975515,1.5559143502513328,1.4292657893368585,1.6839018157452257,6.4083147048950195,5.926596582248003,6.872394366995305
-1,1,41-47,Final J-Lens,actual_current_exit,148,False,0.0,0.0,0.0,,,,,,,,,,,,,,,
-1,1,41-47,Final J-Lens,actual_final_exit,148,True,0.0019305019305019303,0.0,0.005791505791505791,0.016409266409266408,0.0028957528957528956,0.03474903474903475,0.08494208494208492,0.05019305019305019,0.12355212355212356,0.008836384865442354,0.003663526722734238,0.01579042261973708,3.0862898568517907,2.9617400050964497,3.2088276168268095,10.662026405334473,10.3525649064296,10.969787410062713
-1,1,41-47,Logit lens,actual_current_exit,148,False,0.3812741312741311,0.32239382239382225,0.44208494208494176,,,,,,,,,,,,,,,
-1,1,41-47,Logit lens,actual_final_exit,148,True,0.20173745173745175,0.15347490347490345,0.2538610038610038,0.503861003861004,0.444980694980695,0.5617760617760619,0.831081081081081,0.7866795366795367,0.8716216216216216,0.3084986160352419,0.2614770568275939,0.3582086601435231,1.0844793886879167,0.972181327095791,1.2007472183830972,4.6811842918396,4.28097242296019,5.09173345853499
-1,1,41-48,Local J-Lens,actual_current_exit,148,True,0.33614864864864863,0.29898648648648657,0.375,0.5228040540540541,0.4746621621621623,0.5717905405405406,0.6934121621621622,0.6478040540540541,0.7390202702702702,0.39902038864046957,0.35903677773575166,0.4405418337546855,1.2894290792997876,1.150721716774868,1.4264450442280046,2.512888193130493,2.3551266095626193,2.6758802482254205
-1,1,41-48,Local J-Lens,actual_final_exit,148,True,0.16807432432432431,0.13597972972972974,0.2010135135135136,0.43074324324324326,0.3842905405405405,0.477195945945946,0.6984797297297297,0.6528716216216217,0.7423986486486487,0.2583398650195184,0.22562447874527866,0.2917751769319707,1.4205723297914055,1.3065520280058773,1.53612152833601,6.085757255554199,5.6584680183111,6.499622537417186
-1,1,41-48,Final J-Lens,actual_current_exit,148,False,0.0,0.0,0.0,,,,,,,,,,,,,,,
-1,1,41-48,Final J-Lens,actual_final_exit,148,True,0.0033783783783783786,0.0,0.009290540540540541,0.016047297297297296,0.002533783783783784,0.03462837837837838,0.0785472972972973,0.045608108108108114,0.11486486486486487,0.009602680120793652,0.0033471821275015356,0.01809976294280478,3.1331909444831467,3.011679372175647,3.2527010090824104,10.885818481445312,10.579539590912896,11.19021594596876
-1,1,41-48,Logit lens,actual_current_exit,148,False,0.45861486486486486,0.4070945945945945,0.5118243243243241,,,,,,,,,,,,,,,
-1,1,41-48,Logit lens,actual_final_exit,148,True,0.23310810810810811,0.18496621621621626,0.2837837837837838,0.5447635135135135,0.4881756756756757,0.6005067567567567,0.8471283783783784,0.8057432432432432,0.8851351351351351,0.3434374282690951,0.29756417645377065,0.39083167397054824,1.0080667384234163,0.9024565643937768,1.1176041765362867,4.574518203735352,4.216691166477127,4.940722629458115
-1,1,48,Local J-Lens,actual_current_exit,148,True,1.0,1.0,1.000000000000001,1.0,0.9999999999999997,1.0,1.0,0.9999999999999997,1.0,1.0,0.9999999999999997,1.0,0.0,0.0,0.0,0.0,0.0,0.0
-1,1,48,Local J-Lens,actual_final_exit,148,True,0.4527027027027027,0.3716216216216215,0.5337837837837837,0.831081081081081,0.7702702702702702,0.8918918918918918,0.9594594594594594,0.9256756756756755,0.9864864864864864,0.5880091139060676,0.5236836621387742,0.6520674991642746,0.47317818657191413,0.3749533398339285,0.5780087805540208,3.8278543949127197,3.5072454521206766,4.149639551002789
-1,1,48,Final J-Lens,actual_current_exit,148,False,0.0,0.0,0.0,,,,,,,,,,,,,,,
-1,1,48,Final J-Lens,actual_final_exit,148,True,0.013513513513513514,0.0,0.033783783783783786,0.013513513513513514,0.0,0.033783783783783786,0.033783783783783786,0.006756756756756757,0.06756756756756757,0.014966746908252762,0.0010192149883651337,0.03536359634416439,3.4614985579026407,3.328263075629362,3.586041636288351,12.452354431152344,11.996201036910755,12.91067933246896
-1,1,48,Logit lens,actual_current_exit,148,False,1.0,1.0,1.000000000000001,,,,,,,,,,,,,,,
-1,1,48,Logit lens,actual_final_exit,148,True,0.4527027027027027,0.3716216216216215,0.5337837837837837,0.831081081081081,0.7702702702702702,0.8918918918918918,0.9594594594594594,0.9256756756756755,0.9864864864864864,0.5880091139060676,0.5236836621387742,0.6520674991642746,0.47317818657191413,0.3749533398339285,0.5780087805540208,3.8278543949127197,3.5072454521206766,4.149639551002789
-1,2,1-47,Local J-Lens,actual_current_exit,148,True,0.06986774008050602,0.05391029327199535,0.0879815986198965,0.16259344450833813,0.13585393904542842,0.1916331224841863,0.3427257044278321,0.3057755894192064,0.3813973548016102,0.10230053108946566,0.08349454677804989,0.1230039370925575,2.4996529337604168,2.385222921096878,2.6112653328742184,7.596118927001953,6.957124755914148,8.24666250472939
-1,2,1-47,Local J-Lens,actual_final_exit,148,True,0.05793559516963774,0.04269695227142034,0.07561817136285218,0.14462334675100633,0.11845888441633122,0.1730915756181711,0.3162737205290397,0.27961112708453134,0.3546614433582516,0.08819650839388303,0.07025143810814102,0.10835561721274031,2.5661630363229575,2.4484265909965073,2.6817117915164563,10.25158405303955,9.583759644345657,10.937831827152419
-1,2,1-47,Final J-Lens,actual_current_exit,148,False,0.038384128809660724,0.023001725129384705,0.055635422656699254,,,,,,,,,,,,,,,
-1,2,1-47,Final J-Lens,actual_final_exit,148,True,0.03536515238642898,0.02055779183438758,0.05218516388729154,0.16173087981598622,0.12564692351926396,0.1993962047153537,0.36227717078780913,0.3129672225416906,0.41201840138010354,0.07826619153330347,0.058387329287208155,0.10009067343511178,2.4894734230189752,2.338962235209918,2.639126904252042,10.404511451721191,10.093911865273036,10.709702429980846
-1,2,1-47,Logit lens,actual_current_exit,148,False,0.12478435882691202,0.10293271995399651,0.14879240943070726,,,,,,,,,,,,,,,
-1,2,1-47,Logit lens,actual_final_exit,148,True,0.10034502587694076,0.07849338700402529,0.12478435882691201,0.2476998274870615,0.21449108683151236,0.28205865439907996,0.43185738930419776,0.39850488786659,0.4657849338700403,0.15211591909847616,0.12740539877374646,0.17876803833860486,2.234627059356987,2.1164299720125395,2.35125986580717,8.083779335021973,7.75184403005484,8.418502694610003
-1,2,41-47,Local J-Lens,actual_current_exit,148,True,0.3185328185328183,0.271235521235521,0.3677606177606175,0.5608108108108109,0.5048262548262549,0.6167953667953667,0.7509652509652509,0.6998069498069497,0.801158301158301,0.4027411541323014,0.35424046864691744,0.4522429095392791,1.1682698725131875,1.012607488634251,1.3298504122975912,5.191868782043457,4.696695493755711,5.688721457994668
-1,2,41-47,Local J-Lens,actual_final_exit,148,True,0.2635135135135134,0.2162162162162161,0.31274131274131256,0.5009652509652509,0.4469111969111969,0.555984555984556,0.747104247104247,0.6978764478764479,0.7953667953667953,0.34492238456557095,0.2975573685832455,0.39382008522146755,1.2280981954470085,1.08550227288033,1.372871686514795,6.626572608947754,6.012322055681835,7.241677048991157
-1,2,41-47,Final J-Lens,actual_current_exit,148,False,0.06177606177606177,0.03185328185328185,0.09652509652509654,,,,,,,,,,,,,,,
-1,2,41-47,Final J-Lens,actual_final_exit,148,True,0.058880308880308874,0.028957528957528955,0.09362934362934364,0.29440154440154437,0.22876447876447875,0.36196911196911197,0.5888030888030887,0.5135135135135136,0.6621862934362914,0.13326102386275543,0.09760515612578827,0.17209261009999488,1.8705429188238456,1.679995576564614,2.066179942216869,9.575187683105469,9.182207280719604,9.966101401883202
-1,2,41-47,Logit lens,actual_current_exit,148,False,0.44305019305019305,0.38320463320463294,0.5038610038610036,,,,,,,,,,,,,,,
-1,2,41-47,Logit lens,actual_final_exit,148,True,0.33976833976833964,0.28088803088803077,0.4005791505791505,0.6361003861003861,0.5762548262548262,0.694015444015444,0.9034749034749033,0.8696911196911196,0.9343629343629343,0.4442756771124035,0.38927132921590013,0.5005534921883379,0.8049839310605459,0.6966159792014495,0.9185332752095765,4.35507869720459,3.889781038241612,4.840142890659941
-1,2,41-48,Local J-Lens,actual_current_exit,148,True,0.40371621621621623,0.36233108108108086,0.44679054054054035,0.6157094594594594,0.566722972972973,0.6646959459459459,0.7820945945945946,0.7373310810810809,0.8260135135135134,0.47739850986576376,0.43496041006605274,0.5207125458468691,1.022236138449039,0.8860315525549697,1.1636191107603924,4.5428853034973145,4.109608528931701,4.977631225973066
-1,2,41-48,Local J-Lens,actual_final_exit,148,True,0.3217905405405405,0.27618243243243246,0.3682432432432431,0.5523648648648649,0.5025337837837838,0.6021959459459459,0.7778716216216216,0.7339527027027027,0.8201013513513514,0.40191528999051035,0.3576759275586505,0.446697270416776,1.1004192638639598,0.9742617018645775,1.2282939727230102,5.879129886627197,5.345064555204197,6.415632825833116
-1,2,41-48,Final J-Lens,actual_current_exit,148,False,0.05574324324324324,0.027871621621621625,0.08783783783783784,,,,,,,,,,,,,,,
-1,2,41-48,Final J-Lens,actual_final_exit,148,True,0.05320945945945946,0.02618243243243243,0.08530405405405406,0.2677364864864865,0.20777027027027029,0.3302364864864865,0.5616554054054054,0.4898648648648648,0.6334459459459459,0.12183023295776314,0.08920116804890249,0.15758408172988436,1.934170899619803,1.748345129281538,2.1242694814652827,9.739120483398438,9.32278134661752,10.15908323614984
-1,2,41-48,Logit lens,actual_current_exit,148,False,0.512668918918919,0.46030405405405395,0.5658783783783783,,,,,,,,,,,,,,,
-1,2,41-48,Logit lens,actual_final_exit,148,True,0.3885135135135135,0.33192567567567555,0.44679054054054035,0.6706081081081081,0.6148648648648649,0.7246621621621622,0.9146959459459459,0.8842905405405403,0.941722972972973,0.48884942096898887,0.43662146476529745,0.5415191235509355,0.7301942825258049,0.631895413999385,0.8333366917967658,3.8915717601776123,3.4840800057442207,4.318352148138187
-1,2,48,Local J-Lens,actual_current_exit,148,True,1.0,1.0,1.000000000000001,1.0,0.9999999999999997,1.0,1.0,0.9999999999999997,1.0,1.0,0.9999999999999997,1.0,0.0,0.0,0.0,0.0,0.0,0.0
-1,2,48,Local J-Lens,actual_final_exit,148,True,0.7297297297297297,0.6554054054054055,0.7972972972972977,0.9121621621621622,0.8648648648648647,0.9527027027027026,0.9932432432432432,0.9797297297297295,1.0,0.8008656279650861,0.7441881510951993,0.8539213960924487,0.20666674278261835,0.14263457271087357,0.27799918001368273,0.6470277309417725,0.5134662092448217,0.790253508563713
-1,2,48,Final J-Lens,actual_current_exit,148,False,0.013513513513513514,0.0,0.033783783783783786,,,,,,,,,,,,,,,
-1,2,48,Final J-Lens,actual_final_exit,148,True,0.013513513513513514,0.0,0.033783783783783786,0.08108108108108109,0.04054054054054054,0.1283783783783784,0.3716216216216216,0.2972972972972973,0.45270270270270274,0.04181469662281728,0.02355203843774982,0.06477676209738838,2.3795667651915067,2.209429677679387,2.550758243907467,10.886651039123535,10.166581984065674,11.67188675959368
-1,2,48,Logit lens,actual_current_exit,148,False,1.0,1.0,1.000000000000001,,,,,,,,,,,,,,,
-1,2,48,Logit lens,actual_final_exit,148,True,0.7297297297297297,0.6554054054054055,0.7972972972972977,0.9121621621621622,0.8648648648648647,0.9527027027027026,0.9932432432432432,0.9797297297297295,1.0,0.8008656279650861,0.7441881510951993,0.8539213960924487,0.20666674278261835,0.14263457271087357,0.27799918001368273,0.6470277309417725,0.5134662092448217,0.790253508563713
-1,3,1-47,Local J-Lens,actual_current_exit,148,True,0.0927257044278321,0.07073030477285794,0.11716503737780332,0.24511213341000573,0.2078780908568143,0.284502587694077,0.5083381253594019,0.45773433007475567,0.5585106382978724,0.1444713355867017,0.11885181317602532,0.17193510529227457,2.029814829632031,1.8839378690934079,2.177766796747254,12.062594413757324,11.082105398983568,13.082700289624771
-1,3,1-47,Local J-Lens,actual_final_exit,148,True,0.09143185738930418,0.06958021851638871,0.11572742955721675,0.24324324324324326,0.20600920069005177,0.28263729154686573,0.5040253018976423,0.4534179125934445,0.5540540540540542,0.1432929559482191,0.11755823341425414,0.17064759291851195,2.0369444746922727,1.8904776175772557,2.18653294619922,12.465359687805176,11.486400494462737,13.482009917175448
-1,3,1-47,Final J-Lens,actual_current_exit,148,False,0.046003450258769396,0.02889232317423806,0.06541115583668776,,,,,,,,,,,,,,,
-1,3,1-47,Final J-Lens,actual_final_exit,148,True,0.0444220816561242,0.02717078780908568,0.06382978723404253,0.33323749281196086,0.2780333525014376,0.3891604370327775,0.6602932719953996,0.5917193789534214,0.7268581081081079,0.13083135607190538,0.105668563235734,0.157896117000649,1.691853375718686,1.526614057611467,1.8636603205476712,7.938467502593994,7.548451264162321,8.326985726686747
-1,3,1-47,Logit lens,actual_current_exit,148,False,0.15339275445658423,0.1269407705577918,0.1814261069580219,,,,,,,,,,,,,,,
-1,3,1-47,Logit lens,actual_final_exit,148,True,0.14735480161012077,0.12047153536515239,0.17567567567567569,0.32029902242668196,0.2814836112708453,0.35925819436457734,0.5060379528464636,0.4670787809085682,0.544565842438183,0.20740087428001816,0.17721692092737296,0.23843094234676102,1.988408143835678,1.85677670366621,2.1217634862117443,7.76849365234375,7.442483717766967,8.093845581686177
-1,3,41-47,Local J-Lens,actual_current_exit,148,True,0.33687258687258675,0.2876447876447874,0.38803088803088776,0.6023166023166023,0.5472972972972973,0.6563706563706564,0.8204633204633204,0.7731660231660231,0.8658301158301158,0.43028960194682997,0.3809613622222927,0.48004613370746924,0.9985153288555387,0.8563629353209291,1.1477166400641976,5.613527774810791,5.039783953678971,6.188532266277519
-1,3,41-47,Local J-Lens,actual_final_exit,148,True,0.3330115830115829,0.28281853281853264,0.3841698841698839,0.6138996138996138,0.5598455598455598,0.666988416988417,0.8252895752895753,0.7789575289575288,0.8696911196911196,0.4303809259466037,0.38027149858454223,0.479650848777986,0.9692068234013728,0.8354194524685851,1.1113649327069286,5.940578460693359,5.342437686776189,6.540797747299074
-1,3,41-47,Final J-Lens,actual_current_exit,148,False,0.02702702702702702,0.013513513513513513,0.04343629343629344,,,,,,,,,,,,,,,
-1,3,41-47,Final J-Lens,actual_final_exit,148,True,0.024131274131274128,0.010617760617760617,0.04054054054054054,0.34652509652509644,0.2857142857142857,0.4083011583011583,0.694980694980695,0.6245173745173745,0.7615830115830116,0.11433375335858745,0.09177955490416531,0.13861521011063838,1.6303844333514697,1.472381742046253,1.7977579214343422,7.285454750061035,6.89991201206639,7.6692216533261375
-1,3,41-47,Logit lens,actual_current_exit,148,False,0.4845559845559846,0.4208494208494206,0.548262548262548,,,,,,,,,,,,,,,
-1,3,41-47,Logit lens,actual_final_exit,148,True,0.46911196911196923,0.40347490347490317,0.5347490347490343,0.7451737451737451,0.6881998069498069,0.7992277992277992,0.9208494208494208,0.8899613899613898,0.9488416988416988,0.5623161348352811,0.5026967195810074,0.6208814178987675,0.6004191667742518,0.4995827362006479,0.7063381759976084,3.209130048751831,2.8022890145865245,3.646327903597439
-1,3,41-48,Local J-Lens,actual_current_exit,148,True,0.4197635135135135,0.3766891891891889,0.46452702702702686,0.652027027027027,0.6038851351351351,0.6993243243243245,0.8429054054054054,0.8015202702702702,0.8826013513513513,0.5015034017034763,0.4583411919445062,0.5450403669940356,0.8737009127485965,0.7493175684058129,1.0042520600561728,4.91183614730835,4.409810914124388,5.414965635764639
-1,3,41-48,Local J-Lens,actual_final_exit,148,True,0.39780405405405406,0.35050675675675674,0.44510135135135104,0.660472972972973,0.6123310810810811,0.7077702702702702,0.8471283783783784,0.8065878378378377,0.8859797297297296,0.48946103167474975,0.44417905673521985,0.5340933575148832,0.8579483954883875,0.7401743983378696,0.9835822797444127,5.208723545074463,4.686142156567626,5.733206935395564
-1,3,41-48,Final J-Lens,actual_current_exit,148,False,0.02533783783783784,0.01266891891891892,0.04054054054054054,,,,,,,,,,,,,,,
-1,3,41-48,Final J-Lens,actual_final_exit,148,True,0.022804054054054054,0.010135135135135136,0.03800675675675676,0.31503378378378377,0.26182432432432434,0.3690878378378379,0.6570945945945946,0.5920608108108109,0.7187500000000001,0.10604454331249591,0.08555682912166725,0.12823282557982066,1.715106227438468,1.5674402331934036,1.8707074619445596,7.5107526779174805,7.11717867810984,7.903246400203254
-1,3,41-48,Logit lens,actual_current_exit,148,False,0.5489864864864865,0.49324324324324315,0.6047297297297297,,,,,,,,,,,,,,,
-1,3,41-48,Logit lens,actual_final_exit,148,True,0.5168918918918919,0.45608108108108086,0.5768581081081083,0.7753378378378378,0.7246621621621622,0.8234797297297297,0.9307432432432432,0.9037162162162161,0.9552364864864864,0.6049043394523425,0.5502608838563653,0.6582512142569522,0.5352591959396567,0.4456427344899074,0.6300650542471363,2.818706512451172,2.4635810129923397,3.201770055445062
-1,3,48,Local J-Lens,actual_current_exit,148,True,1.0,1.0,1.000000000000001,1.0,0.9999999999999997,1.0,1.0,0.9999999999999997,1.0,1.0,0.9999999999999997,1.0,0.0,0.0,0.0,0.0,0.0,0.0
-1,3,48,Local J-Lens,actual_final_exit,148,True,0.8513513513513513,0.7905405405405409,0.9054054054054059,0.9864864864864865,0.966216216216216,1.0,1.0,0.9999999999999997,1.0,0.9030217717717719,0.8624235172672672,0.939846096096096,0.0791394000974907,0.046093749746691934,0.11732338374480336,0.08574362844228745,0.06631215539079209,0.10744278279797906
-1,3,48,Final J-Lens,actual_current_exit,148,False,0.013513513513513514,0.0,0.033783783783783786,,,,,,,,,,,,,,,
-1,3,48,Final J-Lens,actual_final_exit,148,True,0.013513513513513514,0.0,0.033783783783783786,0.0945945945945946,0.0472972972972973,0.14189189189189189,0.3918918918918919,0.31756756756756754,0.47297297297297297,0.04802007298985502,0.027272145593866755,0.0727422661734925,2.3081587860474597,2.1476054386128944,2.466483187446714,9.087838172912598,8.595426934957505,9.605791448016426
-1,3,48,Logit lens,actual_current_exit,148,False,1.0,1.0,1.000000000000001,,,,,,,,,,,,,,,
-1,3,48,Logit lens,actual_final_exit,148,True,0.8513513513513513,0.7905405405405409,0.9054054054054059,0.9864864864864865,0.966216216216216,1.0,1.0,0.9999999999999997,1.0,0.9030217717717719,0.8624235172672672,0.939846096096096,0.0791394000974907,0.046093749746691934,0.11732338374480336,0.08574362844228745,0.06631215539079209,0.10744278279797906
-1,4,1-47,Local J-Lens,actual_current_exit,148,True,0.14936745255894193,0.12047153536515241,0.17970097757331788,0.3895917193789534,0.33783424381828636,0.44134919493962016,0.6523864289821738,0.5961759631972399,0.7068717653824037,0.22763107743378205,0.19354761117364888,0.2628183279609322,1.6073839148053584,1.4455219049856725,1.774980994353735,12.00096321105957,11.090666970328705,12.927451690588446
-1,4,1-47,Local J-Lens,actual_final_exit,148,True,0.14936745255894193,0.12047153536515241,0.17970097757331788,0.3895917193789534,0.33783424381828636,0.44134919493962016,0.6523864289821738,0.5961759631972399,0.7068717653824037,0.22763107743378205,0.19354761117364888,0.2628183279609322,1.6073839148053584,1.4455219049856725,1.774980994353735,12.00096321105957,11.090666970328705,12.927451690588446
-1,4,1-47,Final J-Lens,actual_current_exit,148,True,0.14936745255894193,0.12047153536515241,0.17970097757331788,0.3895917193789534,0.33783424381828636,0.44134919493962016,0.6523864289821738,0.5961759631972399,0.7068717653824037,0.22763107743378205,0.19354761117364888,0.2628183279609322,1.6073839148053584,1.4455219049856725,1.774980994353735,12.00096321105957,11.090666970328705,12.927451690588446
-1,4,1-47,Final J-Lens,actual_final_exit,148,True,0.14936745255894193,0.12047153536515241,0.17970097757331788,0.3895917193789534,0.33783424381828636,0.44134919493962016,0.6523864289821738,0.5961759631972399,0.7068717653824037,0.22763107743378205,0.19354761117364888,0.2628183279609322,1.6073839148053584,1.4455219049856725,1.774980994353735,12.00096321105957,11.090666970328705,12.927451690588446
-1,4,1-47,Logit lens,actual_current_exit,148,True,0.17625071880391033,0.14778608395629672,0.20615655549166167,0.36069580218516384,0.32058654399079933,0.4012363427257044,0.5572167912593444,0.5189764232317424,0.5963197239792984,0.24057588836980387,0.20880096176763435,0.2730614144138603,1.8024797814669837,1.675985383662301,1.9277434610095059,7.49714469909668,7.184389342085736,7.8096490174934665
-1,4,1-47,Logit lens,actual_final_exit,148,True,0.17625071880391033,0.14778608395629672,0.20615655549166167,0.36069580218516384,0.32058654399079933,0.4012363427257044,0.5572167912593444,0.5189764232317424,0.5963197239792984,0.24057588836980387,0.20880096176763435,0.2730614144138603,1.8024797814669837,1.675985383662301,1.9277434610095059,7.49714469909668,7.184389342085736,7.8096490174934665
-1,4,41-47,Local J-Lens,actual_current_exit,148,True,0.39382239382239376,0.3416988416988414,0.4469111969111966,0.7017374517374517,0.6467181467181466,0.7538610038610039,0.8735521235521235,0.8301158301158301,0.9131274131274131,0.5009442133746042,0.45014205984648126,0.5511449112835967,0.7747533840187517,0.6461575833074502,0.9127389998069662,5.268132209777832,4.728825114320058,5.81248698042756
-1,4,41-47,Local J-Lens,actual_final_exit,148,True,0.39382239382239376,0.3416988416988414,0.4469111969111966,0.7017374517374517,0.6467181467181466,0.7538610038610039,0.8735521235521235,0.8301158301158301,0.9131274131274131,0.5009442133746042,0.45014205984648126,0.5511449112835967,0.7747533840187517,0.6461575833074502,0.9127389998069662,5.268132209777832,4.728825114320058,5.81248698042756
-1,4,41-47,Final J-Lens,actual_current_exit,148,True,0.39382239382239376,0.3416988416988414,0.4469111969111966,0.7017374517374517,0.6467181467181466,0.7538610038610039,0.8735521235521235,0.8301158301158301,0.9131274131274131,0.5009442133746042,0.45014205984648126,0.5511449112835967,0.7747533840187517,0.6461575833074502,0.9127389998069662,5.268132209777832,4.728825114320058,5.81248698042756
-1,4,41-47,Final J-Lens,actual_final_exit,148,True,0.39382239382239376,0.3416988416988414,0.4469111969111966,0.7017374517374517,0.6467181467181466,0.7538610038610039,0.8735521235521235,0.8301158301158301,0.9131274131274131,0.5009442133746042,0.45014205984648126,0.5511449112835967,0.7747533840187517,0.6461575833074502,0.9127389998069662,5.268132209777832,4.728825114320058,5.81248698042756
-1,4,41-47,Logit lens,actual_current_exit,148,True,0.5521235521235521,0.48745173745173714,0.6158301158301157,0.8108108108108109,0.7596525096525096,0.8581081081081081,0.9536679536679536,0.9295366795366793,0.9749034749034748,0.6416330877019204,0.5838491820539043,0.6977789111203012,0.4591294869527033,0.36950907085621554,0.5554339349901788,2.59808087348938,2.2566194286129466,2.9587006383877545
-1,4,41-47,Logit lens,actual_final_exit,148,True,0.5521235521235521,0.48745173745173714,0.6158301158301157,0.8108108108108109,0.7596525096525096,0.8581081081081081,0.9536679536679536,0.9295366795366793,0.9749034749034748,0.6416330877019204,0.5838491820539043,0.6977789111203012,0.4591294869527033,0.36950907085621554,0.5554339349901788,2.59808087348938,2.2566194286129466,2.9587006383877545
-1,4,41-48,Local J-Lens,actual_current_exit,148,True,0.46959459459459457,0.4239864864864862,0.516047297297297,0.7390202702702703,0.6908783783783784,0.7846283783783785,0.8893581081081081,0.8513513513513513,0.9239864864864864,0.5633261867027788,0.5188743023656711,0.6072517973731472,0.6779092110164077,0.5653878853940189,0.7986466248310953,4.609614849090576,4.137721954746725,5.085926109537281
-1,4,41-48,Local J-Lens,actual_final_exit,148,True,0.46959459459459457,0.4239864864864862,0.516047297297297,0.7390202702702703,0.6908783783783784,0.7846283783783785,0.8893581081081081,0.8513513513513513,0.9239864864864864,0.5633261867027788,0.5188743023656711,0.6072517973731472,0.6779092110164077,0.5653878853940189,0.7986466248310953,4.609614849090576,4.137721954746725,5.085926109537281
-1,4,41-48,Final J-Lens,actual_current_exit,148,True,0.46959459459459457,0.4239864864864862,0.516047297297297,0.7390202702702703,0.6908783783783784,0.7846283783783785,0.8893581081081081,0.8513513513513513,0.9239864864864864,0.5633261867027788,0.5188743023656711,0.6072517973731472,0.6779092110164077,0.5653878853940189,0.7986466248310953,4.609614849090576,4.137721954746725,5.085926109537281
-1,4,41-48,Final J-Lens,actual_final_exit,148,True,0.46959459459459457,0.4239864864864862,0.516047297297297,0.7390202702702703,0.6908783783783784,0.7846283783783785,0.8893581081081081,0.8513513513513513,0.9239864864864864,0.5633261867027788,0.5188743023656711,0.6072517973731472,0.6779092110164077,0.5653878853940189,0.7986466248310953,4.609614849090576,4.137721954746725,5.085926109537281
-1,4,41-48,Logit lens,actual_current_exit,148,True,0.6081081081081081,0.5515202702702703,0.6638513513513515,0.8344594594594594,0.7896959459459459,0.8758445945945945,0.9594594594594594,0.9383445945945944,0.9780405405405406,0.6864289517391804,0.6358680342971663,0.7355565472302635,0.4017383010836154,0.3233204369991886,0.4860046931164064,2.2733206748962402,1.9745420248499395,2.5888631086595155
-1,4,41-48,Logit lens,actual_final_exit,148,True,0.6081081081081081,0.5515202702702703,0.6638513513513515,0.8344594594594594,0.7896959459459459,0.8758445945945945,0.9594594594594594,0.9383445945945944,0.9780405405405406,0.6864289517391804,0.6358680342971663,0.7355565472302635,0.4017383010836154,0.3233204369991886,0.4860046931164064,2.2733206748962402,1.9745420248499395,2.5888631086595155
-1,4,48,Local J-Lens,actual_current_exit,148,True,1.0,1.0,1.000000000000001,1.0,0.9999999999999997,1.0,1.0,0.9999999999999997,1.0,1.0,0.9999999999999997,1.0,0.0,0.0,0.0,0.0,0.0,0.0
-1,4,48,Local J-Lens,actual_final_exit,148,True,1.0,1.0,1.000000000000001,1.0,0.9999999999999997,1.0,1.0,0.9999999999999997,1.0,1.0,0.9999999999999997,1.0,0.0,0.0,0.0,0.0,0.0,0.0
-1,4,48,Final J-Lens,actual_current_exit,148,True,1.0,1.0,1.000000000000001,1.0,0.9999999999999997,1.0,1.0,0.9999999999999997,1.0,1.0,0.9999999999999997,1.0,0.0,0.0,0.0,0.0,0.0,0.0
-1,4,48,Final J-Lens,actual_final_exit,148,True,1.0,1.0,1.000000000000001,1.0,0.9999999999999997,1.0,1.0,0.9999999999999997,1.0,1.0,0.9999999999999997,1.0,0.0,0.0,0.0,0.0,0.0,0.0
-1,4,48,Logit lens,actual_current_exit,148,True,1.0,1.0,1.000000000000001,1.0,0.9999999999999997,1.0,1.0,0.9999999999999997,1.0,1.0,0.9999999999999997,1.0,0.0,0.0,0.0,0.0,0.0,0.0
-1,4,48,Logit lens,actual_final_exit,148,True,1.0,1.0,1.000000000000001,1.0,0.9999999999999997,1.0,1.0,0.9999999999999997,1.0,1.0,0.9999999999999997,1.0,0.0,0.0,0.0,0.0,0.0,0.0
-2,1,1-47,Local J-Lens,actual_current_exit,148,True,0.06670500287521566,0.05419781483611272,0.07964347326049452,0.21679125934445082,0.18573893041978148,0.24956871765382405,0.38355376653248985,0.3445945945945946,0.4236666187464057,0.11985586301144244,0.10219726604346199,0.13823369280744782,2.4616746006494616,2.321077524427133,2.598087981931451,4.292266845703125,3.9442478650526422,4.655692200221726
-2,1,1-47,Local J-Lens,actual_final_exit,148,True,0.05592294422081656,0.0441345600920069,0.06828637147786085,0.18962047153536518,0.16288096607245545,0.21765382403680275,0.3654399079930994,0.3294997124784359,0.4025301897642324,0.09991384639104202,0.08469753739692197,0.11571325271836495,2.5128131888387264,2.387262577800252,2.6336110789383165,7.414385795593262,7.210086603341876,7.627661726603637
-2,1,1-47,Final J-Lens,actual_current_exit,148,False,0.0001437607820586544,0.0,0.00043128234617596323,,,,,,,,,,,,,,,
-2,1,1-47,Final J-Lens,actual_final_exit,148,True,0.0,0.0,0.0,0.0011500862564692352,0.0,0.0025876940770557795,0.029902242668200116,0.022714203565267398,0.03766532489936745,0.001312692147681929,0.0009074297417421761,0.0018528711868223279,3.937903581188432,3.8902817970137837,3.98656218884928,10.866372108459473,10.69796614711349,11.033495615785188
-2,1,1-47,Logit lens,actual_current_exit,148,False,0.13182863714778612,0.11371477860839563,0.15037377803335258,,,,,,,,,,,,,,,
-2,1,1-47,Logit lens,actual_final_exit,148,True,0.11242093156986785,0.09574468085106384,0.12938470385278894,0.22987349051178838,0.21017826336975276,0.2498562392179413,0.4071305347901093,0.3854226566992524,0.42884200690051727,0.15167417213080733,0.13494298986242007,0.16870510976797526,2.2770721489889283,2.203601846120334,2.3502200396548463,7.222936630249023,7.03363737012889,7.414727246600228
-2,1,41-47,Local J-Lens,actual_current_exit,148,True,0.32915057915057905,0.27316602316602306,0.38706563706563685,0.5154440154440154,0.46138996138996136,0.5704633204633203,0.7345559845559844,0.6872586872586872,0.7799227799227799,0.39015577420975217,0.3360907870504112,0.4453349271739777,1.2347291549212023,1.0822680068840673,1.3885518484972055,2.399449110031128,2.2170021320690045,2.57152740385484
-2,1,41-47,Local J-Lens,actual_final_exit,148,True,0.2982625482625481,0.24131274131274122,0.3590733590733588,0.4816602316602316,0.4237451737451737,0.5415057915057915,0.6891891891891891,0.638030888030888,0.7393822393822393,0.35823964043834494,0.3023683180458115,0.4167056070979285,1.3804541269651673,1.2104869569584666,1.5542118998451986,3.7740511894226074,3.450174351183799,4.088755555704513
-2,1,41-47,Final J-Lens,actual_current_exit,148,False,0.0009652509652509652,0.0,0.0028957528957528956,,,,,,,,,,,,,,,
-2,1,41-47,Final J-Lens,actual_final_exit,148,True,0.0,0.0,0.0,0.007722007722007721,0.0,0.017374517374517374,0.19980694980694982,0.15154440154440155,0.250965250965251,0.007890348619202072,0.005234869338937434,0.011459329135737039,2.8234016429129203,2.691087318419513,2.9562807041474843,9.727298736572266,9.500085002506102,9.95189958416127
-2,1,41-47,Logit lens,actual_current_exit,148,False,0.49517374517374524,0.4285714285714282,0.5608108108108109,,,,,,,,,,,,,,,
-2,1,41-47,Logit lens,actual_final_exit,148,True,0.40637065637065645,0.34073359073359055,0.4729729729729727,0.7094594594594594,0.6534749034749034,0.7644787644787645,0.9015444015444016,0.8629343629343629,0.9362934362934363,0.5050074539380245,0.4454025348475882,0.5652308382566242,0.7074552719365013,0.5939525920893819,0.8238058917429147,2.4074060916900635,2.1482153693980197,2.6693416175769156
-2,1,41-48,Local J-Lens,actual_current_exit,148,True,0.41300675675675674,0.36402027027027023,0.4636824324324323,0.5760135135135135,0.5287162162162162,0.6241554054054054,0.7677364864864865,0.7263513513513513,0.8074324324324325,0.466386302433533,0.41907943866910974,0.5146680612772305,1.0803880105560522,0.9469845060235591,1.214982867435055,2.099517822265625,1.9398768757973373,2.2500864648131174
-2,1,41-48,Local J-Lens,actual_final_exit,148,True,0.35135135135135137,0.2972972972972973,0.40793918918918887,0.543918918918919,0.4923986486486487,0.5962837837837839,0.7271959459459459,0.6824324324324325,0.7711148648648649,0.4171755511584476,0.3659473297800871,0.4702465184078195,1.2253257089483347,1.0738891229987892,1.380355044979347,3.5021932125091553,3.206129741387417,3.787289837444504
-2,1,41-48,Final J-Lens,actual_current_exit,148,False,0.0016891891891891893,0.0,0.005067567567567568,,,,,,,,,,,,,,,
-2,1,41-48,Final J-Lens,actual_final_exit,148,True,0.0,0.0,0.0,0.007601351351351352,0.0,0.017736486486486486,0.19679054054054054,0.14864864864864866,0.2483108108108108,0.007532962036614811,0.004999899449067445,0.010905212092678761,2.8711022298081468,2.739185906045313,3.003750862173331,9.790060997009277,9.558568419153627,10.018019148465749
-2,1,41-48,Logit lens,actual_current_exit,148,False,0.558277027027027,0.49999999999999983,0.6157094594594595,,,,,,,,,,,,,,,
-2,1,41-48,Logit lens,actual_final_exit,148,True,0.44594594594594594,0.3834459459459458,0.5092905405405402,0.7432432432432432,0.6925675675675677,0.7922297297297297,0.9130067567567568,0.8783783783783783,0.9442567567567567,0.5455973879706671,0.4900148588034755,0.6015522390754999,0.6364517107982514,0.533618133508612,0.7416592169387334,2.3063788414001465,2.0600722127987354,2.553371621193081
-2,1,48,Local J-Lens,actual_current_exit,148,True,1.0,1.0,1.000000000000001,1.0,0.9999999999999997,1.0,1.0,0.9999999999999997,1.0,1.0,0.9999999999999997,1.0,0.0,0.0,0.0,0.0,0.0,0.0
-2,1,48,Local J-Lens,actual_final_exit,148,True,0.722972972972973,0.6486486486486487,0.7972972972972971,0.9797297297297297,0.9527027027027026,0.9999999999999999,0.9932432432432432,0.9797297297297295,1.0,0.8297269261991668,0.7827541915262916,0.875112928940176,0.139426782830504,0.09325631788308747,0.19539161065686664,1.5991847515106201,1.3460911750716371,1.857992200428349
-2,1,48,Final J-Lens,actual_current_exit,148,False,0.006756756756756757,0.0,0.02027027027027027,,,,,,,,,,,,,,,
-2,1,48,Final J-Lens,actual_final_exit,148,True,0.0,0.0,0.0,0.006756756756756757,0.0,0.02027027027027027,0.17567567567567569,0.11486486486486487,0.2364864864864865,0.005031255958503976,0.0032440303824576994,0.007285901250263123,3.2050063380747345,3.05360492325199,3.3538782382696426,10.229402542114258,9.915525428024496,10.54533995019423
-2,1,48,Logit lens,actual_current_exit,148,False,1.0,1.0,1.000000000000001,,,,,,,,,,,,,,,
-2,1,48,Logit lens,actual_final_exit,148,True,0.722972972972973,0.6486486486486487,0.7972972972972971,0.9797297297297297,0.9527027027027026,0.9999999999999999,0.9932432432432432,0.9797297297297295,1.0,0.8297269261991668,0.7827541915262916,0.875112928940176,0.139426782830504,0.09325631788308747,0.19539161065686664,1.5991847515106201,1.3460911750716371,1.857992200428349
-2,2,1-47,Local J-Lens,actual_current_exit,148,True,0.0652673950546291,0.05333525014376075,0.07806210465784932,0.18200115008625645,0.1569867740080506,0.20802185163887293,0.42970097757331793,0.386860264519839,0.47412305922944226,0.10891280103286068,0.09441004180819022,0.12382480865188694,2.202162401390554,2.0903547837429723,2.3130262553249197,6.008183479309082,5.663920804596431,6.360876214745883
-2,2,1-47,Local J-Lens,actual_final_exit,148,True,0.062392179413456,0.049884991374353066,0.07561817136285222,0.16086831512363425,0.1374353076480736,0.1850201265094882,0.39577343300747553,0.35465784933870037,0.43775158136860265,0.09971443823268425,0.0851711669638021,0.11468128406656815,2.2506615662406704,2.147385663448508,2.3534032125557194,7.005959987640381,6.741392929006268,7.277308261434774
-2,2,1-47,Final J-Lens,actual_current_exit,148,False,0.0002875215641173088,0.0,0.0008625646923519265,,,,,,,,,,,,,,,
-2,2,1-47,Final J-Lens,actual_final_exit,148,True,0.0002875215641173088,0.0,0.0008625646923519265,0.04427832087406556,0.02487061529614721,0.06756756756756757,0.3716216216216216,0.3162737205290397,0.4281196089706728,0.02008434441588355,0.014099355608733537,0.027622595565914967,2.372564548130613,2.2544587001428056,2.4898968757630486,9.002832412719727,8.676173428707834,9.324375404820248
-2,2,1-47,Logit lens,actual_current_exit,148,False,0.14807360552041396,0.1312535940195515,0.165181138585394,,,,,,,,,,,,,,,
-2,2,1-47,Logit lens,actual_final_exit,148,True,0.13729154686601486,0.12061529614721109,0.15425531914893623,0.27702702702702703,0.25618171362852216,0.2980161012075906,0.4844738355376654,0.45888441633122484,0.5109258194364578,0.18700678273138413,0.16978072721909618,0.20451460575568098,2.0438049885283065,1.9593115927520743,2.1285031872130515,6.78378438949585,6.6065535913448095,6.963759433176068
-2,2,41-47,Local J-Lens,actual_current_exit,148,True,0.3494208494208495,0.2895752895752894,0.4121621621621619,0.5434362934362934,0.48262548262548266,0.6042471042471041,0.7335907335907336,0.6805019305019305,0.7847490347490347,0.41850386226556074,0.360556499424273,0.47820488609669687,1.1649729935441895,0.9999064201276575,1.3322243194705436,2.987647771835327,2.6893109062960296,3.274975113066171
-2,2,41-47,Local J-Lens,actual_final_exit,148,True,0.32142857142857145,0.2606177606177606,0.38610038610038583,0.5048262548262548,0.4430501930501931,0.5666023166023166,0.7123552123552124,0.6621621621621621,0.7615830115830116,0.38842892430898507,0.3303554201754044,0.44974396455533266,1.2411116013825256,1.0760069020537952,1.4077795030785392,3.4318556785583496,3.0787442987857108,3.7826968454211523
-2,2,41-47,Final J-Lens,actual_current_exit,148,False,0.0019305019305019303,0.0,0.005791505791505791,,,,,,,,,,,,,,,
-2,2,41-47,Final J-Lens,actual_final_exit,148,True,0.0019305019305019303,0.0,0.005791505791505791,0.13996138996138996,0.0888030888030888,0.19498069498069498,0.6148648648648649,0.5444015444015444,0.6843629343629344,0.04253322937621876,0.030946937418549075,0.056387520457472945,1.8914154280705535,1.7721417964427992,2.0122543589700417,8.27256965637207,7.906867662193002,8.6319840333349
-2,2,41-47,Logit lens,actual_current_exit,148,False,0.48841698841698855,0.42181467181467147,0.5569498069498067,,,,,,,,,,,,,,,
-2,2,41-47,Logit lens,actual_final_exit,148,True,0.4295366795366797,0.36293436293436276,0.4980694980694978,0.7393822393822393,0.6833976833976834,0.7934362934362933,0.9401544401544403,0.9111969111969112,0.966216216216216,0.5354804770785377,0.4760205959043741,0.5958697977661472,0.607111690919699,0.5076686427061353,0.7097451989970839,1.9448662996292114,1.7281945136440227,2.171158726901332
-2,2,41-48,Local J-Lens,actual_current_exit,148,True,0.43074324324324326,0.3783783783783782,0.4856418918918916,0.6005067567567568,0.5472972972972974,0.6537162162162162,0.7668918918918919,0.7204391891891891,0.8116554054054054,0.49119087948236567,0.4404869369962388,0.5434292753346097,1.019351369351166,0.8749181176117004,1.1656962795367258,2.6141915321350098,2.353147073106752,2.8656032322265674
-2,2,41-48,Local J-Lens,actual_final_exit,148,True,0.38682432432432434,0.3310810810810809,0.44594594594594567,0.5658783783783784,0.5118243243243243,0.6199324324324325,0.7483108108108109,0.7043918918918919,0.7913851351351351,0.45359741155496475,0.4008728625896536,0.5087124019845503,1.094244936985268,0.9486794821708856,1.2413674725181683,3.060720205307007,2.7475309929338514,3.368719289542453
-2,2,41-48,Final J-Lens,actual_current_exit,148,False,0.0016891891891891893,0.0,0.005067567567567568,,,,,,,,,,,,,,,
-2,2,41-48,Final J-Lens,actual_final_exit,148,True,0.0016891891891891893,0.0,0.005067567567567568,0.13513513513513514,0.08614864864864866,0.1883445945945946,0.6013513513513513,0.5320945945945946,0.6697635135135136,0.04131261382840759,0.0300261491752195,0.05484845040340361,1.9169141414725643,1.7964744025388348,2.038906994830661,8.227890014648438,7.867433420991576,8.580368426603242
-2,2,41-48,Logit lens,actual_current_exit,148,False,0.5523648648648649,0.49408783783783766,0.6123310810810805,,,,,,,,,,,,,,,
-2,2,41-48,Logit lens,actual_final_exit,148,True,0.4814189189189189,0.42060810810810784,0.5439189189189189,0.7711148648648649,0.7221283783783783,0.8184121621621622,0.9476351351351351,0.9222972972972973,0.970439189189189,0.5822675202283232,0.5282368198548266,0.6369118586060579,0.5394950153302948,0.4509401380971878,0.6306389537693807,1.759604811668396,1.5657642785141974,1.9622197113839934
-2,2,48,Local J-Lens,actual_current_exit,148,True,1.0,1.0,1.000000000000001,1.0,0.9999999999999997,1.0,1.0,0.9999999999999997,1.0,1.0,0.9999999999999997,1.0,0.0,0.0,0.0,0.0,0.0,0.0
-2,2,48,Local J-Lens,actual_final_exit,148,True,0.8445945945945946,0.783783783783784,0.8986486486486492,0.9932432432432432,0.9797297297297295,1.0,1.0,0.9999999999999997,1.0,0.9097768222768221,0.8728393734643735,0.9431306306306304,0.06617828620446499,0.03899136783826368,0.09902358361331197,0.46277284622192383,0.3409339705741307,0.5949832543257206
-2,2,48,Final J-Lens,actual_current_exit,148,False,0.0,0.0,0.0,,,,,,,,,,,,,,,
-2,2,48,Final J-Lens,actual_final_exit,148,True,0.0,0.0,0.0,0.10135135135135136,0.05405405405405406,0.14864864864864866,0.5067567567567568,0.4256756756756757,0.5878378378378378,0.032768304993729416,0.02330914382155941,0.044325804428526135,2.0954051352866365,1.9597060007469669,2.2348140267520678,7.915126323699951,7.572453486597216,8.255142053035465
-2,2,48,Logit lens,actual_current_exit,148,False,1.0,1.0,1.000000000000001,,,,,,,,,,,,,,,
-2,2,48,Logit lens,actual_final_exit,148,True,0.8445945945945946,0.783783783783784,0.8986486486486492,0.9932432432432432,0.9797297297297295,1.0,1.0,0.9999999999999997,1.0,0.9097768222768221,0.8728393734643735,0.9431306306306304,0.06617828620446499,0.03899136783826368,0.09902358361331197,0.46277284622192383,0.3409339705741307,0.5949832543257206
-2,3,1-47,Local J-Lens,actual_current_exit,148,True,0.06469235192639441,0.05247268545140882,0.07777458309373203,0.1699252443933295,0.15051753881541113,0.19091431857389302,0.44537090281771136,0.40425531914893625,0.48706152961472116,0.10288131931582399,0.0896234463486361,0.11695408191808283,2.0543479884070774,1.9628961883530573,2.1475460934200608,6.997713565826416,6.573061283214672,7.449244325024051
-2,3,1-47,Local J-Lens,actual_final_exit,148,True,0.06469235192639443,0.05247268545140881,0.07777458309373203,0.16978148361127085,0.1497987349051179,0.19120184013801034,0.43688901667625074,0.39606095457159296,0.4784358826912019,0.1031381767235098,0.08951996178210085,0.11738869682454216,2.0718600104389124,1.9768873778421434,2.168369618977815,7.169347763061523,6.745769817039773,7.619407077093382
-2,3,1-47,Final J-Lens,actual_current_exit,148,False,0.07202415181138584,0.049884991374353066,0.09703852788959172,,,,,,,,,,,,,,,
-2,3,1-47,Final J-Lens,actual_final_exit,148,True,0.07044278320874064,0.04844738355376654,0.09531339850488788,0.40080506037952845,0.3456009200690052,0.45658424381828644,0.8937607820586545,0.8581081081081081,0.925679269695227,0.18313816585541715,0.15426548099063883,0.21394157168547515,1.1580694790497428,1.0760626643288513,1.2436706723198354,5.628360748291016,5.315621926635504,5.947277155317165
-2,3,1-47,Logit lens,actual_current_exit,148,False,0.15569292696952258,0.1398792409430708,0.172225416906268,,,,,,,,,,,,,,,
-2,3,1-47,Logit lens,actual_final_exit,148,True,0.15554916618746395,0.13916043703277753,0.17251293847038537,0.3060667050028752,0.2859401955146636,0.32604945370902816,0.4943933294997125,0.4739792984473835,0.5152386428982174,0.20644702844474694,0.19010096958249526,0.22308315013312513,1.9983698028059187,1.9241490037485856,2.0728202654741414,6.532735347747803,6.318248872700576,6.746584034932625
-2,3,41-47,Local J-Lens,actual_current_exit,148,True,0.34073359073359083,0.28088803088803066,0.40444015444015424,0.5299227799227799,0.4691119691119691,0.5926640926640926,0.746138996138996,0.696911196911197,0.7934362934362935,0.4109067465381048,0.3528549394033251,0.47244007441904773,1.1127031394273994,0.964403658040266,1.2644353713769192,3.1262259483337402,2.778593608955664,3.4748442369576136
-2,3,41-47,Local J-Lens,actual_final_exit,148,True,0.34169884169884185,0.2808880308880308,0.4063706563706561,0.5212355212355212,0.46042471042471045,0.5830115830115831,0.7403474903474903,0.6911196911196911,0.7886100386100385,0.4091376855652272,0.35075235624817735,0.4709108619370572,1.1347607061087663,0.9817968178501165,1.286709744131734,3.220183849334717,2.8662578750345107,3.574553375265158
-2,3,41-47,Final J-Lens,actual_current_exit,148,False,0.1631274131274131,0.11776061776061778,0.21138996138996133,,,,,,,,,,,,,,,
-2,3,41-47,Final J-Lens,actual_final_exit,148,True,0.15926640926640925,0.11486486486486486,0.2065637065637066,0.5704633204633204,0.5,0.6389961389961389,0.9652509652509653,0.938223938223938,0.9874517374517373,0.3083157231366642,0.26164912850433547,0.3564117454224874,0.8251655209443164,0.7375250990381866,0.9145316788413057,4.508382320404053,4.237918025899577,4.788115929530279
-2,3,41-47,Logit lens,actual_current_exit,148,False,0.4749034749034751,0.40637065637065606,0.5453667953667953,,,,,,,,,,,,,,,
-2,3,41-47,Logit lens,actual_final_exit,148,True,0.47490347490347523,0.40637065637065617,0.5453667953667954,0.7924710424710425,0.7432432432432432,0.8407335907335907,0.9884169884169883,0.9777992277992276,0.9971042471042469,0.5807532763228362,0.521832871659708,0.6410228796121489,0.4948500690404444,0.41018589476705564,0.5794268317696871,1.6225868463516235,1.4758911546027111,1.7682964824410656
-2,3,41-48,Local J-Lens,actual_current_exit,148,True,0.4231418918918919,0.37077702702702664,0.4788851351351349,0.5886824324324325,0.535472972972973,0.643581081081081,0.7778716216216216,0.7347972972972974,0.8192567567567568,0.48454340322084166,0.4337480719779094,0.5383850651166667,0.9736152469989745,0.8438532007852327,1.106380949954804,2.735447883605957,2.4312693781150205,3.0404886493673295
-2,3,41-48,Local J-Lens,actual_final_exit,148,True,0.4197635135135135,0.3665540540540539,0.4763513513513513,0.581081081081081,0.5278716216216217,0.6351351351351352,0.7728040540540541,0.7297297297297298,0.8150337837837838,0.48088398838308727,0.4297606774160031,0.5352027797182859,0.9941868593809137,0.8599021523440191,1.1269982307266841,2.8219175338745117,2.5120529838091996,3.1320578336910767
-2,3,41-48,Final J-Lens,actual_current_exit,148,False,0.14442567567567569,0.10388513513513514,0.1875,,,,,,,,,,,,,,,
-2,3,41-48,Final J-Lens,actual_final_exit,148,True,0.14104729729729729,0.10135135135135134,0.18412162162162157,0.5295608108108109,0.46537162162162166,0.5920608108108109,0.9459459459459459,0.9206081081081079,0.9679054054054054,0.28015299224312074,0.23841002081577584,0.32376334169105864,0.9040028925093789,0.823448357443361,0.986728047646691,4.7267045974731445,4.453172562653955,5.009559506036945
-2,3,41-48,Logit lens,actual_current_exit,148,False,0.5405405405405406,0.48057432432432406,0.6021959459459459,,,,,,,,,,,,,,,
-2,3,41-48,Logit lens,actual_final_exit,148,True,0.5363175675675675,0.4755067567567568,0.5988175675675674,0.8184121621621622,0.7753378378378378,0.8606418918918919,0.9898648648648649,0.9805743243243241,0.997466216216216,0.6310476302959952,0.5790880713851644,0.6841020450304681,0.4342650519461319,0.36001670993968354,0.5086920818058134,1.424019694328308,1.2953754286052077,1.5516990175196976
-2,3,48,Local J-Lens,actual_current_exit,148,True,1.0,1.0,1.000000000000001,1.0,0.9999999999999997,1.0,1.0,0.9999999999999997,1.0,1.0,0.9999999999999997,1.0,0.0,0.0,0.0,0.0,0.0,0.0
-2,3,48,Local J-Lens,actual_final_exit,148,True,0.9662162162162162,0.9324324324324331,0.9932432432432438,1.0,0.9999999999999997,1.0,1.0,0.9999999999999997,1.0,0.9831081081081081,0.9662162162162162,0.9966216216216215,0.01016993228594531,0.0020339864571890624,0.020339864571890624,0.03404936194419861,0.026225313303380186,0.042800452009868345
-2,3,48,Final J-Lens,actual_current_exit,148,False,0.013513513513513514,0.0,0.033783783783783786,,,,,,,,,,,,,,,
-2,3,48,Final J-Lens,actual_final_exit,148,True,0.013513513513513514,0.0,0.033783783783783786,0.24324324324324326,0.17567567567567569,0.31081081081081086,0.8108108108108109,0.7432432432432432,0.8716216216216216,0.0830138759883162,0.06266980189690703,0.10740026234131987,1.4558644934648164,1.357477755912962,1.5548361439537088,6.254961967468262,5.940396353521862,6.573955470122195
-2,3,48,Logit lens,actual_current_exit,148,False,1.0,1.0,1.000000000000001,,,,,,,,,,,,,,,
-2,3,48,Logit lens,actual_final_exit,148,True,0.9662162162162162,0.9324324324324331,0.9932432432432438,1.0,0.9999999999999997,1.0,1.0,0.9999999999999997,1.0,0.9831081081081081,0.9662162162162162,0.9966216216216215,0.01016993228594531,0.0020339864571890624,0.020339864571890624,0.03404936194419861,0.026225313303380186,0.042800452009868345
-2,4,1-47,Local J-Lens,actual_current_exit,148,True,0.06857389304197807,0.05606670500287521,0.081943645773433,0.20600920069005177,0.17970097757331804,0.23389879240943073,0.5303335250143761,0.4876365727429558,0.5728903105232891,0.11867251423652508,0.10370825048477689,0.13452911544092627,1.860306309300166,1.77038245061532,1.9522493484707064,6.999762535095215,6.47338984713361,7.563998573736564
-2,4,1-47,Local J-Lens,actual_final_exit,148,True,0.06857389304197807,0.05606670500287521,0.081943645773433,0.20600920069005177,0.17970097757331804,0.23389879240943073,0.5303335250143761,0.4876365727429558,0.5728903105232891,0.11867251423652508,0.10370825048477689,0.13452911544092627,1.860306309300166,1.77038245061532,1.9522493484707064,6.999762535095215,6.47338984713361,7.563998573736564
-2,4,1-47,Final J-Lens,actual_current_exit,148,True,0.06857389304197807,0.05606670500287521,0.081943645773433,0.20600920069005177,0.17970097757331804,0.23389879240943073,0.5303335250143761,0.4876365727429558,0.5728903105232891,0.11867251423652508,0.10370825048477689,0.13452911544092627,1.860306309300166,1.77038245061532,1.9522493484707064,6.999762535095215,6.47338984713361,7.563998573736564
-2,4,1-47,Final J-Lens,actual_final_exit,148,True,0.06857389304197807,0.05606670500287521,0.081943645773433,0.20600920069005177,0.17970097757331804,0.23389879240943073,0.5303335250143761,0.4876365727429558,0.5728903105232891,0.11867251423652508,0.10370825048477689,0.13452911544092627,1.860306309300166,1.77038245061532,1.9522493484707064,6.999762535095215,6.47338984713361,7.563998573736564
-2,4,1-47,Logit lens,actual_current_exit,148,True,0.15554916618746392,0.14074180563542268,0.17107533064979868,0.3263369752731455,0.3063542265669925,0.3467510063254744,0.5254456584243818,0.5020090569292697,0.5500287521564118,0.21292822748052248,0.1976141846711603,0.2288655268010639,1.9045434754818835,1.8283180003720736,1.9793754622396278,6.336742401123047,6.107291935102359,6.564738889521844
-2,4,1-47,Logit lens,actual_final_exit,148,True,0.15554916618746392,0.14074180563542268,0.17107533064979868,0.3263369752731455,0.3063542265669925,0.3467510063254744,0.5254456584243818,0.5020090569292697,0.5500287521564118,0.21292822748052248,0.1976141846711603,0.2288655268010639,1.9045434754818835,1.8283180003720736,1.9793754622396278,6.336742401123047,6.107291935102359,6.564738889521844
-2,4,41-47,Local J-Lens,actual_current_exit,148,True,0.33976833976834,0.2789575289575288,0.4044401544401542,0.524131274131274,0.4633204633204633,0.5868725868725868,0.7471042471042469,0.6988416988416988,0.7944015444015443,0.4086997143942988,0.3496911292914817,0.4707636328145005,1.1125910442093105,0.963752331281555,1.260402151924368,3.1588850021362305,2.797930704967931,3.521458572744411
-2,4,41-47,Local J-Lens,actual_final_exit,148,True,0.33976833976834,0.2789575289575288,0.4044401544401542,0.524131274131274,0.4633204633204633,0.5868725868725868,0.7471042471042469,0.6988416988416988,0.7944015444015443,0.4086997143942988,0.3496911292914817,0.4707636328145005,1.1125910442093105,0.963752331281555,1.260402151924368,3.1588850021362305,2.797930704967931,3.521458572744411
-2,4,41-47,Final J-Lens,actual_current_exit,148,True,0.33976833976834,0.2789575289575288,0.4044401544401542,0.524131274131274,0.4633204633204633,0.5868725868725868,0.7471042471042469,0.6988416988416988,0.7944015444015443,0.4086997143942988,0.3496911292914817,0.4707636328145005,1.1125910442093105,0.963752331281555,1.260402151924368,3.1588850021362305,2.797930704967931,3.521458572744411
-2,4,41-47,Final J-Lens,actual_final_exit,148,True,0.33976833976834,0.2789575289575288,0.4044401544401542,0.524131274131274,0.4633204633204633,0.5868725868725868,0.7471042471042469,0.6988416988416988,0.7944015444015443,0.4086997143942988,0.3496911292914817,0.4707636328145005,1.1125910442093105,0.963752331281555,1.260402151924368,3.1588850021362305,2.797930704967931,3.521458572744411
-2,4,41-47,Logit lens,actual_current_exit,148,True,0.4633204633204635,0.3957528957528955,0.5328185328185325,0.7972972972972973,0.7471042471042472,0.8445945945945945,0.9758687258687258,0.9584942084942085,0.99034749034749,0.5717650128152097,0.5130714771366137,0.6318045807717145,0.5045827550221049,0.4187455235945655,0.5913984153670326,1.5962274074554443,1.442997121731782,1.7515670274215986
-2,4,41-47,Logit lens,actual_final_exit,148,True,0.4633204633204635,0.3957528957528955,0.5328185328185325,0.7972972972972973,0.7471042471042472,0.8445945945945945,0.9758687258687258,0.9584942084942085,0.99034749034749,0.5717650128152097,0.5130714771366137,0.6318045807717145,0.5045827550221049,0.4187455235945655,0.5913984153670326,1.5962274074554443,1.442997121731782,1.7515670274215986
-2,4,41-48,Local J-Lens,actual_current_exit,148,True,0.4222972972972973,0.3690878378378375,0.47888513513513487,0.5836148648648649,0.5304054054054054,0.6385135135135136,0.7787162162162162,0.7364864864864864,0.8201013513513513,0.4826122500950115,0.4309797381300466,0.536918178712688,0.9735171636831466,0.8432832898713607,1.1028518829338219,2.7640247344970703,2.4481893621709174,3.081276218871573
-2,4,41-48,Local J-Lens,actual_final_exit,148,True,0.4222972972972973,0.3690878378378375,0.47888513513513487,0.5836148648648649,0.5304054054054054,0.6385135135135136,0.7787162162162162,0.7364864864864864,0.8201013513513513,0.4826122500950115,0.4309797381300466,0.536918178712688,0.9735171636831466,0.8432832898713607,1.1028518829338219,2.7640247344970703,2.4481893621709174,3.081276218871573
-2,4,41-48,Final J-Lens,actual_current_exit,148,True,0.4222972972972973,0.3690878378378375,0.47888513513513487,0.5836148648648649,0.5304054054054054,0.6385135135135136,0.7787162162162162,0.7364864864864864,0.8201013513513513,0.4826122500950115,0.4309797381300466,0.536918178712688,0.9735171636831466,0.8432832898713607,1.1028518829338219,2.7640247344970703,2.4481893621709174,3.081276218871573
-2,4,41-48,Final J-Lens,actual_final_exit,148,True,0.4222972972972973,0.3690878378378375,0.47888513513513487,0.5836148648648649,0.5304054054054054,0.6385135135135136,0.7787162162162162,0.7364864864864864,0.8201013513513513,0.4826122500950115,0.4309797381300466,0.536918178712688,0.9735171636831466,0.8432832898713607,1.1028518829338219,2.7640247344970703,2.4481893621709174,3.081276218871573
-2,4,41-48,Logit lens,actual_current_exit,148,True,0.5304054054054054,0.4712837837837837,0.5912162162162159,0.8226351351351351,0.7787162162162162,0.8640202702702702,0.9788851351351351,0.9636824324324325,0.9915540540540538,0.6252943862133086,0.5739375424945371,0.6778290081752502,0.4415099106443417,0.3664023331452447,0.5174736134461535,1.3966988325119019,1.2626224695865342,1.532621145822309
-2,4,41-48,Logit lens,actual_final_exit,148,True,0.5304054054054054,0.4712837837837837,0.5912162162162159,0.8226351351351351,0.7787162162162162,0.8640202702702702,0.9788851351351351,0.9636824324324325,0.9915540540540538,0.6252943862133086,0.5739375424945371,0.6778290081752502,0.4415099106443417,0.3664023331452447,0.5174736134461535,1.3966988325119019,1.2626224695865342,1.532621145822309
-2,4,48,Local J-Lens,actual_current_exit,148,True,1.0,1.0,1.000000000000001,1.0,0.9999999999999997,1.0,1.0,0.9999999999999997,1.0,1.0,0.9999999999999997,1.0,0.0,0.0,0.0,0.0,0.0,0.0
-2,4,48,Local J-Lens,actual_final_exit,148,True,1.0,1.0,1.000000000000001,1.0,0.9999999999999997,1.0,1.0,0.9999999999999997,1.0,1.0,0.9999999999999997,1.0,0.0,0.0,0.0,0.0,0.0,0.0
-2,4,48,Final J-Lens,actual_current_exit,148,True,1.0,1.0,1.000000000000001,1.0,0.9999999999999997,1.0,1.0,0.9999999999999997,1.0,1.0,0.9999999999999997,1.0,0.0,0.0,0.0,0.0,0.0,0.0
-2,4,48,Final J-Lens,actual_final_exit,148,True,1.0,1.0,1.000000000000001,1.0,0.9999999999999997,1.0,1.0,0.9999999999999997,1.0,1.0,0.9999999999999997,1.0,0.0,0.0,0.0,0.0,0.0,0.0
-2,4,48,Logit lens,actual_current_exit,148,True,1.0,1.0,1.000000000000001,1.0,0.9999999999999997,1.0,1.0,0.9999999999999997,1.0,1.0,0.9999999999999997,1.0,0.0,0.0,0.0,0.0,0.0,0.0
-2,4,48,Logit lens,actual_final_exit,148,True,1.0,1.0,1.000000000000001,1.0,0.9999999999999997,1.0,1.0,0.9999999999999997,1.0,1.0,0.9999999999999997,1.0,0.0,0.0,0.0,0.0,0.0,0.0
