position,loop,layers,estimator_a,estimator_b,n_items,n_layers,agreement,ci_low,ci_high
-1,1,1-47,Local J-Lens,Local J-Lens,148,47,1.0,1.0,1.000000000000001
-1,1,1-47,Local J-Lens,Final J-Lens,148,47,0.00646923519263945,0.00488786658999425,0.008194364577343302
-1,1,1-47,Local J-Lens,Logit lens,148,47,0.13844163312248423,0.12507188039102932,0.15253018976423224
-1,1,1-47,Local J-Lens,Actual loop exit,148,47,0.044709603220241506,0.03550891316848762,0.0547728579643473
-1,1,1-47,Local J-Lens,Actual final exit,148,47,0.023145485911443355,0.016388729154686605,0.03105232892466934
-1,1,1-47,Final J-Lens,Local J-Lens,148,47,0.00646923519263945,0.00488786658999425,0.008194364577343302
-1,1,1-47,Final J-Lens,Final J-Lens,148,47,1.0,1.0,1.000000000000001
-1,1,1-47,Final J-Lens,Logit lens,148,47,0.0001437607820586544,0.0,0.00043128234617596323
-1,1,1-47,Final J-Lens,Actual loop exit,148,47,0.0,0.0,0.0
-1,1,1-47,Final J-Lens,Actual final exit,148,47,0.0002875215641173088,0.0,0.0008625646923519265
-1,1,1-47,Logit lens,Local J-Lens,148,47,0.13844163312248423,0.12507188039102932,0.15253018976423224
-1,1,1-47,Logit lens,Final J-Lens,148,47,0.0001437607820586544,0.0,0.00043128234617596323
-1,1,1-47,Logit lens,Logit lens,148,47,1.0,1.0,1.000000000000001
-1,1,1-47,Logit lens,Actual loop exit,148,47,0.09718228867165038,0.07748706152961471,0.11874640598044853
-1,1,1-47,Logit lens,Actual final exit,148,47,0.05117883841288095,0.0359401955146636,0.06886141460609545
-1,1,1-47,Actual loop exit,Local J-Lens,148,47,0.044709603220241506,0.03550891316848762,0.0547728579643473
-1,1,1-47,Actual loop exit,Final J-Lens,148,47,0.0,0.0,0.0
-1,1,1-47,Actual loop exit,Logit lens,148,47,0.09718228867165038,0.07748706152961471,0.11874640598044853
-1,1,1-47,Actual loop exit,Actual loop exit,148,47,1.0,1.0,1.000000000000001
-1,1,1-47,Actual loop exit,Actual final exit,148,47,0.4527027027027027,0.3716216216216215,0.5337837837837837
-1,1,1-47,Actual final exit,Local J-Lens,148,47,0.023145485911443355,0.016388729154686605,0.03105232892466934
-1,1,1-47,Actual final exit,Final J-Lens,148,47,0.0002875215641173088,0.0,0.0008625646923519265
-1,1,1-47,Actual final exit,Logit lens,148,47,0.05117883841288095,0.0359401955146636,0.06886141460609545
-1,1,1-47,Actual final exit,Actual loop exit,148,47,0.4527027027027027,0.3716216216216215,0.5337837837837837
-1,1,1-47,Actual final exit,Actual final exit,148,47,1.0,1.0,1.000000000000001
-1,1,41-47,Local J-Lens,Local J-Lens,148,7,1.0,1.0,1.000000000000001
-1,1,41-47,Local J-Lens,Final J-Lens,148,7,0.0028957528957528956,0.0,0.007722007722007722
-1,1,41-47,Local J-Lens,Logit lens,148,7,0.5115830115830118,0.4671814671814667,0.5569498069498066
-1,1,41-47,Local J-Lens,Actual loop exit,148,7,0.24131274131274116,0.19884169884169878,0.28571428571428553
-1,1,41-47,Local J-Lens,Actual final exit,148,7,0.12741312741312735,0.09749034749034746,0.16023166023166013
-1,1,41-47,Final J-Lens,Local J-Lens,148,7,0.0028957528957528956,0.0,0.007722007722007722
-1,1,41-47,Final J-Lens,Final J-Lens,148,7,1.0,1.0,1.000000000000001
-1,1,41-47,Final J-Lens,Logit lens,148,7,0.0009652509652509652,0.0,0.0028957528957528956
-1,1,41-47,Final J-Lens,Actual loop exit,148,7,0.0,0.0,0.0
-1,1,41-47,Final J-Lens,Actual final exit,148,7,0.0019305019305019303,0.0,0.005791505791505791
-1,1,41-47,Logit lens,Local J-Lens,148,7,0.5115830115830118,0.4671814671814667,0.5569498069498066
-1,1,41-47,Logit lens,Final J-Lens,148,7,0.0009652509652509652,0.0,0.0028957528957528956
-1,1,41-47,Logit lens,Logit lens,148,7,1.0,1.0,1.000000000000001
-1,1,41-47,Logit lens,Actual loop exit,148,7,0.3812741312741311,0.32239382239382225,0.44208494208494176
-1,1,41-47,Logit lens,Actual final exit,148,7,0.20173745173745175,0.15347490347490345,0.2538610038610038
-1,1,41-47,Actual loop exit,Local J-Lens,148,7,0.24131274131274116,0.19884169884169878,0.28571428571428553
-1,1,41-47,Actual loop exit,Final J-Lens,148,7,0.0,0.0,0.0
-1,1,41-47,Actual loop exit,Logit lens,148,7,0.3812741312741311,0.32239382239382225,0.44208494208494176
-1,1,41-47,Actual loop exit,Actual loop exit,148,7,1.0,1.0,1.000000000000001
-1,1,41-47,Actual loop exit,Actual final exit,148,7,0.4527027027027027,0.3716216216216215,0.5337837837837837
-1,1,41-47,Actual final exit,Local J-Lens,148,7,0.12741312741312735,0.09749034749034746,0.16023166023166013
-1,1,41-47,Actual final exit,Final J-Lens,148,7,0.0019305019305019303,0.0,0.005791505791505791
-1,1,41-47,Actual final exit,Logit lens,148,7,0.20173745173745175,0.15347490347490345,0.2538610038610038
-1,1,41-47,Actual final exit,Actual loop exit,148,7,0.4527027027027027,0.3716216216216215,0.5337837837837837
-1,1,41-47,Actual final exit,Actual final exit,148,7,1.0,1.0,1.000000000000001
-1,1,41-48,Local J-Lens,Local J-Lens,148,8,1.0,1.0,1.000000000000001
-1,1,41-48,Local J-Lens,Final J-Lens,148,8,0.002533783783783784,0.0,0.006756756756756757
-1,1,41-48,Local J-Lens,Logit lens,148,8,0.5726351351351351,0.5337837837837837,0.6123310810810809
-1,1,41-48,Local J-Lens,Actual loop exit,148,8,0.33614864864864863,0.29898648648648657,0.375
-1,1,41-48,Local J-Lens,Actual final exit,148,8,0.16807432432432431,0.13597972972972974,0.2010135135135136
-1,1,41-48,Final J-Lens,Local J-Lens,148,8,0.002533783783783784,0.0,0.006756756756756757
-1,1,41-48,Final J-Lens,Final J-Lens,148,8,1.0,1.0,1.000000000000001
-1,1,41-48,Final J-Lens,Logit lens,148,8,0.0008445945945945946,0.0,0.002533783783783784
-1,1,41-48,Final J-Lens,Actual loop exit,148,8,0.0,0.0,0.0
-1,1,41-48,Final J-Lens,Actual final exit,148,8,0.0033783783783783786,0.0,0.009290540540540541
-1,1,41-48,Logit lens,Local J-Lens,148,8,0.5726351351351351,0.5337837837837837,0.6123310810810809
-1,1,41-48,Logit lens,Final J-Lens,148,8,0.0008445945945945946,0.0,0.002533783783783784
-1,1,41-48,Logit lens,Logit lens,148,8,1.0,1.0,1.000000000000001
-1,1,41-48,Logit lens,Actual loop exit,148,8,0.45861486486486486,0.4070945945945945,0.5118243243243241
-1,1,41-48,Logit lens,Actual final exit,148,8,0.23310810810810811,0.18496621621621626,0.2837837837837838
-1,1,41-48,Actual loop exit,Local J-Lens,148,8,0.33614864864864863,0.29898648648648657,0.375
-1,1,41-48,Actual loop exit,Final J-Lens,148,8,0.0,0.0,0.0
-1,1,41-48,Actual loop exit,Logit lens,148,8,0.45861486486486486,0.4070945945945945,0.5118243243243241
-1,1,41-48,Actual loop exit,Actual loop exit,148,8,1.0,1.0,1.000000000000001
-1,1,41-48,Actual loop exit,Actual final exit,148,8,0.4527027027027027,0.3716216216216215,0.5337837837837837
-1,1,41-48,Actual final exit,Local J-Lens,148,8,0.16807432432432431,0.13597972972972974,0.2010135135135136
-1,1,41-48,Actual final exit,Final J-Lens,148,8,0.0033783783783783786,0.0,0.009290540540540541
-1,1,41-48,Actual final exit,Logit lens,148,8,0.23310810810810811,0.18496621621621626,0.2837837837837838
-1,1,41-48,Actual final exit,Actual loop exit,148,8,0.4527027027027027,0.3716216216216215,0.5337837837837837
-1,1,41-48,Actual final exit,Actual final exit,148,8,1.0,1.0,1.000000000000001
-1,1,48,Local J-Lens,Local J-Lens,148,1,1.0,1.0,1.000000000000001
-1,1,48,Local J-Lens,Final J-Lens,148,1,0.0,0.0,0.0
-1,1,48,Local J-Lens,Logit lens,148,1,1.0,1.0,1.000000000000001
-1,1,48,Local J-Lens,Actual loop exit,148,1,1.0,1.0,1.000000000000001
-1,1,48,Local J-Lens,Actual final exit,148,1,0.4527027027027027,0.3716216216216215,0.5337837837837837
-1,1,48,Final J-Lens,Local J-Lens,148,1,0.0,0.0,0.0
-1,1,48,Final J-Lens,Final J-Lens,148,1,1.0,1.0,1.000000000000001
-1,1,48,Final J-Lens,Logit lens,148,1,0.0,0.0,0.0
-1,1,48,Final J-Lens,Actual loop exit,148,1,0.0,0.0,0.0
-1,1,48,Final J-Lens,Actual final exit,148,1,0.013513513513513514,0.0,0.033783783783783786
-1,1,48,Logit lens,Local J-Lens,148,1,1.0,1.0,1.000000000000001
-1,1,48,Logit lens,Final J-Lens,148,1,0.0,0.0,0.0
-1,1,48,Logit lens,Logit lens,148,1,1.0,1.0,1.000000000000001
-1,1,48,Logit lens,Actual loop exit,148,1,1.0,1.0,1.000000000000001
-1,1,48,Logit lens,Actual final exit,148,1,0.4527027027027027,0.3716216216216215,0.5337837837837837
-1,1,48,Actual loop exit,Local J-Lens,148,1,1.0,1.0,1.000000000000001
-1,1,48,Actual loop exit,Final J-Lens,148,1,0.0,0.0,0.0
-1,1,48,Actual loop exit,Logit lens,148,1,1.0,1.0,1.000000000000001
-1,1,48,Actual loop exit,Actual loop exit,148,1,1.0,1.0,1.000000000000001
-1,1,48,Actual loop exit,Actual final exit,148,1,0.4527027027027027,0.3716216216216215,0.5337837837837837
-1,1,48,Actual final exit,Local J-Lens,148,1,0.4527027027027027,0.3716216216216215,0.5337837837837837
-1,1,48,Actual final exit,Final J-Lens,148,1,0.013513513513513514,0.0,0.033783783783783786
-1,1,48,Actual final exit,Logit lens,148,1,0.4527027027027027,0.3716216216216215,0.5337837837837837
-1,1,48,Actual final exit,Actual loop exit,148,1,0.4527027027027027,0.3716216216216215,0.5337837837837837
-1,1,48,Actual final exit,Actual final exit,148,1,1.0,1.0,1.000000000000001
-1,2,1-47,Local J-Lens,Local J-Lens,148,47,1.0,1.0,1.000000000000001
-1,2,1-47,Local J-Lens,Final J-Lens,148,47,0.05563542265669923,0.039677975848188614,0.07374928119608974
-1,2,1-47,Local J-Lens,Logit lens,148,47,0.11112708453133993,0.0999137435307648,0.12334675100632551
-1,2,1-47,Local J-Lens,Actual loop exit,148,47,0.06986774008050602,0.05391029327199535,0.0879815986198965
-1,2,1-47,Local J-Lens,Actual final exit,148,47,0.05793559516963774,0.04269695227142034,0.07561817136285218
-1,2,1-47,Final J-Lens,Local J-Lens,148,47,0.05563542265669923,0.039677975848188614,0.07374928119608974
-1,2,1-47,Final J-Lens,Final J-Lens,148,47,1.0,1.0,1.000000000000001
-1,2,1-47,Final J-Lens,Logit lens,148,47,0.013801035077630822,0.0069005175388154125,0.02213916043703278
-1,2,1-47,Final J-Lens,Actual loop exit,148,47,0.038384128809660724,0.023001725129384705,0.055635422656699254
-1,2,1-47,Final J-Lens,Actual final exit,148,47,0.03536515238642898,0.02055779183438758,0.05218516388729154
-1,2,1-47,Logit lens,Local J-Lens,148,47,0.11112708453133993,0.0999137435307648,0.12334675100632551
-1,2,1-47,Logit lens,Final J-Lens,148,47,0.013801035077630822,0.0069005175388154125,0.02213916043703278
-1,2,1-47,Logit lens,Logit lens,148,47,1.0,1.0,1.000000000000001
-1,2,1-47,Logit lens,Actual loop exit,148,47,0.12478435882691202,0.10293271995399651,0.14879240943070726
-1,2,1-47,Logit lens,Actual final exit,148,47,0.10034502587694076,0.07849338700402529,0.12478435882691201
-1,2,1-47,Actual loop exit,Local J-Lens,148,47,0.06986774008050602,0.05391029327199535,0.0879815986198965
-1,2,1-47,Actual loop exit,Final J-Lens,148,47,0.038384128809660724,0.023001725129384705,0.055635422656699254
-1,2,1-47,Actual loop exit,Logit lens,148,47,0.12478435882691202,0.10293271995399651,0.14879240943070726
-1,2,1-47,Actual loop exit,Actual loop exit,148,47,1.0,1.0,1.000000000000001
-1,2,1-47,Actual loop exit,Actual final exit,148,47,0.7297297297297297,0.6554054054054055,0.7972972972972977
-1,2,1-47,Actual final exit,Local J-Lens,148,47,0.05793559516963774,0.04269695227142034,0.07561817136285218
-1,2,1-47,Actual final exit,Final J-Lens,148,47,0.03536515238642898,0.02055779183438758,0.05218516388729154
-1,2,1-47,Actual final exit,Logit lens,148,47,0.10034502587694076,0.07849338700402529,0.12478435882691201
-1,2,1-47,Actual final exit,Actual loop exit,148,47,0.7297297297297297,0.6554054054054055,0.7972972972972977
-1,2,1-47,Actual final exit,Actual final exit,148,47,1.0,1.0,1.000000000000001
-1,2,41-47,Local J-Lens,Local J-Lens,148,7,1.0,1.0,1.000000000000001
-1,2,41-47,Local J-Lens,Final J-Lens,148,7,0.03571428571428571,0.017374517374517374,0.05888030888030888
-1,2,41-47,Local J-Lens,Logit lens,148,7,0.5038610038610041,0.4623552123552119,0.5463320463320459
-1,2,41-47,Local J-Lens,Actual loop exit,148,7,0.3185328185328183,0.271235521235521,0.3677606177606175
-1,2,41-47,Local J-Lens,Actual final exit,148,7,0.2635135135135134,0.2162162162162161,0.31274131274131256
-1,2,41-47,Final J-Lens,Local J-Lens,148,7,0.03571428571428571,0.017374517374517374,0.05888030888030888
-1,2,41-47,Final J-Lens,Final J-Lens,148,7,1.0,1.0,1.000000000000001
-1,2,41-47,Final J-Lens,Logit lens,148,7,0.048262548262548256,0.02413127413127413,0.07722007722007722
-1,2,41-47,Final J-Lens,Actual loop exit,148,7,0.06177606177606177,0.03185328185328185,0.09652509652509654
-1,2,41-47,Final J-Lens,Actual final exit,148,7,0.058880308880308874,0.028957528957528955,0.09362934362934364
-1,2,41-47,Logit lens,Local J-Lens,148,7,0.5038610038610041,0.4623552123552119,0.5463320463320459
-1,2,41-47,Logit lens,Final J-Lens,148,7,0.048262548262548256,0.02413127413127413,0.07722007722007722
-1,2,41-47,Logit lens,Logit lens,148,7,1.0,1.0,1.000000000000001
-1,2,41-47,Logit lens,Actual loop exit,148,7,0.44305019305019305,0.38320463320463294,0.5038610038610036
-1,2,41-47,Logit lens,Actual final exit,148,7,0.33976833976833964,0.28088803088803077,0.4005791505791505
-1,2,41-47,Actual loop exit,Local J-Lens,148,7,0.3185328185328183,0.271235521235521,0.3677606177606175
-1,2,41-47,Actual loop exit,Final J-Lens,148,7,0.06177606177606177,0.03185328185328185,0.09652509652509654
-1,2,41-47,Actual loop exit,Logit lens,148,7,0.44305019305019305,0.38320463320463294,0.5038610038610036
-1,2,41-47,Actual loop exit,Actual loop exit,148,7,1.0,1.0,1.000000000000001
-1,2,41-47,Actual loop exit,Actual final exit,148,7,0.7297297297297297,0.6554054054054055,0.7972972972972977
-1,2,41-47,Actual final exit,Local J-Lens,148,7,0.2635135135135134,0.2162162162162161,0.31274131274131256
-1,2,41-47,Actual final exit,Final J-Lens,148,7,0.058880308880308874,0.028957528957528955,0.09362934362934364
-1,2,41-47,Actual final exit,Logit lens,148,7,0.33976833976833964,0.28088803088803077,0.4005791505791505
-1,2,41-47,Actual final exit,Actual loop exit,148,7,0.7297297297297297,0.6554054054054055,0.7972972972972977
-1,2,41-47,Actual final exit,Actual final exit,148,7,1.0,1.0,1.000000000000001
-1,2,41-48,Local J-Lens,Local J-Lens,148,8,1.0,1.0,1.000000000000001
-1,2,41-48,Local J-Lens,Final J-Lens,148,8,0.032939189189189186,0.015202702702702704,0.05405405405405406
-1,2,41-48,Local J-Lens,Logit lens,148,8,0.5658783783783784,0.5295608108108106,0.6030405405405405
-1,2,41-48,Local J-Lens,Actual loop exit,148,8,0.40371621621621623,0.36233108108108086,0.44679054054054035
-1,2,41-48,Local J-Lens,Actual final exit,148,8,0.3217905405405405,0.27618243243243246,0.3682432432432431
-1,2,41-48,Final J-Lens,Local J-Lens,148,8,0.032939189189189186,0.015202702702702704,0.05405405405405406
-1,2,41-48,Final J-Lens,Final J-Lens,148,8,1.0,1.0,1.000000000000001
-1,2,41-48,Final J-Lens,Logit lens,148,8,0.04391891891891892,0.02195945945945946,0.07010135135135134
-1,2,41-48,Final J-Lens,Actual loop exit,148,8,0.05574324324324324,0.027871621621621625,0.08783783783783784
-1,2,41-48,Final J-Lens,Actual final exit,148,8,0.05320945945945946,0.02618243243243243,0.08530405405405406
-1,2,41-48,Logit lens,Local J-Lens,148,8,0.5658783783783784,0.5295608108108106,0.6030405405405405
-1,2,41-48,Logit lens,Final J-Lens,148,8,0.04391891891891892,0.02195945945945946,0.07010135135135134
-1,2,41-48,Logit lens,Logit lens,148,8,1.0,1.0,1.000000000000001
-1,2,41-48,Logit lens,Actual loop exit,148,8,0.512668918918919,0.46030405405405395,0.5658783783783783
-1,2,41-48,Logit lens,Actual final exit,148,8,0.3885135135135135,0.33192567567567555,0.44679054054054035
-1,2,41-48,Actual loop exit,Local J-Lens,148,8,0.40371621621621623,0.36233108108108086,0.44679054054054035
-1,2,41-48,Actual loop exit,Final J-Lens,148,8,0.05574324324324324,0.027871621621621625,0.08783783783783784
-1,2,41-48,Actual loop exit,Logit lens,148,8,0.512668918918919,0.46030405405405395,0.5658783783783783
-1,2,41-48,Actual loop exit,Actual loop exit,148,8,1.0,1.0,1.000000000000001
-1,2,41-48,Actual loop exit,Actual final exit,148,8,0.7297297297297297,0.6554054054054055,0.7972972972972977
-1,2,41-48,Actual final exit,Local J-Lens,148,8,0.3217905405405405,0.27618243243243246,0.3682432432432431
-1,2,41-48,Actual final exit,Final J-Lens,148,8,0.05320945945945946,0.02618243243243243,0.08530405405405406
-1,2,41-48,Actual final exit,Logit lens,148,8,0.3885135135135135,0.33192567567567555,0.44679054054054035
-1,2,41-48,Actual final exit,Actual loop exit,148,8,0.7297297297297297,0.6554054054054055,0.7972972972972977
-1,2,41-48,Actual final exit,Actual final exit,148,8,1.0,1.0,1.000000000000001
-1,2,48,Local J-Lens,Local J-Lens,148,1,1.0,1.0,1.000000000000001
-1,2,48,Local J-Lens,Final J-Lens,148,1,0.013513513513513514,0.0,0.033783783783783786
-1,2,48,Local J-Lens,Logit lens,148,1,1.0,1.0,1.000000000000001
-1,2,48,Local J-Lens,Actual loop exit,148,1,1.0,1.0,1.000000000000001
-1,2,48,Local J-Lens,Actual final exit,148,1,0.7297297297297297,0.6554054054054055,0.7972972972972977
-1,2,48,Final J-Lens,Local J-Lens,148,1,0.013513513513513514,0.0,0.033783783783783786
-1,2,48,Final J-Lens,Final J-Lens,148,1,1.0,1.0,1.000000000000001
-1,2,48,Final J-Lens,Logit lens,148,1,0.013513513513513514,0.0,0.033783783783783786
-1,2,48,Final J-Lens,Actual loop exit,148,1,0.013513513513513514,0.0,0.033783783783783786
-1,2,48,Final J-Lens,Actual final exit,148,1,0.013513513513513514,0.0,0.033783783783783786
-1,2,48,Logit lens,Local J-Lens,148,1,1.0,1.0,1.000000000000001
-1,2,48,Logit lens,Final J-Lens,148,1,0.013513513513513514,0.0,0.033783783783783786
-1,2,48,Logit lens,Logit lens,148,1,1.0,1.0,1.000000000000001
-1,2,48,Logit lens,Actual loop exit,148,1,1.0,1.0,1.000000000000001
-1,2,48,Logit lens,Actual final exit,148,1,0.7297297297297297,0.6554054054054055,0.7972972972972977
-1,2,48,Actual loop exit,Local J-Lens,148,1,1.0,1.0,1.000000000000001
-1,2,48,Actual loop exit,Final J-Lens,148,1,0.013513513513513514,0.0,0.033783783783783786
-1,2,48,Actual loop exit,Logit lens,148,1,1.0,1.0,1.000000000000001
-1,2,48,Actual loop exit,Actual loop exit,148,1,1.0,1.0,1.000000000000001
-1,2,48,Actual loop exit,Actual final exit,148,1,0.7297297297297297,0.6554054054054055,0.7972972972972977
-1,2,48,Actual final exit,Local J-Lens,148,1,0.7297297297297297,0.6554054054054055,0.7972972972972977
-1,2,48,Actual final exit,Final J-Lens,148,1,0.013513513513513514,0.0,0.033783783783783786
-1,2,48,Actual final exit,Logit lens,148,1,0.7297297297297297,0.6554054054054055,0.7972972972972977
-1,2,48,Actual final exit,Actual loop exit,148,1,0.7297297297297297,0.6554054054054055,0.7972972972972977
-1,2,48,Actual final exit,Actual final exit,148,1,1.0,1.0,1.000000000000001
-1,3,1-47,Local J-Lens,Local J-Lens,148,47,1.0,1.0,1.000000000000001
-1,3,1-47,Local J-Lens,Final J-Lens,148,47,0.07029902242668196,0.05419781483611268,0.0878378378378378
-1,3,1-47,Local J-Lens,Logit lens,148,47,0.11817136285221394,0.10537665324899369,0.13197239792984475
-1,3,1-47,Local J-Lens,Actual loop exit,148,47,0.0927257044278321,0.07073030477285794,0.11716503737780332
-1,3,1-47,Local J-Lens,Actual final exit,148,47,0.09143185738930418,0.06958021851638871,0.11572742955721675
-1,3,1-47,Final J-Lens,Local J-Lens,148,47,0.07029902242668196,0.05419781483611268,0.0878378378378378
-1,3,1-47,Final J-Lens,Final J-Lens,148,47,1.0,1.0,1.000000000000001
-1,3,1-47,Final J-Lens,Logit lens,148,47,0.011213341000575042,0.006469235192639447,0.01653248993674526
-1,3,1-47,Final J-Lens,Actual loop exit,148,47,0.046003450258769396,0.02889232317423806,0.06541115583668776
-1,3,1-47,Final J-Lens,Actual final exit,148,47,0.0444220816561242,0.02717078780908568,0.06382978723404253
-1,3,1-47,Logit lens,Local J-Lens,148,47,0.11817136285221394,0.10537665324899369,0.13197239792984475
-1,3,1-47,Logit lens,Final J-Lens,148,47,0.011213341000575042,0.006469235192639447,0.01653248993674526
-1,3,1-47,Logit lens,Logit lens,148,47,1.0,1.0,1.000000000000001
-1,3,1-47,Logit lens,Actual loop exit,148,47,0.15339275445658423,0.1269407705577918,0.1814261069580219
-1,3,1-47,Logit lens,Actual final exit,148,47,0.14735480161012077,0.12047153536515239,0.17567567567567569
-1,3,1-47,Actual loop exit,Local J-Lens,148,47,0.0927257044278321,0.07073030477285794,0.11716503737780332
-1,3,1-47,Actual loop exit,Final J-Lens,148,47,0.046003450258769396,0.02889232317423806,0.06541115583668776
-1,3,1-47,Actual loop exit,Logit lens,148,47,0.15339275445658423,0.1269407705577918,0.1814261069580219
-1,3,1-47,Actual loop exit,Actual loop exit,148,47,1.0,1.0,1.000000000000001
-1,3,1-47,Actual loop exit,Actual final exit,148,47,0.8513513513513513,0.7905405405405409,0.9054054054054059
-1,3,1-47,Actual final exit,Local J-Lens,148,47,0.09143185738930418,0.06958021851638871,0.11572742955721675
-1,3,1-47,Actual final exit,Final J-Lens,148,47,0.0444220816561242,0.02717078780908568,0.06382978723404253
-1,3,1-47,Actual final exit,Logit lens,148,47,0.14735480161012077,0.12047153536515239,0.17567567567567569
-1,3,1-47,Actual final exit,Actual loop exit,148,47,0.8513513513513513,0.7905405405405409,0.9054054054054059
-1,3,1-47,Actual final exit,Actual final exit,148,47,1.0,1.0,1.000000000000001
-1,3,41-47,Local J-Lens,Local J-Lens,148,7,1.0,1.0,1.000000000000001
-1,3,41-47,Local J-Lens,Final J-Lens,148,7,0.014478764478764476,0.005791505791505791,0.025096525096525095
-1,3,41-47,Local J-Lens,Logit lens,148,7,0.5299227799227798,0.48841698841698794,0.5723938223938221
-1,3,41-47,Local J-Lens,Actual loop exit,148,7,0.33687258687258675,0.2876447876447874,0.38803088803088776
-1,3,41-47,Local J-Lens,Actual final exit,148,7,0.3330115830115829,0.28281853281853264,0.3841698841698839
-1,3,41-47,Final J-Lens,Local J-Lens,148,7,0.014478764478764476,0.005791505791505791,0.025096525096525095
-1,3,41-47,Final J-Lens,Final J-Lens,148,7,1.0,1.0,1.000000000000001
-1,3,41-47,Final J-Lens,Logit lens,148,7,0.014478764478764476,0.005791505791505791,0.025096525096525095
-1,3,41-47,Final J-Lens,Actual loop exit,148,7,0.02702702702702702,0.013513513513513513,0.04343629343629344
-1,3,41-47,Final J-Lens,Actual final exit,148,7,0.024131274131274128,0.010617760617760617,0.04054054054054054
-1,3,41-47,Logit lens,Local J-Lens,148,7,0.5299227799227798,0.48841698841698794,0.5723938223938221
-1,3,41-47,Logit lens,Final J-Lens,148,7,0.014478764478764476,0.005791505791505791,0.025096525096525095
-1,3,41-47,Logit lens,Logit lens,148,7,1.0,1.0,1.000000000000001
-1,3,41-47,Logit lens,Actual loop exit,148,7,0.4845559845559846,0.4208494208494206,0.548262548262548
-1,3,41-47,Logit lens,Actual final exit,148,7,0.46911196911196923,0.40347490347490317,0.5347490347490343
-1,3,41-47,Actual loop exit,Local J-Lens,148,7,0.33687258687258675,0.2876447876447874,0.38803088803088776
-1,3,41-47,Actual loop exit,Final J-Lens,148,7,0.02702702702702702,0.013513513513513513,0.04343629343629344
-1,3,41-47,Actual loop exit,Logit lens,148,7,0.4845559845559846,0.4208494208494206,0.548262548262548
-1,3,41-47,Actual loop exit,Actual loop exit,148,7,1.0,1.0,1.000000000000001
-1,3,41-47,Actual loop exit,Actual final exit,148,7,0.8513513513513513,0.7905405405405409,0.9054054054054059
-1,3,41-47,Actual final exit,Local J-Lens,148,7,0.3330115830115829,0.28281853281853264,0.3841698841698839
-1,3,41-47,Actual final exit,Final J-Lens,148,7,0.024131274131274128,0.010617760617760617,0.04054054054054054
-1,3,41-47,Actual final exit,Logit lens,148,7,0.46911196911196923,0.40347490347490317,0.5347490347490343
-1,3,41-47,Actual final exit,Actual loop exit,148,7,0.8513513513513513,0.7905405405405409,0.9054054054054059
-1,3,41-47,Actual final exit,Actual final exit,148,7,1.0,1.0,1.000000000000001
-1,3,41-48,Local J-Lens,Local J-Lens,148,8,1.0,1.0,1.000000000000001
-1,3,41-48,Local J-Lens,Final J-Lens,148,8,0.014358108108108109,0.0059121621621621625,0.02449324324324325
-1,3,41-48,Local J-Lens,Logit lens,148,8,0.5886824324324325,0.5523648648648647,0.6258445945945946
-1,3,41-48,Local J-Lens,Actual loop exit,148,8,0.4197635135135135,0.3766891891891889,0.46452702702702686
-1,3,41-48,Local J-Lens,Actual final exit,148,8,0.39780405405405406,0.35050675675675674,0.44510135135135104
-1,3,41-48,Final J-Lens,Local J-Lens,148,8,0.014358108108108109,0.0059121621621621625,0.02449324324324325
-1,3,41-48,Final J-Lens,Final J-Lens,148,8,1.0,1.0,1.000000000000001
-1,3,41-48,Final J-Lens,Logit lens,148,8,0.014358108108108109,0.0059121621621621625,0.02449324324324325
-1,3,41-48,Final J-Lens,Actual loop exit,148,8,0.02533783783783784,0.01266891891891892,0.04054054054054054
-1,3,41-48,Final J-Lens,Actual final exit,148,8,0.022804054054054054,0.010135135135135136,0.03800675675675676
-1,3,41-48,Logit lens,Local J-Lens,148,8,0.5886824324324325,0.5523648648648647,0.6258445945945946
-1,3,41-48,Logit lens,Final J-Lens,148,8,0.014358108108108109,0.0059121621621621625,0.02449324324324325
-1,3,41-48,Logit lens,Logit lens,148,8,1.0,1.0,1.000000000000001
-1,3,41-48,Logit lens,Actual loop exit,148,8,0.5489864864864865,0.49324324324324315,0.6047297297297297
-1,3,41-48,Logit lens,Actual final exit,148,8,0.5168918918918919,0.45608108108108086,0.5768581081081083
-1,3,41-48,Actual loop exit,Local J-Lens,148,8,0.4197635135135135,0.3766891891891889,0.46452702702702686
-1,3,41-48,Actual loop exit,Final J-Lens,148,8,0.02533783783783784,0.01266891891891892,0.04054054054054054
-1,3,41-48,Actual loop exit,Logit lens,148,8,0.5489864864864865,0.49324324324324315,0.6047297297297297
-1,3,41-48,Actual loop exit,Actual loop exit,148,8,1.0,1.0,1.000000000000001
-1,3,41-48,Actual loop exit,Actual final exit,148,8,0.8513513513513513,0.7905405405405409,0.9054054054054059
-1,3,41-48,Actual final exit,Local J-Lens,148,8,0.39780405405405406,0.35050675675675674,0.44510135135135104
-1,3,41-48,Actual final exit,Final J-Lens,148,8,0.022804054054054054,0.010135135135135136,0.03800675675675676
-1,3,41-48,Actual final exit,Logit lens,148,8,0.5168918918918919,0.45608108108108086,0.5768581081081083
-1,3,41-48,Actual final exit,Actual loop exit,148,8,0.8513513513513513,0.7905405405405409,0.9054054054054059
-1,3,41-48,Actual final exit,Actual final exit,148,8,1.0,1.0,1.000000000000001
-1,3,48,Local J-Lens,Local J-Lens,148,1,1.0,1.0,1.000000000000001
-1,3,48,Local J-Lens,Final J-Lens,148,1,0.013513513513513514,0.0,0.033783783783783786
-1,3,48,Local J-Lens,Logit lens,148,1,1.0,1.0,1.000000000000001
-1,3,48,Local J-Lens,Actual loop exit,148,1,1.0,1.0,1.000000000000001
-1,3,48,Local J-Lens,Actual final exit,148,1,0.8513513513513513,0.7905405405405409,0.9054054054054059
-1,3,48,Final J-Lens,Local J-Lens,148,1,0.013513513513513514,0.0,0.033783783783783786
-1,3,48,Final J-Lens,Final J-Lens,148,1,1.0,1.0,1.000000000000001
-1,3,48,Final J-Lens,Logit lens,148,1,0.013513513513513514,0.0,0.033783783783783786
-1,3,48,Final J-Lens,Actual loop exit,148,1,0.013513513513513514,0.0,0.033783783783783786
-1,3,48,Final J-Lens,Actual final exit,148,1,0.013513513513513514,0.0,0.033783783783783786
-1,3,48,Logit lens,Local J-Lens,148,1,1.0,1.0,1.000000000000001
-1,3,48,Logit lens,Final J-Lens,148,1,0.013513513513513514,0.0,0.033783783783783786
-1,3,48,Logit lens,Logit lens,148,1,1.0,1.0,1.000000000000001
-1,3,48,Logit lens,Actual loop exit,148,1,1.0,1.0,1.000000000000001
-1,3,48,Logit lens,Actual final exit,148,1,0.8513513513513513,0.7905405405405409,0.9054054054054059
-1,3,48,Actual loop exit,Local J-Lens,148,1,1.0,1.0,1.000000000000001
-1,3,48,Actual loop exit,Final J-Lens,148,1,0.013513513513513514,0.0,0.033783783783783786
-1,3,48,Actual loop exit,Logit lens,148,1,1.0,1.0,1.000000000000001
-1,3,48,Actual loop exit,Actual loop exit,148,1,1.0,1.0,1.000000000000001
-1,3,48,Actual loop exit,Actual final exit,148,1,0.8513513513513513,0.7905405405405409,0.9054054054054059
-1,3,48,Actual final exit,Local J-Lens,148,1,0.8513513513513513,0.7905405405405409,0.9054054054054059
-1,3,48,Actual final exit,Final J-Lens,148,1,0.013513513513513514,0.0,0.033783783783783786
-1,3,48,Actual final exit,Logit lens,148,1,0.8513513513513513,0.7905405405405409,0.9054054054054059
-1,3,48,Actual final exit,Actual loop exit,148,1,0.8513513513513513,0.7905405405405409,0.9054054054054059
-1,3,48,Actual final exit,Actual final exit,148,1,1.0,1.0,1.000000000000001
-1,4,1-47,Local J-Lens,Local J-Lens,148,47,1.0,1.0,1.000000000000001
-1,4,1-47,Local J-Lens,Final J-Lens,148,47,1.0,1.0,1.000000000000001
-1,4,1-47,Local J-Lens,Logit lens,148,47,0.14074180563542266,0.12478435882691202,0.15756181713628525
-1,4,1-47,Local J-Lens,Actual loop exit,148,47,0.14936745255894193,0.12047153536515241,0.17970097757331788
-1,4,1-47,Local J-Lens,Actual final exit,148,47,0.14936745255894193,0.12047153536515241,0.17970097757331788
-1,4,1-47,Final J-Lens,Local J-Lens,148,47,1.0,1.0,1.000000000000001
-1,4,1-47,Final J-Lens,Final J-Lens,148,47,1.0,1.0,1.000000000000001
-1,4,1-47,Final J-Lens,Logit lens,148,47,0.14074180563542266,0.12478435882691202,0.15756181713628525
-1,4,1-47,Final J-Lens,Actual loop exit,148,47,0.14936745255894193,0.12047153536515241,0.17970097757331788
-1,4,1-47,Final J-Lens,Actual final exit,148,47,0.14936745255894193,0.12047153536515241,0.17970097757331788
-1,4,1-47,Logit lens,Local J-Lens,148,47,0.14074180563542266,0.12478435882691202,0.15756181713628525
-1,4,1-47,Logit lens,Final J-Lens,148,47,0.14074180563542266,0.12478435882691202,0.15756181713628525
-1,4,1-47,Logit lens,Logit lens,148,47,1.0,1.0,1.000000000000001
-1,4,1-47,Logit lens,Actual loop exit,148,47,0.17625071880391033,0.14778608395629672,0.20615655549166167
-1,4,1-47,Logit lens,Actual final exit,148,47,0.17625071880391033,0.14778608395629672,0.20615655549166167
-1,4,1-47,Actual loop exit,Local J-Lens,148,47,0.14936745255894193,0.12047153536515241,0.17970097757331788
-1,4,1-47,Actual loop exit,Final J-Lens,148,47,0.14936745255894193,0.12047153536515241,0.17970097757331788
-1,4,1-47,Actual loop exit,Logit lens,148,47,0.17625071880391033,0.14778608395629672,0.20615655549166167
-1,4,1-47,Actual loop exit,Actual loop exit,148,47,1.0,1.0,1.000000000000001
-1,4,1-47,Actual loop exit,Actual final exit,148,47,1.0,1.0,1.000000000000001
-1,4,1-47,Actual final exit,Local J-Lens,148,47,0.14936745255894193,0.12047153536515241,0.17970097757331788
-1,4,1-47,Actual final exit,Final J-Lens,148,47,0.14936745255894193,0.12047153536515241,0.17970097757331788
-1,4,1-47,Actual final exit,Logit lens,148,47,0.17625071880391033,0.14778608395629672,0.20615655549166167
-1,4,1-47,Actual final exit,Actual loop exit,148,47,1.0,1.0,1.000000000000001
-1,4,1-47,Actual final exit,Actual final exit,148,47,1.0,1.0,1.000000000000001
-1,4,41-47,Local J-Lens,Local J-Lens,148,7,1.0,1.0,1.000000000000001
-1,4,41-47,Local J-Lens,Final J-Lens,148,7,1.0,1.0,1.000000000000001
-1,4,41-47,Local J-Lens,Logit lens,148,7,0.5656370656370658,0.521235521235521,0.6100386100386098
-1,4,41-47,Local J-Lens,Actual loop exit,148,7,0.39382239382239376,0.3416988416988414,0.4469111969111966
-1,4,41-47,Local J-Lens,Actual final exit,148,7,0.39382239382239376,0.3416988416988414,0.4469111969111966
-1,4,41-47,Final J-Lens,Local J-Lens,148,7,1.0,1.0,1.000000000000001
-1,4,41-47,Final J-Lens,Final J-Lens,148,7,1.0,1.0,1.000000000000001
-1,4,41-47,Final J-Lens,Logit lens,148,7,0.5656370656370658,0.521235521235521,0.6100386100386098
-1,4,41-47,Final J-Lens,Actual loop exit,148,7,0.39382239382239376,0.3416988416988414,0.4469111969111966
-1,4,41-47,Final J-Lens,Actual final exit,148,7,0.39382239382239376,0.3416988416988414,0.4469111969111966
-1,4,41-47,Logit lens,Local J-Lens,148,7,0.5656370656370658,0.521235521235521,0.6100386100386098
-1,4,41-47,Logit lens,Final J-Lens,148,7,0.5656370656370658,0.521235521235521,0.6100386100386098
-1,4,41-47,Logit lens,Logit lens,148,7,1.0,1.0,1.000000000000001
-1,4,41-47,Logit lens,Actual loop exit,148,7,0.5521235521235521,0.48745173745173714,0.6158301158301157
-1,4,41-47,Logit lens,Actual final exit,148,7,0.5521235521235521,0.48745173745173714,0.6158301158301157
-1,4,41-47,Actual loop exit,Local J-Lens,148,7,0.39382239382239376,0.3416988416988414,0.4469111969111966
-1,4,41-47,Actual loop exit,Final J-Lens,148,7,0.39382239382239376,0.3416988416988414,0.4469111969111966
-1,4,41-47,Actual loop exit,Logit lens,148,7,0.5521235521235521,0.48745173745173714,0.6158301158301157
-1,4,41-47,Actual loop exit,Actual loop exit,148,7,1.0,1.0,1.000000000000001
-1,4,41-47,Actual loop exit,Actual final exit,148,7,1.0,1.0,1.000000000000001
-1,4,41-47,Actual final exit,Local J-Lens,148,7,0.39382239382239376,0.3416988416988414,0.4469111969111966
-1,4,41-47,Actual final exit,Final J-Lens,148,7,0.39382239382239376,0.3416988416988414,0.4469111969111966
-1,4,41-47,Actual final exit,Logit lens,148,7,0.5521235521235521,0.48745173745173714,0.6158301158301157
-1,4,41-47,Actual final exit,Actual loop exit,148,7,1.0,1.0,1.000000000000001
-1,4,41-47,Actual final exit,Actual final exit,148,7,1.0,1.0,1.000000000000001
-1,4,41-48,Local J-Lens,Local J-Lens,148,8,1.0,1.0,1.000000000000001
-1,4,41-48,Local J-Lens,Final J-Lens,148,8,1.0,1.0,1.000000000000001
-1,4,41-48,Local J-Lens,Logit lens,148,8,0.6199324324324325,0.581081081081081,0.6587837837837837
-1,4,41-48,Local J-Lens,Actual loop exit,148,8,0.46959459459459457,0.4239864864864862,0.516047297297297
-1,4,41-48,Local J-Lens,Actual final exit,148,8,0.46959459459459457,0.4239864864864862,0.516047297297297
-1,4,41-48,Final J-Lens,Local J-Lens,148,8,1.0,1.0,1.000000000000001
-1,4,41-48,Final J-Lens,Final J-Lens,148,8,1.0,1.0,1.000000000000001
-1,4,41-48,Final J-Lens,Logit lens,148,8,0.6199324324324325,0.581081081081081,0.6587837837837837
-1,4,41-48,Final J-Lens,Actual loop exit,148,8,0.46959459459459457,0.4239864864864862,0.516047297297297
-1,4,41-48,Final J-Lens,Actual final exit,148,8,0.46959459459459457,0.4239864864864862,0.516047297297297
-1,4,41-48,Logit lens,Local J-Lens,148,8,0.6199324324324325,0.581081081081081,0.6587837837837837
-1,4,41-48,Logit lens,Final J-Lens,148,8,0.6199324324324325,0.581081081081081,0.6587837837837837
-1,4,41-48,Logit lens,Logit lens,148,8,1.0,1.0,1.000000000000001
-1,4,41-48,Logit lens,Actual loop exit,148,8,0.6081081081081081,0.5515202702702703,0.6638513513513515
-1,4,41-48,Logit lens,Actual final exit,148,8,0.6081081081081081,0.5515202702702703,0.6638513513513515
-1,4,41-48,Actual loop exit,Local J-Lens,148,8,0.46959459459459457,0.4239864864864862,0.516047297297297
-1,4,41-48,Actual loop exit,Final J-Lens,148,8,0.46959459459459457,0.4239864864864862,0.516047297297297
-1,4,41-48,Actual loop exit,Logit lens,148,8,0.6081081081081081,0.5515202702702703,0.6638513513513515
-1,4,41-48,Actual loop exit,Actual loop exit,148,8,1.0,1.0,1.000000000000001
-1,4,41-48,Actual loop exit,Actual final exit,148,8,1.0,1.0,1.000000000000001
-1,4,41-48,Actual final exit,Local J-Lens,148,8,0.46959459459459457,0.4239864864864862,0.516047297297297
-1,4,41-48,Actual final exit,Final J-Lens,148,8,0.46959459459459457,0.4239864864864862,0.516047297297297
-1,4,41-48,Actual final exit,Logit lens,148,8,0.6081081081081081,0.5515202702702703,0.6638513513513515
-1,4,41-48,Actual final exit,Actual loop exit,148,8,1.0,1.0,1.000000000000001
-1,4,41-48,Actual final exit,Actual final exit,148,8,1.0,1.0,1.000000000000001
-1,4,48,Local J-Lens,Local J-Lens,148,1,1.0,1.0,1.000000000000001
-1,4,48,Local J-Lens,Final J-Lens,148,1,1.0,1.0,1.000000000000001
-1,4,48,Local J-Lens,Logit lens,148,1,1.0,1.0,1.000000000000001
-1,4,48,Local J-Lens,Actual loop exit,148,1,1.0,1.0,1.000000000000001
-1,4,48,Local J-Lens,Actual final exit,148,1,1.0,1.0,1.000000000000001
-1,4,48,Final J-Lens,Local J-Lens,148,1,1.0,1.0,1.000000000000001
-1,4,48,Final J-Lens,Final J-Lens,148,1,1.0,1.0,1.000000000000001
-1,4,48,Final J-Lens,Logit lens,148,1,1.0,1.0,1.000000000000001
-1,4,48,Final J-Lens,Actual loop exit,148,1,1.0,1.0,1.000000000000001
-1,4,48,Final J-Lens,Actual final exit,148,1,1.0,1.0,1.000000000000001
-1,4,48,Logit lens,Local J-Lens,148,1,1.0,1.0,1.000000000000001
-1,4,48,Logit lens,Final J-Lens,148,1,1.0,1.0,1.000000000000001
-1,4,48,Logit lens,Logit lens,148,1,1.0,1.0,1.000000000000001
-1,4,48,Logit lens,Actual loop exit,148,1,1.0,1.0,1.000000000000001
-1,4,48,Logit lens,Actual final exit,148,1,1.0,1.0,1.000000000000001
-1,4,48,Actual loop exit,Local J-Lens,148,1,1.0,1.0,1.000000000000001
-1,4,48,Actual loop exit,Final J-Lens,148,1,1.0,1.0,1.000000000000001
-1,4,48,Actual loop exit,Logit lens,148,1,1.0,1.0,1.000000000000001
-1,4,48,Actual loop exit,Actual loop exit,148,1,1.0,1.0,1.000000000000001
-1,4,48,Actual loop exit,Actual final exit,148,1,1.0,1.0,1.000000000000001
-1,4,48,Actual final exit,Local J-Lens,148,1,1.0,1.0,1.000000000000001
-1,4,48,Actual final exit,Final J-Lens,148,1,1.0,1.0,1.000000000000001
-1,4,48,Actual final exit,Logit lens,148,1,1.0,1.0,1.000000000000001
-1,4,48,Actual final exit,Actual loop exit,148,1,1.0,1.0,1.000000000000001
-1,4,48,Actual final exit,Actual final exit,148,1,1.0,1.0,1.000000000000001
-2,1,1-47,Local J-Lens,Local J-Lens,148,47,1.0,1.0,1.000000000000001
-2,1,1-47,Local J-Lens,Final J-Lens,148,47,0.021851638872915462,0.01653248993674526,0.027602070155261647
-2,1,1-47,Local J-Lens,Logit lens,148,47,0.13657274295572153,0.12320299022426674,0.1505175388154112
-2,1,1-47,Local J-Lens,Actual loop exit,148,47,0.06670500287521566,0.05419781483611272,0.07964347326049452
-2,1,1-47,Local J-Lens,Actual final exit,148,47,0.05592294422081656,0.0441345600920069,0.06828637147786085
-2,1,1-47,Final J-Lens,Local J-Lens,148,47,0.021851638872915462,0.01653248993674526,0.027602070155261647
-2,1,1-47,Final J-Lens,Final J-Lens,148,47,1.0,1.0,1.000000000000001
-2,1,1-47,Final J-Lens,Logit lens,148,47,0.0004312823461759632,0.0,0.0011500862564692352
-2,1,1-47,Final J-Lens,Actual loop exit,148,47,0.0001437607820586544,0.0,0.00043128234617596323
-2,1,1-47,Final J-Lens,Actual final exit,148,47,0.0,0.0,0.0
-2,1,1-47,Logit lens,Local J-Lens,148,47,0.13657274295572153,0.12320299022426674,0.1505175388154112
-2,1,1-47,Logit lens,Final J-Lens,148,47,0.0004312823461759632,0.0,0.0011500862564692352
-2,1,1-47,Logit lens,Logit lens,148,47,1.0,1.0,1.000000000000001
-2,1,1-47,Logit lens,Actual loop exit,148,47,0.13182863714778612,0.11371477860839563,0.15037377803335258
-2,1,1-47,Logit lens,Actual final exit,148,47,0.11242093156986785,0.09574468085106384,0.12938470385278894
-2,1,1-47,Actual loop exit,Local J-Lens,148,47,0.06670500287521566,0.05419781483611272,0.07964347326049452
-2,1,1-47,Actual loop exit,Final J-Lens,148,47,0.0001437607820586544,0.0,0.00043128234617596323
-2,1,1-47,Actual loop exit,Logit lens,148,47,0.13182863714778612,0.11371477860839563,0.15037377803335258
-2,1,1-47,Actual loop exit,Actual loop exit,148,47,1.0,1.0,1.000000000000001
-2,1,1-47,Actual loop exit,Actual final exit,148,47,0.722972972972973,0.6486486486486487,0.7972972972972971
-2,1,1-47,Actual final exit,Local J-Lens,148,47,0.05592294422081656,0.0441345600920069,0.06828637147786085
-2,1,1-47,Actual final exit,Final J-Lens,148,47,0.0,0.0,0.0
-2,1,1-47,Actual final exit,Logit lens,148,47,0.11242093156986785,0.09574468085106384,0.12938470385278894
-2,1,1-47,Actual final exit,Actual loop exit,148,47,0.722972972972973,0.6486486486486487,0.7972972972972971
-2,1,1-47,Actual final exit,Actual final exit,148,47,1.0,1.0,1.000000000000001
-2,1,41-47,Local J-Lens,Local J-Lens,148,7,1.0,1.0,1.000000000000001
-2,1,41-47,Local J-Lens,Final J-Lens,148,7,0.0,0.0,0.0
-2,1,41-47,Local J-Lens,Logit lens,148,7,0.5965250965250963,0.5521235521235518,0.640926640926641
-2,1,41-47,Local J-Lens,Actual loop exit,148,7,0.32915057915057905,0.27316602316602306,0.38706563706563685
-2,1,41-47,Local J-Lens,Actual final exit,148,7,0.2982625482625481,0.24131274131274122,0.3590733590733588
-2,1,41-47,Final J-Lens,Local J-Lens,148,7,0.0,0.0,0.0
-2,1,41-47,Final J-Lens,Final J-Lens,148,7,1.0,1.0,1.000000000000001
-2,1,41-47,Final J-Lens,Logit lens,148,7,0.0009652509652509652,0.0,0.0028957528957528956
-2,1,41-47,Final J-Lens,Actual loop exit,148,7,0.0009652509652509652,0.0,0.0028957528957528956
-2,1,41-47,Final J-Lens,Actual final exit,148,7,0.0,0.0,0.0
-2,1,41-47,Logit lens,Local J-Lens,148,7,0.5965250965250963,0.5521235521235518,0.640926640926641
-2,1,41-47,Logit lens,Final J-Lens,148,7,0.0009652509652509652,0.0,0.0028957528957528956
-2,1,41-47,Logit lens,Logit lens,148,7,1.0,1.0,1.000000000000001
-2,1,41-47,Logit lens,Actual loop exit,148,7,0.49517374517374524,0.4285714285714282,0.5608108108108109
-2,1,41-47,Logit lens,Actual final exit,148,7,0.40637065637065645,0.34073359073359055,0.4729729729729727
-2,1,41-47,Actual loop exit,Local J-Lens,148,7,0.32915057915057905,0.27316602316602306,0.38706563706563685
-2,1,41-47,Actual loop exit,Final J-Lens,148,7,0.0009652509652509652,0.0,0.0028957528957528956
-2,1,41-47,Actual loop exit,Logit lens,148,7,0.49517374517374524,0.4285714285714282,0.5608108108108109
-2,1,41-47,Actual loop exit,Actual loop exit,148,7,1.0,1.0,1.000000000000001
-2,1,41-47,Actual loop exit,Actual final exit,148,7,0.722972972972973,0.6486486486486487,0.7972972972972971
-2,1,41-47,Actual final exit,Local J-Lens,148,7,0.2982625482625481,0.24131274131274122,0.3590733590733588
-2,1,41-47,Actual final exit,Final J-Lens,148,7,0.0,0.0,0.0
-2,1,41-47,Actual final exit,Logit lens,148,7,0.40637065637065645,0.34073359073359055,0.4729729729729727
-2,1,41-47,Actual final exit,Actual loop exit,148,7,0.722972972972973,0.6486486486486487,0.7972972972972971
-2,1,41-47,Actual final exit,Actual final exit,148,7,1.0,1.0,1.000000000000001
-2,1,41-48,Local J-Lens,Local J-Lens,148,8,1.0,1.0,1.000000000000001
-2,1,41-48,Local J-Lens,Final J-Lens,148,8,0.0008445945945945946,0.0,0.002533783783783784
-2,1,41-48,Local J-Lens,Logit lens,148,8,0.6469594594594594,0.6081081081081082,0.6858108108108114
-2,1,41-48,Local J-Lens,Actual loop exit,148,8,0.41300675675675674,0.36402027027027023,0.4636824324324323
-2,1,41-48,Local J-Lens,Actual final exit,148,8,0.35135135135135137,0.2972972972972973,0.40793918918918887
-2,1,41-48,Final J-Lens,Local J-Lens,148,8,0.0008445945945945946,0.0,0.002533783783783784
-2,1,41-48,Final J-Lens,Final J-Lens,148,8,1.0,1.0,1.000000000000001
-2,1,41-48,Final J-Lens,Logit lens,148,8,0.0016891891891891893,0.0,0.005067567567567568
-2,1,41-48,Final J-Lens,Actual loop exit,148,8,0.0016891891891891893,0.0,0.005067567567567568
-2,1,41-48,Final J-Lens,Actual final exit,148,8,0.0,0.0,0.0
-2,1,41-48,Logit lens,Local J-Lens,148,8,0.6469594594594594,0.6081081081081082,0.6858108108108114
-2,1,41-48,Logit lens,Final J-Lens,148,8,0.0016891891891891893,0.0,0.005067567567567568
-2,1,41-48,Logit lens,Logit lens,148,8,1.0,1.0,1.000000000000001
-2,1,41-48,Logit lens,Actual loop exit,148,8,0.558277027027027,0.49999999999999983,0.6157094594594595
-2,1,41-48,Logit lens,Actual final exit,148,8,0.44594594594594594,0.3834459459459458,0.5092905405405402
-2,1,41-48,Actual loop exit,Local J-Lens,148,8,0.41300675675675674,0.36402027027027023,0.4636824324324323
-2,1,41-48,Actual loop exit,Final J-Lens,148,8,0.0016891891891891893,0.0,0.005067567567567568
-2,1,41-48,Actual loop exit,Logit lens,148,8,0.558277027027027,0.49999999999999983,0.6157094594594595
-2,1,41-48,Actual loop exit,Actual loop exit,148,8,1.0,1.0,1.000000000000001
-2,1,41-48,Actual loop exit,Actual final exit,148,8,0.722972972972973,0.6486486486486487,0.7972972972972971
-2,1,41-48,Actual final exit,Local J-Lens,148,8,0.35135135135135137,0.2972972972972973,0.40793918918918887
-2,1,41-48,Actual final exit,Final J-Lens,148,8,0.0,0.0,0.0
-2,1,41-48,Actual final exit,Logit lens,148,8,0.44594594594594594,0.3834459459459458,0.5092905405405402
-2,1,41-48,Actual final exit,Actual loop exit,148,8,0.722972972972973,0.6486486486486487,0.7972972972972971
-2,1,41-48,Actual final exit,Actual final exit,148,8,1.0,1.0,1.000000000000001
-2,1,48,Local J-Lens,Local J-Lens,148,1,1.0,1.0,1.000000000000001
-2,1,48,Local J-Lens,Final J-Lens,148,1,0.006756756756756757,0.0,0.02027027027027027
-2,1,48,Local J-Lens,Logit lens,148,1,1.0,1.0,1.000000000000001
-2,1,48,Local J-Lens,Actual loop exit,148,1,1.0,1.0,1.000000000000001
-2,1,48,Local J-Lens,Actual final exit,148,1,0.722972972972973,0.6486486486486487,0.7972972972972971
-2,1,48,Final J-Lens,Local J-Lens,148,1,0.006756756756756757,0.0,0.02027027027027027
-2,1,48,Final J-Lens,Final J-Lens,148,1,1.0,1.0,1.000000000000001
-2,1,48,Final J-Lens,Logit lens,148,1,0.006756756756756757,0.0,0.02027027027027027
-2,1,48,Final J-Lens,Actual loop exit,148,1,0.006756756756756757,0.0,0.02027027027027027
-2,1,48,Final J-Lens,Actual final exit,148,1,0.0,0.0,0.0
-2,1,48,Logit lens,Local J-Lens,148,1,1.0,1.0,1.000000000000001
-2,1,48,Logit lens,Final J-Lens,148,1,0.006756756756756757,0.0,0.02027027027027027
-2,1,48,Logit lens,Logit lens,148,1,1.0,1.0,1.000000000000001
-2,1,48,Logit lens,Actual loop exit,148,1,1.0,1.0,1.000000000000001
-2,1,48,Logit lens,Actual final exit,148,1,0.722972972972973,0.6486486486486487,0.7972972972972971
-2,1,48,Actual loop exit,Local J-Lens,148,1,1.0,1.0,1.000000000000001
-2,1,48,Actual loop exit,Final J-Lens,148,1,0.006756756756756757,0.0,0.02027027027027027
-2,1,48,Actual loop exit,Logit lens,148,1,1.0,1.0,1.000000000000001
-2,1,48,Actual loop exit,Actual loop exit,148,1,1.0,1.0,1.000000000000001
-2,1,48,Actual loop exit,Actual final exit,148,1,0.722972972972973,0.6486486486486487,0.7972972972972971
-2,1,48,Actual final exit,Local J-Lens,148,1,0.722972972972973,0.6486486486486487,0.7972972972972971
-2,1,48,Actual final exit,Final J-Lens,148,1,0.0,0.0,0.0
-2,1,48,Actual final exit,Logit lens,148,1,0.722972972972973,0.6486486486486487,0.7972972972972971
-2,1,48,Actual final exit,Actual loop exit,148,1,0.722972972972973,0.6486486486486487,0.7972972972972971
-2,1,48,Actual final exit,Actual final exit,148,1,1.0,1.0,1.000000000000001
-2,2,1-47,Local J-Lens,Local J-Lens,148,47,1.0,1.0,1.000000000000001
-2,2,1-47,Local J-Lens,Final J-Lens,148,47,0.19364577343300743,0.160580793559517,0.2278608395629672
-2,2,1-47,Local J-Lens,Logit lens,148,47,0.1418918918918917,0.12665324899367447,0.1575618171362853
-2,2,1-47,Local J-Lens,Actual loop exit,148,47,0.0652673950546291,0.05333525014376075,0.07806210465784932
-2,2,1-47,Local J-Lens,Actual final exit,148,47,0.062392179413456,0.049884991374353066,0.07561817136285222
-2,2,1-47,Final J-Lens,Local J-Lens,148,47,0.19364577343300743,0.160580793559517,0.2278608395629672
-2,2,1-47,Final J-Lens,Final J-Lens,148,47,1.0,1.0,1.000000000000001
-2,2,1-47,Final J-Lens,Logit lens,148,47,0.0020126509488211613,0.0002875215641173088,0.004312823461759632
-2,2,1-47,Final J-Lens,Actual loop exit,148,47,0.0002875215641173088,0.0,0.0008625646923519265
-2,2,1-47,Final J-Lens,Actual final exit,148,47,0.0002875215641173088,0.0,0.0008625646923519265
-2,2,1-47,Logit lens,Local J-Lens,148,47,0.1418918918918917,0.12665324899367447,0.1575618171362853
-2,2,1-47,Logit lens,Final J-Lens,148,47,0.0020126509488211613,0.0002875215641173088,0.004312823461759632
-2,2,1-47,Logit lens,Logit lens,148,47,1.0,1.0,1.000000000000001
-2,2,1-47,Logit lens,Actual loop exit,148,47,0.14807360552041396,0.1312535940195515,0.165181138585394
-2,2,1-47,Logit lens,Actual final exit,148,47,0.13729154686601486,0.12061529614721109,0.15425531914893623
-2,2,1-47,Actual loop exit,Local J-Lens,148,47,0.0652673950546291,0.05333525014376075,0.07806210465784932
-2,2,1-47,Actual loop exit,Final J-Lens,148,47,0.0002875215641173088,0.0,0.0008625646923519265
-2,2,1-47,Actual loop exit,Logit lens,148,47,0.14807360552041396,0.1312535940195515,0.165181138585394
-2,2,1-47,Actual loop exit,Actual loop exit,148,47,1.0,1.0,1.000000000000001
-2,2,1-47,Actual loop exit,Actual final exit,148,47,0.8445945945945946,0.783783783783784,0.8986486486486492
-2,2,1-47,Actual final exit,Local J-Lens,148,47,0.062392179413456,0.049884991374353066,0.07561817136285222
-2,2,1-47,Actual final exit,Final J-Lens,148,47,0.0002875215641173088,0.0,0.0008625646923519265
-2,2,1-47,Actual final exit,Logit lens,148,47,0.13729154686601486,0.12061529614721109,0.15425531914893623
-2,2,1-47,Actual final exit,Actual loop exit,148,47,0.8445945945945946,0.783783783783784,0.8986486486486492
-2,2,1-47,Actual final exit,Actual final exit,148,47,1.0,1.0,1.000000000000001
-2,2,41-47,Local J-Lens,Local J-Lens,148,7,1.0,1.0,1.000000000000001
-2,2,41-47,Local J-Lens,Final J-Lens,148,7,0.0009652509652509652,0.0,0.0028957528957528956
-2,2,41-47,Local J-Lens,Logit lens,148,7,0.6110038610038616,0.5617760617760612,0.6602316602316602
-2,2,41-47,Local J-Lens,Actual loop exit,148,7,0.3494208494208495,0.2895752895752894,0.4121621621621619
-2,2,41-47,Local J-Lens,Actual final exit,148,7,0.32142857142857145,0.2606177606177606,0.38610038610038583
-2,2,41-47,Final J-Lens,Local J-Lens,148,7,0.0009652509652509652,0.0,0.0028957528957528956
-2,2,41-47,Final J-Lens,Final J-Lens,148,7,1.0,1.0,1.000000000000001
-2,2,41-47,Final J-Lens,Logit lens,148,7,0.0019305019305019303,0.0,0.005791505791505791
-2,2,41-47,Final J-Lens,Actual loop exit,148,7,0.0019305019305019303,0.0,0.005791505791505791
-2,2,41-47,Final J-Lens,Actual final exit,148,7,0.0019305019305019303,0.0,0.005791505791505791
-2,2,41-47,Logit lens,Local J-Lens,148,7,0.6110038610038616,0.5617760617760612,0.6602316602316602
-2,2,41-47,Logit lens,Final J-Lens,148,7,0.0019305019305019303,0.0,0.005791505791505791
-2,2,41-47,Logit lens,Logit lens,148,7,1.0,1.0,1.000000000000001
-2,2,41-47,Logit lens,Actual loop exit,148,7,0.48841698841698855,0.42181467181467147,0.5569498069498067
-2,2,41-47,Logit lens,Actual final exit,148,7,0.4295366795366797,0.36293436293436276,0.4980694980694978
-2,2,41-47,Actual loop exit,Local J-Lens,148,7,0.3494208494208495,0.2895752895752894,0.4121621621621619
-2,2,41-47,Actual loop exit,Final J-Lens,148,7,0.0019305019305019303,0.0,0.005791505791505791
-2,2,41-47,Actual loop exit,Logit lens,148,7,0.48841698841698855,0.42181467181467147,0.5569498069498067
-2,2,41-47,Actual loop exit,Actual loop exit,148,7,1.0,1.0,1.000000000000001
-2,2,41-47,Actual loop exit,Actual final exit,148,7,0.8445945945945946,0.783783783783784,0.8986486486486492
-2,2,41-47,Actual final exit,Local J-Lens,148,7,0.32142857142857145,0.2606177606177606,0.38610038610038583
-2,2,41-47,Actual final exit,Final J-Lens,148,7,0.0019305019305019303,0.0,0.005791505791505791
-2,2,41-47,Actual final exit,Logit lens,148,7,0.4295366795366797,0.36293436293436276,0.4980694980694978
-2,2,41-47,Actual final exit,Actual loop exit,148,7,0.8445945945945946,0.783783783783784,0.8986486486486492
-2,2,41-47,Actual final exit,Actual final exit,148,7,1.0,1.0,1.000000000000001
-2,2,41-48,Local J-Lens,Local J-Lens,148,8,1.0,1.0,1.000000000000001
-2,2,41-48,Local J-Lens,Final J-Lens,148,8,0.0008445945945945946,0.0,0.002533783783783784
-2,2,41-48,Local J-Lens,Logit lens,148,8,0.6596283783783784,0.6165540540540538,0.7027027027027029
-2,2,41-48,Local J-Lens,Actual loop exit,148,8,0.43074324324324326,0.3783783783783782,0.4856418918918916
-2,2,41-48,Local J-Lens,Actual final exit,148,8,0.38682432432432434,0.3310810810810809,0.44594594594594567
-2,2,41-48,Final J-Lens,Local J-Lens,148,8,0.0008445945945945946,0.0,0.002533783783783784
-2,2,41-48,Final J-Lens,Final J-Lens,148,8,1.0,1.0,1.000000000000001
-2,2,41-48,Final J-Lens,Logit lens,148,8,0.0016891891891891893,0.0,0.005067567567567568
-2,2,41-48,Final J-Lens,Actual loop exit,148,8,0.0016891891891891893,0.0,0.005067567567567568
-2,2,41-48,Final J-Lens,Actual final exit,148,8,0.0016891891891891893,0.0,0.005067567567567568
-2,2,41-48,Logit lens,Local J-Lens,148,8,0.6596283783783784,0.6165540540540538,0.7027027027027029
-2,2,41-48,Logit lens,Final J-Lens,148,8,0.0016891891891891893,0.0,0.005067567567567568
-2,2,41-48,Logit lens,Logit lens,148,8,1.0,1.0,1.000000000000001
-2,2,41-48,Logit lens,Actual loop exit,148,8,0.5523648648648649,0.49408783783783766,0.6123310810810805
-2,2,41-48,Logit lens,Actual final exit,148,8,0.4814189189189189,0.42060810810810784,0.5439189189189189
-2,2,41-48,Actual loop exit,Local J-Lens,148,8,0.43074324324324326,0.3783783783783782,0.4856418918918916
-2,2,41-48,Actual loop exit,Final J-Lens,148,8,0.0016891891891891893,0.0,0.005067567567567568
-2,2,41-48,Actual loop exit,Logit lens,148,8,0.5523648648648649,0.49408783783783766,0.6123310810810805
-2,2,41-48,Actual loop exit,Actual loop exit,148,8,1.0,1.0,1.000000000000001
-2,2,41-48,Actual loop exit,Actual final exit,148,8,0.8445945945945946,0.783783783783784,0.8986486486486492
-2,2,41-48,Actual final exit,Local J-Lens,148,8,0.38682432432432434,0.3310810810810809,0.44594594594594567
-2,2,41-48,Actual final exit,Final J-Lens,148,8,0.0016891891891891893,0.0,0.005067567567567568
-2,2,41-48,Actual final exit,Logit lens,148,8,0.4814189189189189,0.42060810810810784,0.5439189189189189
-2,2,41-48,Actual final exit,Actual loop exit,148,8,0.8445945945945946,0.783783783783784,0.8986486486486492
-2,2,41-48,Actual final exit,Actual final exit,148,8,1.0,1.0,1.000000000000001
-2,2,48,Local J-Lens,Local J-Lens,148,1,1.0,1.0,1.000000000000001
-2,2,48,Local J-Lens,Final J-Lens,148,1,0.0,0.0,0.0
-2,2,48,Local J-Lens,Logit lens,148,1,1.0,1.0,1.000000000000001
-2,2,48,Local J-Lens,Actual loop exit,148,1,1.0,1.0,1.000000000000001
-2,2,48,Local J-Lens,Actual final exit,148,1,0.8445945945945946,0.783783783783784,0.8986486486486492
-2,2,48,Final J-Lens,Local J-Lens,148,1,0.0,0.0,0.0
-2,2,48,Final J-Lens,Final J-Lens,148,1,1.0,1.0,1.000000000000001
-2,2,48,Final J-Lens,Logit lens,148,1,0.0,0.0,0.0
-2,2,48,Final J-Lens,Actual loop exit,148,1,0.0,0.0,0.0
-2,2,48,Final J-Lens,Actual final exit,148,1,0.0,0.0,0.0
-2,2,48,Logit lens,Local J-Lens,148,1,1.0,1.0,1.000000000000001
-2,2,48,Logit lens,Final J-Lens,148,1,0.0,0.0,0.0
-2,2,48,Logit lens,Logit lens,148,1,1.0,1.0,1.000000000000001
-2,2,48,Logit lens,Actual loop exit,148,1,1.0,1.0,1.000000000000001
-2,2,48,Logit lens,Actual final exit,148,1,0.8445945945945946,0.783783783783784,0.8986486486486492
-2,2,48,Actual loop exit,Local J-Lens,148,1,1.0,1.0,1.000000000000001
-2,2,48,Actual loop exit,Final J-Lens,148,1,0.0,0.0,0.0
-2,2,48,Actual loop exit,Logit lens,148,1,1.0,1.0,1.000000000000001
-2,2,48,Actual loop exit,Actual loop exit,148,1,1.0,1.0,1.000000000000001
-2,2,48,Actual loop exit,Actual final exit,148,1,0.8445945945945946,0.783783783783784,0.8986486486486492
-2,2,48,Actual final exit,Local J-Lens,148,1,0.8445945945945946,0.783783783783784,0.8986486486486492
-2,2,48,Actual final exit,Final J-Lens,148,1,0.0,0.0,0.0
-2,2,48,Actual final exit,Logit lens,148,1,0.8445945945945946,0.783783783783784,0.8986486486486492
-2,2,48,Actual final exit,Actual loop exit,148,1,0.8445945945945946,0.783783783783784,0.8986486486486492
-2,2,48,Actual final exit,Actual final exit,148,1,1.0,1.0,1.000000000000001
-2,3,1-47,Local J-Lens,Local J-Lens,148,47,1.0,1.0,1.000000000000001
-2,3,1-47,Local J-Lens,Final J-Lens,148,47,0.2514376078205865,0.2186601495112134,0.2842150661299597
-2,3,1-47,Local J-Lens,Logit lens,148,47,0.1482173663024725,0.13096607245543412,0.16633122484186333
-2,3,1-47,Local J-Lens,Actual loop exit,148,47,0.06469235192639441,0.05247268545140882,0.07777458309373203
-2,3,1-47,Local J-Lens,Actual final exit,148,47,0.06469235192639443,0.05247268545140881,0.07777458309373203
-2,3,1-47,Final J-Lens,Local J-Lens,148,47,0.2514376078205865,0.2186601495112134,0.2842150661299597
-2,3,1-47,Final J-Lens,Final J-Lens,148,47,1.0,1.0,1.000000000000001
-2,3,1-47,Final J-Lens,Logit lens,148,47,0.006900517538815411,0.003018976423231743,0.011932144910868313
-2,3,1-47,Final J-Lens,Actual loop exit,148,47,0.07202415181138584,0.049884991374353066,0.09703852788959172
-2,3,1-47,Final J-Lens,Actual final exit,148,47,0.07044278320874064,0.04844738355376654,0.09531339850488788
-2,3,1-47,Logit lens,Local J-Lens,148,47,0.1482173663024725,0.13096607245543412,0.16633122484186333
-2,3,1-47,Logit lens,Final J-Lens,148,47,0.006900517538815411,0.003018976423231743,0.011932144910868313
-2,3,1-47,Logit lens,Logit lens,148,47,1.0,1.0,1.000000000000001
-2,3,1-47,Logit lens,Actual loop exit,148,47,0.15569292696952258,0.1398792409430708,0.172225416906268
-2,3,1-47,Logit lens,Actual final exit,148,47,0.15554916618746395,0.13916043703277753,0.17251293847038537
-2,3,1-47,Actual loop exit,Local J-Lens,148,47,0.06469235192639441,0.05247268545140882,0.07777458309373203
-2,3,1-47,Actual loop exit,Final J-Lens,148,47,0.07202415181138584,0.049884991374353066,0.09703852788959172
-2,3,1-47,Actual loop exit,Logit lens,148,47,0.15569292696952258,0.1398792409430708,0.172225416906268
-2,3,1-47,Actual loop exit,Actual loop exit,148,47,1.0,1.0,1.000000000000001
-2,3,1-47,Actual loop exit,Actual final exit,148,47,0.9662162162162162,0.9324324324324331,0.9932432432432438
-2,3,1-47,Actual final exit,Local J-Lens,148,47,0.06469235192639443,0.05247268545140881,0.07777458309373203
-2,3,1-47,Actual final exit,Final J-Lens,148,47,0.07044278320874064,0.04844738355376654,0.09531339850488788
-2,3,1-47,Actual final exit,Logit lens,148,47,0.15554916618746395,0.13916043703277753,0.17251293847038537
-2,3,1-47,Actual final exit,Actual loop exit,148,47,0.9662162162162162,0.9324324324324331,0.9932432432432438
-2,3,1-47,Actual final exit,Actual final exit,148,47,1.0,1.0,1.000000000000001
-2,3,41-47,Local J-Lens,Local J-Lens,148,7,1.0,1.0,1.000000000000001
-2,3,41-47,Local J-Lens,Final J-Lens,148,7,0.0038610038610038607,0.0,0.010617760617760617
-2,3,41-47,Local J-Lens,Logit lens,148,7,0.6129343629343643,0.5637065637065632,0.663127413127413
-2,3,41-47,Local J-Lens,Actual loop exit,148,7,0.34073359073359083,0.28088803088803066,0.40444015444015424
-2,3,41-47,Local J-Lens,Actual final exit,148,7,0.34169884169884185,0.2808880308880308,0.4063706563706561
-2,3,41-47,Final J-Lens,Local J-Lens,148,7,0.0038610038610038607,0.0,0.010617760617760617
-2,3,41-47,Final J-Lens,Final J-Lens,148,7,1.0,1.0,1.000000000000001
-2,3,41-47,Final J-Lens,Logit lens,148,7,0.0193050193050193,0.003861003861003861,0.03957528957528957
-2,3,41-47,Final J-Lens,Actual loop exit,148,7,0.1631274131274131,0.11776061776061778,0.21138996138996133
-2,3,41-47,Final J-Lens,Actual final exit,148,7,0.15926640926640925,0.11486486486486486,0.2065637065637066
-2,3,41-47,Logit lens,Local J-Lens,148,7,0.6129343629343643,0.5637065637065632,0.663127413127413
-2,3,41-47,Logit lens,Final J-Lens,148,7,0.0193050193050193,0.003861003861003861,0.03957528957528957
-2,3,41-47,Logit lens,Logit lens,148,7,1.0,1.0,1.000000000000001
-2,3,41-47,Logit lens,Actual loop exit,148,7,0.4749034749034751,0.40637065637065606,0.5453667953667953
-2,3,41-47,Logit lens,Actual final exit,148,7,0.47490347490347523,0.40637065637065617,0.5453667953667954
-2,3,41-47,Actual loop exit,Local J-Lens,148,7,0.34073359073359083,0.28088803088803066,0.40444015444015424
-2,3,41-47,Actual loop exit,Final J-Lens,148,7,0.1631274131274131,0.11776061776061778,0.21138996138996133
-2,3,41-47,Actual loop exit,Logit lens,148,7,0.4749034749034751,0.40637065637065606,0.5453667953667953
-2,3,41-47,Actual loop exit,Actual loop exit,148,7,1.0,1.0,1.000000000000001
-2,3,41-47,Actual loop exit,Actual final exit,148,7,0.9662162162162162,0.9324324324324331,0.9932432432432438
-2,3,41-47,Actual final exit,Local J-Lens,148,7,0.34169884169884185,0.2808880308880308,0.4063706563706561
-2,3,41-47,Actual final exit,Final J-Lens,148,7,0.15926640926640925,0.11486486486486486,0.2065637065637066
-2,3,41-47,Actual final exit,Logit lens,148,7,0.47490347490347523,0.40637065637065617,0.5453667953667954
-2,3,41-47,Actual final exit,Actual loop exit,148,7,0.9662162162162162,0.9324324324324331,0.9932432432432438
-2,3,41-47,Actual final exit,Actual final exit,148,7,1.0,1.0,1.000000000000001
-2,3,41-48,Local J-Lens,Local J-Lens,148,8,1.0,1.0,1.000000000000001
-2,3,41-48,Local J-Lens,Final J-Lens,148,8,0.005067567567567568,0.0,0.013513513513513514
-2,3,41-48,Local J-Lens,Logit lens,148,8,0.6613175675675675,0.618243243243243,0.7052364864864863
-2,3,41-48,Local J-Lens,Actual loop exit,148,8,0.4231418918918919,0.37077702702702664,0.4788851351351349
-2,3,41-48,Local J-Lens,Actual final exit,148,8,0.4197635135135135,0.3665540540540539,0.4763513513513513
-2,3,41-48,Final J-Lens,Local J-Lens,148,8,0.005067567567567568,0.0,0.013513513513513514
-2,3,41-48,Final J-Lens,Final J-Lens,148,8,1.0,1.0,1.000000000000001
-2,3,41-48,Final J-Lens,Logit lens,148,8,0.018581081081081082,0.004222972972972973,0.03800675675675676
-2,3,41-48,Final J-Lens,Actual loop exit,148,8,0.14442567567567569,0.10388513513513514,0.1875
-2,3,41-48,Final J-Lens,Actual final exit,148,8,0.14104729729729729,0.10135135135135134,0.18412162162162157
-2,3,41-48,Logit lens,Local J-Lens,148,8,0.6613175675675675,0.618243243243243,0.7052364864864863
-2,3,41-48,Logit lens,Final J-Lens,148,8,0.018581081081081082,0.004222972972972973,0.03800675675675676
-2,3,41-48,Logit lens,Logit lens,148,8,1.0,1.0,1.000000000000001
-2,3,41-48,Logit lens,Actual loop exit,148,8,0.5405405405405406,0.48057432432432406,0.6021959459459459
-2,3,41-48,Logit lens,Actual final exit,148,8,0.5363175675675675,0.4755067567567568,0.5988175675675674
-2,3,41-48,Actual loop exit,Local J-Lens,148,8,0.4231418918918919,0.37077702702702664,0.4788851351351349
-2,3,41-48,Actual loop exit,Final J-Lens,148,8,0.14442567567567569,0.10388513513513514,0.1875
-2,3,41-48,Actual loop exit,Logit lens,148,8,0.5405405405405406,0.48057432432432406,0.6021959459459459
-2,3,41-48,Actual loop exit,Actual loop exit,148,8,1.0,1.0,1.000000000000001
-2,3,41-48,Actual loop exit,Actual final exit,148,8,0.9662162162162162,0.9324324324324331,0.9932432432432438
-2,3,41-48,Actual final exit,Local J-Lens,148,8,0.4197635135135135,0.3665540540540539,0.4763513513513513
-2,3,41-48,Actual final exit,Final J-Lens,148,8,0.14104729729729729,0.10135135135135134,0.18412162162162157
-2,3,41-48,Actual final exit,Logit lens,148,8,0.5363175675675675,0.4755067567567568,0.5988175675675674
-2,3,41-48,Actual final exit,Actual loop exit,148,8,0.9662162162162162,0.9324324324324331,0.9932432432432438
-2,3,41-48,Actual final exit,Actual final exit,148,8,1.0,1.0,1.000000000000001
-2,3,48,Local J-Lens,Local J-Lens,148,1,1.0,1.0,1.000000000000001
-2,3,48,Local J-Lens,Final J-Lens,148,1,0.013513513513513514,0.0,0.033783783783783786
-2,3,48,Local J-Lens,Logit lens,148,1,1.0,1.0,1.000000000000001
-2,3,48,Local J-Lens,Actual loop exit,148,1,1.0,1.0,1.000000000000001
-2,3,48,Local J-Lens,Actual final exit,148,1,0.9662162162162162,0.9324324324324331,0.9932432432432438
-2,3,48,Final J-Lens,Local J-Lens,148,1,0.013513513513513514,0.0,0.033783783783783786
-2,3,48,Final J-Lens,Final J-Lens,148,1,1.0,1.0,1.000000000000001
-2,3,48,Final J-Lens,Logit lens,148,1,0.013513513513513514,0.0,0.033783783783783786
-2,3,48,Final J-Lens,Actual loop exit,148,1,0.013513513513513514,0.0,0.033783783783783786
-2,3,48,Final J-Lens,Actual final exit,148,1,0.013513513513513514,0.0,0.033783783783783786
-2,3,48,Logit lens,Local J-Lens,148,1,1.0,1.0,1.000000000000001
-2,3,48,Logit lens,Final J-Lens,148,1,0.013513513513513514,0.0,0.033783783783783786
-2,3,48,Logit lens,Logit lens,148,1,1.0,1.0,1.000000000000001
-2,3,48,Logit lens,Actual loop exit,148,1,1.0,1.0,1.000000000000001
-2,3,48,Logit lens,Actual final exit,148,1,0.9662162162162162,0.9324324324324331,0.9932432432432438
-2,3,48,Actual loop exit,Local J-Lens,148,1,1.0,1.0,1.000000000000001
-2,3,48,Actual loop exit,Final J-Lens,148,1,0.013513513513513514,0.0,0.033783783783783786
-2,3,48,Actual loop exit,Logit lens,148,1,1.0,1.0,1.000000000000001
-2,3,48,Actual loop exit,Actual loop exit,148,1,1.0,1.0,1.000000000000001
-2,3,48,Actual loop exit,Actual final exit,148,1,0.9662162162162162,0.9324324324324331,0.9932432432432438
-2,3,48,Actual final exit,Local J-Lens,148,1,0.9662162162162162,0.9324324324324331,0.9932432432432438
-2,3,48,Actual final exit,Final J-Lens,148,1,0.013513513513513514,0.0,0.033783783783783786
-2,3,48,Actual final exit,Logit lens,148,1,0.9662162162162162,0.9324324324324331,0.9932432432432438
-2,3,48,Actual final exit,Actual loop exit,148,1,0.9662162162162162,0.9324324324324331,0.9932432432432438
-2,3,48,Actual final exit,Actual final exit,148,1,1.0,1.0,1.000000000000001
-2,4,1-47,Local J-Lens,Local J-Lens,148,47,1.0,1.0,1.000000000000001
-2,4,1-47,Local J-Lens,Final J-Lens,148,47,1.0,1.0,1.000000000000001
-2,4,1-47,Local J-Lens,Logit lens,148,47,0.16029327199539947,0.14131684876365733,0.18041978148361143
-2,4,1-47,Local J-Lens,Actual loop exit,148,47,0.06857389304197807,0.05606670500287521,0.081943645773433
-2,4,1-47,Local J-Lens,Actual final exit,148,47,0.06857389304197807,0.05606670500287521,0.081943645773433
-2,4,1-47,Final J-Lens,Local J-Lens,148,47,1.0,1.0,1.000000000000001
-2,4,1-47,Final J-Lens,Final J-Lens,148,47,1.0,1.0,1.000000000000001
-2,4,1-47,Final J-Lens,Logit lens,148,47,0.16029327199539947,0.14131684876365733,0.18041978148361143
-2,4,1-47,Final J-Lens,Actual loop exit,148,47,0.06857389304197807,0.05606670500287521,0.081943645773433
-2,4,1-47,Final J-Lens,Actual final exit,148,47,0.06857389304197807,0.05606670500287521,0.081943645773433
-2,4,1-47,Logit lens,Local J-Lens,148,47,0.16029327199539947,0.14131684876365733,0.18041978148361143
-2,4,1-47,Logit lens,Final J-Lens,148,47,0.16029327199539947,0.14131684876365733,0.18041978148361143
-2,4,1-47,Logit lens,Logit lens,148,47,1.0,1.0,1.000000000000001
-2,4,1-47,Logit lens,Actual loop exit,148,47,0.15554916618746392,0.14074180563542268,0.17107533064979868
-2,4,1-47,Logit lens,Actual final exit,148,47,0.15554916618746392,0.14074180563542268,0.17107533064979868
-2,4,1-47,Actual loop exit,Local J-Lens,148,47,0.06857389304197807,0.05606670500287521,0.081943645773433
-2,4,1-47,Actual loop exit,Final J-Lens,148,47,0.06857389304197807,0.05606670500287521,0.081943645773433
-2,4,1-47,Actual loop exit,Logit lens,148,47,0.15554916618746392,0.14074180563542268,0.17107533064979868
-2,4,1-47,Actual loop exit,Actual loop exit,148,47,1.0,1.0,1.000000000000001
-2,4,1-47,Actual loop exit,Actual final exit,148,47,1.0,1.0,1.000000000000001
-2,4,1-47,Actual final exit,Local J-Lens,148,47,0.06857389304197807,0.05606670500287521,0.081943645773433
-2,4,1-47,Actual final exit,Final J-Lens,148,47,0.06857389304197807,0.05606670500287521,0.081943645773433
-2,4,1-47,Actual final exit,Logit lens,148,47,0.15554916618746392,0.14074180563542268,0.17107533064979868
-2,4,1-47,Actual final exit,Actual loop exit,148,47,1.0,1.0,1.000000000000001
-2,4,1-47,Actual final exit,Actual final exit,148,47,1.0,1.0,1.000000000000001
-2,4,41-47,Local J-Lens,Local J-Lens,148,7,1.0,1.0,1.000000000000001
-2,4,41-47,Local J-Lens,Final J-Lens,148,7,1.0,1.0,1.000000000000001
-2,4,41-47,Local J-Lens,Logit lens,148,7,0.6148648648648658,0.5666023166023162,0.6650579150579147
-2,4,41-47,Local J-Lens,Actual loop exit,148,7,0.33976833976834,0.2789575289575288,0.4044401544401542
-2,4,41-47,Local J-Lens,Actual final exit,148,7,0.33976833976834,0.2789575289575288,0.4044401544401542
-2,4,41-47,Final J-Lens,Local J-Lens,148,7,1.0,1.0,1.000000000000001
-2,4,41-47,Final J-Lens,Final J-Lens,148,7,1.0,1.0,1.000000000000001
-2,4,41-47,Final J-Lens,Logit lens,148,7,0.6148648648648658,0.5666023166023162,0.6650579150579147
-2,4,41-47,Final J-Lens,Actual loop exit,148,7,0.33976833976834,0.2789575289575288,0.4044401544401542
-2,4,41-47,Final J-Lens,Actual final exit,148,7,0.33976833976834,0.2789575289575288,0.4044401544401542
-2,4,41-47,Logit lens,Local J-Lens,148,7,0.6148648648648658,0.5666023166023162,0.6650579150579147
-2,4,41-47,Logit lens,Final J-Lens,148,7,0.6148648648648658,0.5666023166023162,0.6650579150579147
-2,4,41-47,Logit lens,Logit lens,148,7,1.0,1.0,1.000000000000001
-2,4,41-47,Logit lens,Actual loop exit,148,7,0.4633204633204635,0.3957528957528955,0.5328185328185325
-2,4,41-47,Logit lens,Actual final exit,148,7,0.4633204633204635,0.3957528957528955,0.5328185328185325
-2,4,41-47,Actual loop exit,Local J-Lens,148,7,0.33976833976834,0.2789575289575288,0.4044401544401542
-2,4,41-47,Actual loop exit,Final J-Lens,148,7,0.33976833976834,0.2789575289575288,0.4044401544401542
-2,4,41-47,Actual loop exit,Logit lens,148,7,0.4633204633204635,0.3957528957528955,0.5328185328185325
-2,4,41-47,Actual loop exit,Actual loop exit,148,7,1.0,1.0,1.000000000000001
-2,4,41-47,Actual loop exit,Actual final exit,148,7,1.0,1.0,1.000000000000001
-2,4,41-47,Actual final exit,Local J-Lens,148,7,0.33976833976834,0.2789575289575288,0.4044401544401542
-2,4,41-47,Actual final exit,Final J-Lens,148,7,0.33976833976834,0.2789575289575288,0.4044401544401542
-2,4,41-47,Actual final exit,Logit lens,148,7,0.4633204633204635,0.3957528957528955,0.5328185328185325
-2,4,41-47,Actual final exit,Actual loop exit,148,7,1.0,1.0,1.000000000000001
-2,4,41-47,Actual final exit,Actual final exit,148,7,1.0,1.0,1.000000000000001
-2,4,41-48,Local J-Lens,Local J-Lens,148,8,1.0,1.0,1.000000000000001
-2,4,41-48,Local J-Lens,Final J-Lens,148,8,1.0,1.0,1.000000000000001
-2,4,41-48,Local J-Lens,Logit lens,148,8,0.6630067567567568,0.620777027027027,0.7069256756756758
-2,4,41-48,Local J-Lens,Actual loop exit,148,8,0.4222972972972973,0.3690878378378375,0.47888513513513487
-2,4,41-48,Local J-Lens,Actual final exit,148,8,0.4222972972972973,0.3690878378378375,0.47888513513513487
-2,4,41-48,Final J-Lens,Local J-Lens,148,8,1.0,1.0,1.000000000000001
-2,4,41-48,Final J-Lens,Final J-Lens,148,8,1.0,1.0,1.000000000000001
-2,4,41-48,Final J-Lens,Logit lens,148,8,0.6630067567567568,0.620777027027027,0.7069256756756758
-2,4,41-48,Final J-Lens,Actual loop exit,148,8,0.4222972972972973,0.3690878378378375,0.47888513513513487
-2,4,41-48,Final J-Lens,Actual final exit,148,8,0.4222972972972973,0.3690878378378375,0.47888513513513487
-2,4,41-48,Logit lens,Local J-Lens,148,8,0.6630067567567568,0.620777027027027,0.7069256756756758
-2,4,41-48,Logit lens,Final J-Lens,148,8,0.6630067567567568,0.620777027027027,0.7069256756756758
-2,4,41-48,Logit lens,Logit lens,148,8,1.0,1.0,1.000000000000001
-2,4,41-48,Logit lens,Actual loop exit,148,8,0.5304054054054054,0.4712837837837837,0.5912162162162159
-2,4,41-48,Logit lens,Actual final exit,148,8,0.5304054054054054,0.4712837837837837,0.5912162162162159
-2,4,41-48,Actual loop exit,Local J-Lens,148,8,0.4222972972972973,0.3690878378378375,0.47888513513513487
-2,4,41-48,Actual loop exit,Final J-Lens,148,8,0.4222972972972973,0.3690878378378375,0.47888513513513487
-2,4,41-48,Actual loop exit,Logit lens,148,8,0.5304054054054054,0.4712837837837837,0.5912162162162159
-2,4,41-48,Actual loop exit,Actual loop exit,148,8,1.0,1.0,1.000000000000001
-2,4,41-48,Actual loop exit,Actual final exit,148,8,1.0,1.0,1.000000000000001
-2,4,41-48,Actual final exit,Local J-Lens,148,8,0.4222972972972973,0.3690878378378375,0.47888513513513487
-2,4,41-48,Actual final exit,Final J-Lens,148,8,0.4222972972972973,0.3690878378378375,0.47888513513513487
-2,4,41-48,Actual final exit,Logit lens,148,8,0.5304054054054054,0.4712837837837837,0.5912162162162159
-2,4,41-48,Actual final exit,Actual loop exit,148,8,1.0,1.0,1.000000000000001
-2,4,41-48,Actual final exit,Actual final exit,148,8,1.0,1.0,1.000000000000001
-2,4,48,Local J-Lens,Local J-Lens,148,1,1.0,1.0,1.000000000000001
-2,4,48,Local J-Lens,Final J-Lens,148,1,1.0,1.0,1.000000000000001
-2,4,48,Local J-Lens,Logit lens,148,1,1.0,1.0,1.000000000000001
-2,4,48,Local J-Lens,Actual loop exit,148,1,1.0,1.0,1.000000000000001
-2,4,48,Local J-Lens,Actual final exit,148,1,1.0,1.0,1.000000000000001
-2,4,48,Final J-Lens,Local J-Lens,148,1,1.0,1.0,1.000000000000001
-2,4,48,Final J-Lens,Final J-Lens,148,1,1.0,1.0,1.000000000000001
-2,4,48,Final J-Lens,Logit lens,148,1,1.0,1.0,1.000000000000001
-2,4,48,Final J-Lens,Actual loop exit,148,1,1.0,1.0,1.000000000000001
-2,4,48,Final J-Lens,Actual final exit,148,1,1.0,1.0,1.000000000000001
-2,4,48,Logit lens,Local J-Lens,148,1,1.0,1.0,1.000000000000001
-2,4,48,Logit lens,Final J-Lens,148,1,1.0,1.0,1.000000000000001
-2,4,48,Logit lens,Logit lens,148,1,1.0,1.0,1.000000000000001
-2,4,48,Logit lens,Actual loop exit,148,1,1.0,1.0,1.000000000000001
-2,4,48,Logit lens,Actual final exit,148,1,1.0,1.0,1.000000000000001
-2,4,48,Actual loop exit,Local J-Lens,148,1,1.0,1.0,1.000000000000001
-2,4,48,Actual loop exit,Final J-Lens,148,1,1.0,1.0,1.000000000000001
-2,4,48,Actual loop exit,Logit lens,148,1,1.0,1.0,1.000000000000001
-2,4,48,Actual loop exit,Actual loop exit,148,1,1.0,1.0,1.000000000000001
-2,4,48,Actual loop exit,Actual final exit,148,1,1.0,1.0,1.000000000000001
-2,4,48,Actual final exit,Local J-Lens,148,1,1.0,1.0,1.000000000000001
-2,4,48,Actual final exit,Final J-Lens,148,1,1.0,1.0,1.000000000000001
-2,4,48,Actual final exit,Logit lens,148,1,1.0,1.0,1.000000000000001
-2,4,48,Actual final exit,Actual loop exit,148,1,1.0,1.0,1.000000000000001
-2,4,48,Actual final exit,Actual final exit,148,1,1.0,1.0,1.000000000000001
