item,group,pass,own_exit_excess,final_target_exit3_excess,raw_excess,fit01_excess
confirmation-001,dg001,1,0.0,-0.0031645569620253164,0.0,0.0
confirmation-002,dg001,1,0.0,0.0,0.0,0.0
confirmation-003,dg002,1,0.9810126582278481,-0.010548523206751054,0.9113924050632911,0.0
confirmation-004,dg002,1,0.9145569620253164,0.0,0.16455696202531644,0.0
confirmation-005,dg003,1,-0.015822784810126583,-0.006329113924050633,0.0,0.0
confirmation-006,dg003,1,-0.008438818565400843,-0.006329113924050633,0.0,-0.002109704641350211
confirmation-007,dg004,1,0.0,-0.007383966244725738,0.0,0.0
confirmation-008,dg004,1,0.4989451476793249,0.0,0.0,0.0
confirmation-009,dg005,1,0.0,-0.002109704641350211,0.0,0.0
confirmation-010,dg005,1,-0.00949367088607595,0.0,0.0,0.0
confirmation-011,dg003,1,0.0,0.0,0.0,0.0
confirmation-012,dg003,1,-0.029535864978902954,-0.011603375527426161,-0.017932489451476793,-0.006329113924050633
confirmation-013,dg003,1,0.0,0.0,0.0,0.0
confirmation-014,dg003,1,-0.020042194092827006,-0.0010548523206751054,0.0,-0.007383966244725738
confirmation-015,dg003,1,0.0,-0.007383966244725738,0.0,0.0
confirmation-016,dg003,1,-0.024261603375527425,-0.011603375527426161,-0.02109704641350211,-0.002109704641350211
confirmation-017,dg006,1,0.9957805907172996,-0.007383966244725738,0.08333333333333333,-0.0010548523206751054
confirmation-018,dg006,1,-0.004219409282700422,-0.005274261603375527,0.0,0.0
confirmation-019,dg006,1,0.47468354430379744,-0.007383966244725738,-0.0010548523206751054,-0.004219409282700422
confirmation-020,dg006,1,0.0,0.0,0.0,0.0
confirmation-021,dg006,1,0.0,0.0,0.0,0.0
confirmation-022,dg006,1,0.9651898734177216,-0.007383966244725738,-0.0010548523206751054,0.0
confirmation-023,dg006,1,-0.0010548523206751054,0.0,0.0,0.0
confirmation-024,dg006,1,-0.020042194092827006,-0.010548523206751054,0.0,0.0
confirmation-025,dg006,1,0.0,0.0,0.0,0.0
confirmation-026,dg006,1,-0.012658227848101266,-0.006329113924050633,0.0,-0.0010548523206751054
confirmation-027,dg006,1,0.0,0.0,0.0,0.0
confirmation-028,dg006,1,0.8238396624472574,-0.007383966244725738,0.0,-0.004219409282700422
confirmation-029,dg006,1,0.0,0.0,0.0,0.0
confirmation-030,dg006,1,0.9873417721518988,-0.007383966244725738,0.5,-0.0010548523206751054
confirmation-031,dg006,1,0.0,0.0,0.0,0.0
confirmation-032,dg006,1,0.0,0.0,0.0,0.0
confirmation-033,dg007,1,0.6666666666666666,0.5,0.0,0.0
confirmation-034,dg007,1,0.0,0.08333333333333333,0.0,0.0
confirmation-035,dg007,1,0.0,-0.004219409282700422,0.0,0.0
confirmation-036,dg007,1,0.3333333333333333,-0.007383966244725738,0.0,0.0
confirmation-037,dg007,1,0.0,-0.007383966244725738,0.0,0.0
confirmation-038,dg007,1,0.0,0.0,0.0,0.0
confirmation-039,dg007,1,0.5822784810126582,-0.004219409282700422,0.0,0.0
confirmation-040,dg007,1,0.9873417721518988,-0.010548523206751054,0.75,0.0
confirmation-041,dg007,1,0.3333333333333333,-0.006329113924050633,0.0,0.0
confirmation-042,dg007,1,0.0,-0.0010548523206751054,0.0,0.0
confirmation-043,dg007,1,0.0,-0.006329113924050633,0.0,0.0
confirmation-044,dg007,1,0.0,0.0,0.0,0.0
confirmation-045,dg007,1,0.5,-0.005274261603375527,0.0,0.0
confirmation-046,dg007,1,0.0,0.0,0.0,0.0
confirmation-047,dg007,1,-0.006329113924050633,-0.0031645569620253164,0.0,0.0
confirmation-048,dg007,1,0.0,-0.0010548523206751054,0.0,0.0
confirmation-049,dg008,1,0.8333333333333334,-0.007383966244725738,0.0,0.0
confirmation-050,dg008,1,0.0,-0.010548523206751054,-0.002109704641350211,0.0
confirmation-051,dg009,1,0.0,0.0,0.0,0.0
confirmation-052,dg009,1,0.0,-0.002109704641350211,0.0,0.0
confirmation-053,dg006,1,0.0,-0.004219409282700422,0.0,0.0
confirmation-054,dg006,1,-0.004219409282700422,0.0,0.0,0.0
confirmation-055,dg010,1,0.0,-0.007383966244725738,0.0,0.0
confirmation-056,dg010,1,0.0,-0.007383966244725738,0.0,-0.002109704641350211
confirmation-057,dg010,1,0.9166666666666666,-0.007383966244725738,0.9166666666666666,0.0
confirmation-058,dg010,1,-0.0010548523206751054,-0.006329113924050633,0.0,-0.006329113924050633
confirmation-059,dg006,1,0.0,-0.005274261603375527,0.0,0.0
confirmation-060,dg006,1,-0.004219409282700422,0.0,0.0,0.0
confirmation-061,dg010,1,-0.004219409282700422,-0.005274261603375527,0.0,-0.005274261603375527
confirmation-062,dg010,1,1.0,0.07278481012658228,0.0,0.0
confirmation-063,dg006,1,-0.005274261603375527,-0.005274261603375527,0.0,0.0
confirmation-064,dg006,1,-0.010548523206751054,-0.005274261603375527,-0.010548523206751054,0.0
confirmation-065,dg011,1,0.0,-0.0010548523206751054,0.0,-0.012658227848101266
confirmation-066,dg011,1,-0.004219409282700422,0.0,0.0,0.0
confirmation-067,dg011,1,0.0,0.0,0.0,-0.015822784810126583
confirmation-068,dg011,1,-0.0010548523206751054,0.0,0.0,0.0
confirmation-069,dg012,1,0.5833333333333334,-0.002109704641350211,0.0,0.0
confirmation-070,dg012,1,0.5812236286919832,-0.0010548523206751054,0.0,0.0
confirmation-071,dg013,1,-0.0010548523206751054,-0.004219409282700422,0.0,-0.020042194092827006
confirmation-072,dg013,1,0.0,0.0,0.0,0.0
confirmation-073,dg014,1,0.0,0.0,0.0,0.0
confirmation-074,dg014,1,0.0,0.0,0.0,-0.0010548523206751054
confirmation-075,dg006,1,0.3333333333333333,-0.0010548523206751054,0.16666666666666666,0.0
confirmation-076,dg006,1,0.0,0.0,0.0,0.0
confirmation-077,dg013,1,-0.006329113924050633,-0.006329113924050633,-0.004219409282700422,-0.017932489451476793
confirmation-078,dg013,1,0.0,0.0,0.0,0.0
confirmation-079,dg015,1,0.3291139240506329,0.0,0.0,0.0
confirmation-080,dg015,1,0.0,0.0,0.0,0.0
confirmation-081,dg016,1,0.0,-0.012658227848101266,0.0,-0.002109704641350211
confirmation-082,dg016,1,0.0,-0.00949367088607595,0.0,-0.0031645569620253164
confirmation-083,dg016,1,0.0,-0.0010548523206751054,0.0,0.0
confirmation-084,dg016,1,0.0,-0.006329113924050633,0.0,0.0
confirmation-085,dg016,1,-0.004219409282700422,-0.00949367088607595,0.0,0.0
confirmation-086,dg016,1,1.0,-0.008438818565400843,0.0,0.0
confirmation-087,dg016,1,-0.004219409282700422,-0.008438818565400843,0.0,0.0
confirmation-088,dg016,1,1.0,-0.006329113924050633,1.0,0.0
confirmation-089,dg017,1,0.0,-0.002109704641350211,0.0,0.0
confirmation-090,dg017,1,0.9883966244725738,0.0,1.0,-0.005274261603375527
confirmation-091,dg018,1,0.0,-0.010548523206751054,0.0,0.0
confirmation-092,dg018,1,1.0,0.0,0.9166666666666666,0.0
confirmation-093,dg008,1,-0.014767932489451477,0.0,0.0,0.0
confirmation-094,dg008,1,1.0,0.0,0.0,0.0
confirmation-095,dg016,1,0.0,-0.011603375527426161,0.0,0.0
confirmation-096,dg016,1,1.0,-0.008438818565400843,0.16666666666666666,0.0
confirmation-097,dg016,1,0.4092827004219409,-0.007383966244725738,0.0,0.0
confirmation-098,dg016,1,0.41350210970464135,-0.005274261603375527,0.0,0.0
confirmation-099,dg016,1,0.5780590717299579,-0.008438818565400843,0.0,0.0
confirmation-100,dg016,1,0.9873417721518988,-0.004219409282700422,1.0,0.0
confirmation-101,dg016,1,0.08333333333333333,-0.007383966244725738,0.0,0.0
confirmation-102,dg016,1,0.0,0.0,0.0,0.0
confirmation-103,dg016,1,0.0,0.0,0.0,0.0
confirmation-104,dg016,1,-0.007383966244725738,0.0,0.0,0.0
confirmation-105,dg016,1,0.75,-0.011603375527426161,0.0,0.0
confirmation-106,dg016,1,-0.0010548523206751054,-0.008438818565400843,0.0,0.0
confirmation-107,dg016,1,-0.006329113924050633,-0.00949367088607595,0.0,0.0
confirmation-108,dg016,1,-0.0189873417721519,-0.004219409282700422,0.0,0.0
confirmation-109,dg019,1,-0.004219409282700422,-0.0010548523206751054,0.0,0.0
confirmation-110,dg019,1,0.0,-0.006329113924050633,0.0,0.0
confirmation-111,dg016,1,0.0,-0.00949367088607595,0.0,0.0
confirmation-112,dg016,1,0.0,-0.005274261603375527,0.0,0.0
confirmation-113,dg013,1,0.0,0.0,0.0,0.0
confirmation-114,dg013,1,0.6635021097046413,-0.008438818565400843,0.0,0.0
confirmation-115,dg013,1,0.9092827004219409,-0.00949367088607595,0.4166666666666667,0.0
confirmation-116,dg013,1,-0.0010548523206751054,-0.002109704641350211,0.0,0.0
confirmation-117,dg002,1,0.0,0.0,0.0,0.0
confirmation-118,dg002,1,0.9166666666666666,-0.008438818565400843,0.0,0.0
confirmation-119,dg020,1,0.0,-0.0010548523206751054,0.0,0.0
confirmation-120,dg020,1,0.0,-0.007383966244725738,0.0,0.0
confirmation-121,dg021,1,1.0,-0.008438818565400843,0.8333333333333334,0.0
confirmation-122,dg021,1,1.0,0.24472573839662448,0.25,0.0
confirmation-123,dg013,1,1.0,0.0,0.08333333333333333,0.0
confirmation-124,dg013,1,0.6666666666666666,0.0,0.0,0.0
confirmation-125,dg022,1,0.0,-0.005274261603375527,0.0,0.0
confirmation-126,dg022,1,0.0,0.0,0.0,0.0
confirmation-127,dg023,1,0.0,-0.007383966244725738,0.0,-0.005274261603375527
confirmation-128,dg023,1,1.0,-0.004219409282700422,0.0,0.0
confirmation-129,dg006,1,-0.0010548523206751054,0.0,0.0,0.0
confirmation-130,dg006,1,0.0,0.0,0.0,0.0
confirmation-131,dg006,1,0.0,0.0,0.0,0.0
confirmation-132,dg006,1,0.0,0.0,0.0,0.0
confirmation-133,dg006,1,0.0,0.0,0.0,0.0
confirmation-134,dg006,1,0.0,0.0,0.0,0.0
confirmation-135,dg006,1,0.0,0.0,0.0,0.0
confirmation-136,dg006,1,0.0,0.0,0.0,0.0
confirmation-137,dg006,1,-0.002109704641350211,0.0,0.0,0.0
confirmation-138,dg006,1,0.0,0.0,0.0,0.0
confirmation-139,dg006,1,-0.0010548523206751054,0.0,0.0,0.0
confirmation-140,dg006,1,0.0,0.0,0.0,0.0
confirmation-141,dg006,1,0.0,0.0,0.0,0.0
confirmation-142,dg006,1,0.0,0.0,0.0,0.0
confirmation-143,dg006,1,-0.002109704641350211,0.0,0.0,0.0
confirmation-144,dg006,1,0.0,0.0,0.0,0.0
confirmation-145,dg006,1,0.0,0.0,0.0,0.0
confirmation-146,dg006,1,0.4166666666666667,-0.0010548523206751054,0.08333333333333333,0.0
confirmation-147,dg024,1,0.32383966244725737,0.0,0.0,0.0
confirmation-148,dg024,1,0.7489451476793249,-0.002109704641350211,0.0,0.0
confirmation-149,dg024,1,1.0,0.0,0.0,0.0
confirmation-150,dg024,1,0.0,0.0,0.0,0.0
confirmation-151,dg025,1,0.08333333333333333,0.0,0.0,0.0
confirmation-152,dg025,1,0.0,0.0,0.0,0.0
confirmation-153,dg026,1,0.0,-0.002109704641350211,0.0,0.0
confirmation-154,dg026,1,0.4145569620253165,0.0,0.0,0.0
confirmation-155,dg027,1,0.0,-0.007383966244725738,0.0,0.0
confirmation-156,dg027,1,0.0,-0.002109704641350211,0.0,0.0
confirmation-157,dg028,1,0.8333333333333334,-0.0010548523206751054,0.5833333333333334,0.0
confirmation-158,dg028,1,1.0,-0.0031645569620253164,0.4978902953586498,0.0
confirmation-159,dg003,1,0.990506329113924,-0.002109704641350211,0.0,0.0
confirmation-160,dg003,1,-0.007383966244725738,0.0,0.0,0.0
confirmation-001,dg001,2,0.5833333333333334,0.0,0.0,0.0
confirmation-002,dg001,2,0.0,0.0,0.0,0.0
confirmation-003,dg002,2,0.9873417721518988,-0.007383966244725738,0.75,-0.010548523206751054
confirmation-004,dg002,2,0.5833333333333334,0.0,0.08333333333333333,0.0
confirmation-005,dg003,2,0.979957805907173,-0.004219409282700422,0.9989451476793249,0.07489451476793249
confirmation-006,dg003,2,-0.0010548523206751054,0.0,0.0,0.0
confirmation-007,dg004,2,0.0,0.0,0.0,0.0
confirmation-008,dg004,2,0.24472573839662448,0.0,0.0,0.0
confirmation-009,dg005,2,0.0,-0.011603375527426161,0.0,0.0
confirmation-010,dg005,2,0.0,0.0,0.0,0.0
confirmation-011,dg003,2,0.0,0.0,0.0,0.0
confirmation-012,dg003,2,-0.039029535864978905,-0.02531645569620253,-0.010548523206751054,-0.022151898734177215
confirmation-013,dg003,2,0.0,0.0,0.0,0.0
confirmation-014,dg003,2,-0.024261603375527425,-0.012658227848101266,0.0,-0.012658227848101266
confirmation-015,dg003,2,0.0,0.0,0.0,0.0
confirmation-016,dg003,2,-0.03270042194092827,-0.0189873417721519,-0.017932489451476793,-0.0189873417721519
confirmation-017,dg006,2,1.0,-0.0010548523206751054,0.5,-0.006329113924050633
confirmation-018,dg006,2,0.4166666666666667,0.0,0.0,0.0
confirmation-019,dg006,2,0.8080168776371308,-0.0010548523206751054,0.4050632911392405,-0.0010548523206751054
confirmation-020,dg006,2,0.0,0.0,0.0,0.0
confirmation-021,dg006,2,0.0,0.0,0.0,0.0
confirmation-022,dg006,2,0.989451476793249,-0.013713080168776372,0.0,-0.015822784810126583
confirmation-023,dg006,2,0.0,0.0,0.0,0.0
confirmation-024,dg006,2,0.9746835443037974,-0.010548523206751054,0.0,-0.012658227848101266
confirmation-025,dg006,2,0.0,0.0,0.0,0.0
confirmation-026,dg006,2,0.4040084388185654,-0.005274261603375527,0.4166666666666667,0.0
confirmation-027,dg006,2,0.0,0.0,0.0,0.0
confirmation-028,dg006,2,0.9978902953586498,-0.004219409282700422,0.5833333333333334,-0.0010548523206751054
confirmation-029,dg006,2,0.0,0.0,0.0,0.0
confirmation-030,dg006,2,0.9873417721518988,-0.0031645569620253164,1.0,-0.004219409282700422
confirmation-031,dg006,2,0.0,0.0,0.0,0.0
confirmation-032,dg006,2,0.0,0.0,0.0,0.0
confirmation-033,dg007,2,1.0,0.6666666666666666,0.4166666666666667,0.0
confirmation-034,dg007,2,0.0,0.0,0.0,0.0
confirmation-035,dg007,2,0.25,0.0,0.0,0.0
confirmation-036,dg007,2,0.25,0.0,0.0,0.0
confirmation-037,dg007,2,0.5770042194092827,0.0,0.0,0.0
confirmation-038,dg007,2,0.0,0.0,0.0,0.0
confirmation-039,dg007,2,0.580168776371308,0.0,0.0,0.0
confirmation-040,dg007,2,0.4166666666666667,0.0,0.0,0.0
confirmation-041,dg007,2,0.9968354430379747,0.0,0.5770042194092827,0.0
confirmation-042,dg007,2,0.25,0.0,0.0,0.0
confirmation-043,dg007,2,0.25,0.0,0.0,0.0
confirmation-044,dg007,2,-0.006329113924050633,0.0,0.0,0.0
confirmation-045,dg007,2,1.0,-0.0010548523206751054,0.0,0.0
confirmation-046,dg007,2,0.0,0.0,0.0,0.0
confirmation-047,dg007,2,0.1550632911392405,0.0,0.0,0.0
confirmation-048,dg007,2,0.4936708860759494,0.0,0.0,0.0
confirmation-049,dg008,2,0.0,0.0,0.0,0.0
confirmation-050,dg008,2,0.0,-0.011603375527426161,0.0,-0.002109704641350211
confirmation-051,dg009,2,0.0,0.0,0.0,0.0
confirmation-052,dg009,2,0.0,-0.004219409282700422,0.0,-0.002109704641350211
confirmation-053,dg006,2,0.6656118143459915,0.0,0.08333333333333333,-0.0010548523206751054
confirmation-054,dg006,2,-0.012658227848101266,0.0,0.0,0.0
confirmation-055,dg010,2,0.0,0.0,0.0,0.0
confirmation-056,dg010,2,0.330168776371308,0.0,0.0,0.0
confirmation-057,dg010,2,1.0,0.0,1.0,0.0
confirmation-058,dg010,2,-0.002109704641350211,-0.011603375527426161,0.0,-0.013713080168776372
confirmation-059,dg006,2,0.6666666666666666,-0.0010548523206751054,0.0,0.0
confirmation-060,dg006,2,-0.012658227848101266,0.0,0.0,0.0
confirmation-061,dg010,2,-0.020042194092827006,-0.013713080168776372,0.0,-0.008438818565400843
confirmation-062,dg010,2,1.0,-0.007383966244725738,0.0,-0.007383966244725738
confirmation-063,dg006,2,0.0,0.0,0.0,0.0
confirmation-064,dg006,2,-0.011603375527426161,-0.008438818565400843,-0.010548523206751054,-0.0031645569620253164
confirmation-065,dg011,2,0.0,0.0,0.0,0.0
confirmation-066,dg011,2,-0.002109704641350211,0.0,0.0,0.0
confirmation-067,dg011,2,0.0,0.0,0.0,0.0
confirmation-068,dg011,2,0.07700421940928269,0.0,0.0,0.0
confirmation-069,dg012,2,0.5833333333333334,0.0,0.0,0.0
confirmation-070,dg012,2,0.5,0.0,0.0,0.0
confirmation-071,dg013,2,-0.006329113924050633,-0.014767932489451477,-0.002109704641350211,-0.017932489451476793
confirmation-072,dg013,2,0.0,0.0,0.08333333333333333,0.0
confirmation-073,dg014,2,0.08333333333333333,0.0,0.0,0.0
confirmation-074,dg014,2,0.0,0.0,0.0,0.0
confirmation-075,dg006,2,0.5833333333333334,0.0,0.25,0.0
confirmation-076,dg006,2,0.0,0.0,0.0,0.0
confirmation-077,dg013,2,-0.0010548523206751054,-0.017932489451476793,-0.002109704641350211,-0.0189873417721519
confirmation-078,dg013,2,0.5833333333333334,0.0,0.0,0.0
confirmation-079,dg015,2,0.4957805907172996,0.0,0.16666666666666666,0.0
confirmation-080,dg015,2,-0.002109704641350211,0.0,0.0,-0.011603375527426161
confirmation-081,dg016,2,0.0,0.0,0.0,-0.0010548523206751054
confirmation-082,dg016,2,0.0,-0.002109704641350211,0.0,-0.00949367088607595
confirmation-083,dg016,2,0.0,0.0,0.0,0.0
confirmation-084,dg016,2,0.0,0.0,0.0,0.0
confirmation-085,dg016,2,-0.0010548523206751054,0.0,0.0,0.0
confirmation-086,dg016,2,0.9968354430379747,0.48523206751054854,1.0,0.4873417721518987
confirmation-087,dg016,2,0.16666666666666666,0.0,0.0,0.0
confirmation-088,dg016,2,1.0,0.5812236286919832,1.0,0.49683544303797467
confirmation-089,dg017,2,0.7436708860759493,0.0,0.0,0.0
confirmation-090,dg017,2,0.9810126582278481,0.16666666666666666,0.8333333333333334,0.25
confirmation-091,dg018,2,1.0,0.0,0.08333333333333333,0.0
confirmation-092,dg018,2,1.0,0.0,1.0,0.0
confirmation-093,dg008,2,-0.012658227848101266,0.0,0.0,0.0
confirmation-094,dg008,2,0.8333333333333334,-0.0010548523206751054,0.0,-0.0010548523206751054
confirmation-095,dg016,2,0.8280590717299579,0.0,0.0,0.0
confirmation-096,dg016,2,1.0,1.0,1.0,1.0
confirmation-097,dg016,2,0.8217299578059072,0.0,0.0,0.0
confirmation-098,dg016,2,0.0,0.0,0.0,0.0
confirmation-099,dg016,2,0.9092827004219409,0.0,0.0,0.0
confirmation-100,dg016,2,0.9873417721518988,0.989451476793249,1.0,0.9862869198312236
confirmation-101,dg016,2,0.0,0.0,0.0,0.0
confirmation-102,dg016,2,0.5833333333333334,0.0,0.0,0.0
confirmation-103,dg016,2,0.0,0.0,0.0,0.0
confirmation-104,dg016,2,-0.007383966244725738,0.0,0.0,0.0
confirmation-105,dg016,2,0.3333333333333333,0.0,0.0,-0.002109704641350211
confirmation-106,dg016,2,0.0,0.0,0.0,0.0
confirmation-107,dg016,2,0.16666666666666666,0.0,0.16666666666666666,0.0
confirmation-108,dg016,2,0.5622362869198313,0.0,0.0,0.0
confirmation-109,dg019,2,-0.012658227848101266,0.0,0.0,0.0
confirmation-110,dg019,2,0.0,0.0,0.0,0.0
confirmation-111,dg016,2,0.0,0.0,0.0,0.0
confirmation-112,dg016,2,0.0,0.0,0.0,0.0
confirmation-113,dg013,2,0.0,0.0,0.0,0.0
confirmation-114,dg013,2,1.0,0.16666666666666666,1.0,-0.002109704641350211
confirmation-115,dg013,2,0.9989451476793249,0.9873417721518988,0.9166666666666666,0.8206751054852321
confirmation-116,dg013,2,0.16666666666666666,-0.007383966244725738,0.0,-0.004219409282700422
confirmation-117,dg002,2,-0.002109704641350211,-0.002109704641350211,0.0,-0.0031645569620253164
confirmation-118,dg002,2,1.0,0.0,0.0,0.0
confirmation-119,dg020,2,0.0,0.0,0.0,0.0
confirmation-120,dg020,2,-0.0031645569620253164,-0.007383966244725738,0.0,-0.00949367088607595
confirmation-121,dg021,2,1.0,1.0,1.0,1.0
confirmation-122,dg021,2,1.0,1.0,0.8333333333333334,1.0
confirmation-123,dg013,2,1.0,0.0,0.0,0.0
confirmation-124,dg013,2,0.0,0.0,0.0,0.0
confirmation-125,dg022,2,0.0,0.0,0.0,0.0
confirmation-126,dg022,2,-0.002109704641350211,0.0,0.0,0.0
confirmation-127,dg023,2,0.0,-0.014767932489451477,0.0,-0.012658227848101266
confirmation-128,dg023,2,1.0,-0.002109704641350211,0.0,-0.002109704641350211
confirmation-129,dg006,2,-0.0031645569620253164,0.0,0.0,0.0
confirmation-130,dg006,2,0.0,0.0,0.0,0.0
confirmation-131,dg006,2,0.0,0.0,0.0,0.0
confirmation-132,dg006,2,0.0,0.0,0.0,0.0
confirmation-133,dg006,2,0.0,0.0,0.0,0.0
confirmation-134,dg006,2,0.0,0.0,0.0,0.0
confirmation-135,dg006,2,0.0,0.0,0.0,0.0
confirmation-136,dg006,2,0.0,0.0,0.0,0.0
confirmation-137,dg006,2,0.0,0.0,0.0,0.0
confirmation-138,dg006,2,0.0,0.0,0.0,0.0
confirmation-139,dg006,2,0.0,0.0,0.0,0.0
confirmation-140,dg006,2,0.0,0.0,0.0,0.0
confirmation-141,dg006,2,0.0,0.0,0.0,0.0
confirmation-142,dg006,2,0.0,0.0,0.0,0.0
confirmation-143,dg006,2,0.0,0.0,0.0,0.0
confirmation-144,dg006,2,0.0,0.0,0.0,0.0
confirmation-145,dg006,2,0.0,0.0,0.0,0.0
confirmation-146,dg006,2,1.0,0.0,0.75,0.0
confirmation-147,dg024,2,0.5812236286919832,0.0,0.0,0.0
confirmation-148,dg024,2,0.9947257383966245,0.07067510548523206,0.5,0.23945147679324894
confirmation-149,dg024,2,0.6592827004219409,0.3333333333333333,0.0,0.08333333333333333
confirmation-150,dg024,2,0.5833333333333334,0.0,0.0,0.0
confirmation-151,dg025,2,0.0,0.0,0.08333333333333333,0.0
confirmation-152,dg025,2,0.0,0.0,0.0,0.0
confirmation-153,dg026,2,0.0,0.0,0.0,0.0
confirmation-154,dg026,2,0.25,0.0,0.0,0.0
confirmation-155,dg027,2,0.4166666666666667,0.0,0.16666666666666666,0.0
confirmation-156,dg027,2,0.08333333333333333,-0.010548523206751054,0.0,-0.007383966244725738
confirmation-157,dg028,2,0.8333333333333334,-0.002109704641350211,0.6613924050632911,0.16561181434599156
confirmation-158,dg028,2,0.5833333333333334,-0.0010548523206751054,0.49261603375527424,0.08333333333333333
confirmation-159,dg003,2,0.9947257383966245,-0.010548523206751054,0.5,-0.010548523206751054
confirmation-160,dg003,2,-0.010548523206751054,0.0,0.0,0.0
confirmation-001,dg001,3,0.0,0.0,0.0,0.0
confirmation-002,dg001,3,0.0,0.0,0.0,0.0
confirmation-003,dg002,3,0.9746835443037974,-0.006329113924050633,0.9092827004219409,-0.006329113924050633
confirmation-004,dg002,3,0.0,0.0,0.0,0.0
confirmation-005,dg003,3,0.9831223628691983,0.24578059071729957,0.9873417721518988,-0.0031645569620253164
confirmation-006,dg003,3,0.0,-0.0031645569620253164,-0.0010548523206751054,-0.004219409282700422
confirmation-007,dg004,3,0.0,0.0,0.0,0.0
confirmation-008,dg004,3,0.16244725738396623,0.0,0.0,0.0
confirmation-009,dg005,3,0.0,0.0,0.0,-0.002109704641350211
confirmation-010,dg005,3,-0.002109704641350211,0.0,0.0,0.0
confirmation-011,dg003,3,0.0,0.0,0.0,0.0
confirmation-012,dg003,3,-0.04746835443037975,-0.0031645569620253164,-0.008438818565400843,0.0
confirmation-013,dg003,3,0.0,0.0,0.0,0.0
confirmation-014,dg003,3,-0.0189873417721519,-0.004219409282700422,0.0,-0.002109704641350211
confirmation-015,dg003,3,0.0,0.0,0.0,0.0
confirmation-016,dg003,3,-0.05063291139240506,0.0,-0.011603375527426161,0.0
confirmation-017,dg006,3,1.0,0.0,0.8333333333333334,0.0
confirmation-018,dg006,3,0.4166666666666667,0.0,0.08333333333333333,0.0
confirmation-019,dg006,3,0.9852320675105485,0.0,0.4103375527426161,0.0
confirmation-020,dg006,3,0.9989451476793249,0.0,0.5,0.0
confirmation-021,dg006,3,0.0,0.0,0.0,0.0
confirmation-022,dg006,3,0.4873417721518987,0.0,-0.0010548523206751054,0.0
confirmation-023,dg006,3,0.5664556962025317,0.0,0.08122362869198312,0.0
confirmation-024,dg006,3,0.819620253164557,0.0,0.0,0.0
confirmation-025,dg006,3,1.0,0.0,0.0,0.0
confirmation-026,dg006,3,0.9166666666666666,0.0,1.0,0.0
confirmation-027,dg006,3,1.0,0.0,0.0,0.0
confirmation-028,dg006,3,1.0,0.0,1.0,0.0
confirmation-029,dg006,3,0.32172995780590713,0.0,0.0,0.0
confirmation-030,dg006,3,0.8913502109704641,0.0,0.08333333333333333,0.0
confirmation-031,dg006,3,0.0,0.0,0.0,0.0
confirmation-032,dg006,3,0.0,0.0,0.0,0.0
confirmation-033,dg007,3,1.0,0.0,0.0,0.0
confirmation-034,dg007,3,1.0,0.4166666666666667,0.4166666666666667,0.0
confirmation-035,dg007,3,0.5833333333333334,0.0,0.0,0.0
confirmation-036,dg007,3,0.08333333333333333,0.0,0.0,0.0
confirmation-037,dg007,3,0.5727848101265823,0.0,0.0,0.0
confirmation-038,dg007,3,0.9124472573839663,0.0,0.0,0.0
confirmation-039,dg007,3,0.5770042194092827,0.0,0.0,0.0
confirmation-040,dg007,3,0.16666666666666666,0.0,0.0,0.0
confirmation-041,dg007,3,0.5833333333333334,0.0,0.25,0.0
confirmation-042,dg007,3,0.9873417721518988,0.0,0.0,0.0
confirmation-043,dg007,3,0.75,0.0,0.0,0.0
confirmation-044,dg007,3,0.24261603375527427,0.0,0.0,0.0
confirmation-045,dg007,3,0.5833333333333334,0.0,0.0,0.0
confirmation-046,dg007,3,1.0,0.0,0.0,0.0
confirmation-047,dg007,3,-0.010548523206751054,0.0,0.0,0.0
confirmation-048,dg007,3,0.9873417721518988,0.0,0.5,0.0
confirmation-049,dg008,3,0.0,0.0,0.0,0.0
confirmation-050,dg008,3,0.0,-0.007383966244725738,0.0,-0.007383966244725738
confirmation-051,dg009,3,0.0,0.0,0.0,0.0
confirmation-052,dg009,3,0.0,0.0,0.0,0.0
confirmation-053,dg006,3,0.16666666666666666,-0.0010548523206751054,0.0,0.0
confirmation-054,dg006,3,0.2320675105485232,0.0,0.0,0.0
confirmation-055,dg010,3,0.0,0.0,0.0,0.0
confirmation-056,dg010,3,0.41350210970464135,0.0,0.0,0.0
confirmation-057,dg010,3,1.0,0.0,1.0,0.0
confirmation-058,dg010,3,-0.013713080168776372,-0.007383966244725738,0.0,-0.006329113924050633
confirmation-059,dg006,3,0.0,0.0,0.0,0.0
confirmation-060,dg006,3,0.6540084388185654,0.0,0.0,0.0
confirmation-061,dg010,3,-0.024261603375527425,-0.005274261603375527,0.0,-0.004219409282700422
confirmation-062,dg010,3,-0.007383966244725738,-0.002109704641350211,0.0,0.0
confirmation-063,dg006,3,0.0,0.0,0.0,0.0
confirmation-064,dg006,3,-0.011603375527426161,0.0,-0.012658227848101266,0.0
confirmation-065,dg011,3,0.0,0.0,0.0,0.0
confirmation-066,dg011,3,0.0,0.0,0.0,0.0
confirmation-067,dg011,3,0.0,0.0,0.0,0.0
confirmation-068,dg011,3,0.5833333333333334,0.0,0.0,0.0
confirmation-069,dg012,3,0.5833333333333334,0.0,0.0,0.0
confirmation-070,dg012,3,0.4145569620253165,0.0,0.0,0.0
confirmation-071,dg013,3,-0.006329113924050633,0.0,-0.002109704641350211,0.0
confirmation-072,dg013,3,0.0,0.0,0.0,0.0
confirmation-073,dg014,3,0.5833333333333334,0.0,0.0,0.0
confirmation-074,dg014,3,-0.006329113924050633,0.0,0.0,0.0
confirmation-075,dg006,3,0.5833333333333334,0.0,0.8333333333333334,0.0
confirmation-076,dg006,3,0.0,0.0,0.0,0.0
confirmation-077,dg013,3,-0.007383966244725738,0.0,-0.007383966244725738,0.0
confirmation-078,dg013,3,0.9166666666666666,0.0,0.0,0.0
confirmation-079,dg015,3,0.4156118143459916,0.0,0.0,0.0
confirmation-080,dg015,3,0.75,0.0,0.0,0.0
confirmation-081,dg016,3,0.0,0.0,0.0,0.0
confirmation-082,dg016,3,0.0,-0.005274261603375527,0.0,-0.007383966244725738
confirmation-083,dg016,3,0.0,0.0,0.0,0.0
confirmation-084,dg016,3,0.0,0.0,0.0,0.0
confirmation-085,dg016,3,0.0,0.0,0.0,0.0
confirmation-086,dg016,3,0.9989451476793249,0.16666666666666666,1.0,0.4166666666666667
confirmation-087,dg016,3,0.4166666666666667,0.0,0.0,0.0
confirmation-088,dg016,3,0.989451476793249,0.4166666666666667,1.0,0.5
confirmation-089,dg017,3,0.5833333333333334,0.0,0.0,0.0
confirmation-090,dg017,3,0.9989451476793249,0.0,0.0,0.0
confirmation-091,dg018,3,1.0,0.0,0.08333333333333333,0.0
confirmation-092,dg018,3,1.0,0.0,0.5833333333333334,0.0
confirmation-093,dg008,3,-0.014767932489451477,-0.002109704641350211,0.0,0.0
confirmation-094,dg008,3,1.0,-0.002109704641350211,0.08333333333333333,-0.0031645569620253164
confirmation-095,dg016,3,0.9166666666666666,0.0,0.0,0.0
confirmation-096,dg016,3,1.0,0.5833333333333334,1.0,0.5833333333333334
confirmation-097,dg016,3,0.9820675105485233,0.0,0.0,0.0
confirmation-098,dg016,3,0.0,0.0,0.0,0.0
confirmation-099,dg016,3,0.9978902953586498,0.0,0.0,0.0
confirmation-100,dg016,3,0.9873417721518988,0.4166666666666667,1.0,0.5
confirmation-101,dg016,3,0.0,0.0,0.0,0.0
confirmation-102,dg016,3,0.5833333333333334,0.0,0.0,0.0
confirmation-103,dg016,3,0.0,0.0,0.0,0.0
confirmation-104,dg016,3,-0.004219409282700422,0.0,0.0,0.0
confirmation-105,dg016,3,0.0,0.0,0.0,0.0
confirmation-106,dg016,3,0.0,0.0,0.0,0.0
confirmation-107,dg016,3,0.0,0.0,0.08333333333333333,0.0
confirmation-108,dg016,3,0.5685654008438819,0.0,0.0,0.0
confirmation-109,dg019,3,-0.005274261603375527,0.0,0.0,0.0
confirmation-110,dg019,3,-0.0031645569620253164,0.0,0.0,0.0
confirmation-111,dg016,3,0.0,0.0,0.0,0.0
confirmation-112,dg016,3,0.0,0.0,0.0,0.0
confirmation-113,dg013,3,0.0,0.0,0.0,0.0
confirmation-114,dg013,3,1.0,0.0,1.0,0.0
confirmation-115,dg013,3,0.9989451476793249,0.40717299578059074,0.75,0.40717299578059074
confirmation-116,dg013,3,0.25,-0.005274261603375527,0.5833333333333334,-0.006329113924050633
confirmation-117,dg002,3,0.0,0.0,0.0,-0.0010548523206751054
confirmation-118,dg002,3,1.0,-0.0010548523206751054,0.0,0.0
confirmation-119,dg020,3,0.0,0.0,0.0,0.0
confirmation-120,dg020,3,0.0,0.0,0.0,0.0
confirmation-121,dg021,3,1.0,1.0,1.0,1.0
confirmation-122,dg021,3,0.9166666666666666,1.0,0.0,1.0
confirmation-123,dg013,3,1.0,0.0,0.8333333333333334,0.0
confirmation-124,dg013,3,0.16666666666666666,0.0,0.0,0.0
confirmation-125,dg022,3,0.0,0.0,0.0,0.0
confirmation-126,dg022,3,-0.0031645569620253164,0.0,0.0,0.0
confirmation-127,dg023,3,0.0,-0.005274261603375527,0.0,-0.004219409282700422
confirmation-128,dg023,3,1.0,-0.002109704641350211,0.75,-0.002109704641350211
confirmation-129,dg006,3,0.0,0.0,0.0,0.0
confirmation-130,dg006,3,0.0,0.0,0.0,0.0
confirmation-131,dg006,3,0.0,0.0,0.0,0.0
confirmation-132,dg006,3,0.3333333333333333,0.0,0.08333333333333333,0.0
confirmation-133,dg006,3,0.0,0.0,0.0,0.0
confirmation-134,dg006,3,0.0,0.0,0.0,0.0
confirmation-135,dg006,3,0.0,0.0,0.0,0.0
confirmation-136,dg006,3,0.0,0.0,0.08333333333333333,0.0
confirmation-137,dg006,3,0.0,0.0,0.0,0.0
confirmation-138,dg006,3,0.0,0.0,0.0,0.0
confirmation-139,dg006,3,0.0,0.0,0.0,0.0
confirmation-140,dg006,3,0.0,0.0,0.0,0.0
confirmation-141,dg006,3,0.0,0.0,0.0,0.0
confirmation-142,dg006,3,0.0,0.0,0.0,0.0
confirmation-143,dg006,3,0.0,0.0,0.0,0.0
confirmation-144,dg006,3,0.0,0.0,0.0,0.0
confirmation-145,dg006,3,1.0,0.0,0.6666666666666666,0.0
confirmation-146,dg006,3,0.25,0.0,0.16561181434599156,0.0
confirmation-147,dg024,3,0.4156118143459916,0.0,0.0,0.0
confirmation-148,dg024,3,0.990506329113924,0.0,0.3333333333333333,0.0
confirmation-149,dg024,3,0.5770042194092827,0.0,0.0,0.0
confirmation-150,dg024,3,0.0,0.0,0.0,0.0
confirmation-151,dg025,3,1.0,0.0,0.08333333333333333,0.0
confirmation-152,dg025,3,0.6666666666666666,0.0,0.0,0.0
confirmation-153,dg026,3,0.0,0.0,0.0,0.0
confirmation-154,dg026,3,0.3333333333333333,0.0,0.0,0.0
confirmation-155,dg027,3,0.6635021097046413,0.0,0.9166666666666666,0.0
confirmation-156,dg027,3,0.4166666666666667,0.0,0.0,0.0
confirmation-157,dg028,3,1.0,0.0,0.9166666666666666,0.0
confirmation-158,dg028,3,0.8333333333333334,0.0,0.33122362869198313,0.0
confirmation-159,dg003,3,0.8280590717299579,0.0,0.0,0.0
confirmation-160,dg003,3,-0.015822784810126583,0.0,0.0,0.0
